Real,Imaginary
0,0
0.000904777,0
0.00180955,0
0.0027143,0
0.00361903,0
0.00452372,0
0.00542838,0
0.00633298,0
0.00723753,0
0.00814201,0
0.00904642,0
0.00995074,0
0.010855,0
0.0117591,0
0.0126631,0
0.0135671,0
0.0144708,0
0.0153745,0
0.016278,0
0.0171814,0
0.0180846,0
0.0189877,0
0.0198905,0
0.0207932,0
0.0216957,0
0.022598,0
0.0235001,0
0.024402,0
0.0253037,0
0.0262051,0
0.0271063,0
0.0280073,0
0.028908,0
0.0298084,0
0.0307086,0
0.0316085,0
0.0325081,0
0.0334074,0
0.0343064,0
0.0352051,0
0.0361034,0
0.0370015,0
0.0378992,0
0.0387965,0
0.0396935,0
0.0405902,0
0.0414864,0
0.0423823,0
0.0432778,0
0.044173,0
0.0450677,0
0.045962,0
0.0468559,0
0.0477493,0
0.0486424,0
0.0495349,0
0.0504271,0
0.0513187,0
0.05221,0
0.0531007,0
0.0539909,0
0.0548807,0
0.05577,0
0.0566587,0
0.0575469,0
0.0584347,0
0.0593218,0
0.0602085,0
0.0610946,0
0.0619801,0
0.0628651,0
0.0637495,0
0.0646333,0
0.0655166,0
0.0663992,0
0.0672812,0
0.0681626,0
0.0690435,0
0.0699236,0
0.0708032,0
0.0716821,0
0.0725603,0
0.0734379,0
0.0743148,0
0.0751911,0
0.0760666,0
0.0769415,0
0.0778156,0
0.0786891,0
0.0795618,0
0.0804339,0
0.0813051,0
0.0821757,0
0.0830455,0
0.0839145,0
0.0847828,0
0.0856503,0
0.086517,0
0.087383,0
0.0882481,0
0.0891125,0
0.089976,0
0.0908387,0
0.0917006,0
0.0925617,0
0.0934219,0
0.0942813,0
0.0951398,0
0.0959974,0
0.0968542,0
0.0977101,0
0.098565,0
0.0994192,0
0.100272,0
0.101125,0
0.101976,0
0.102826,0
0.103676,0
0.104525,0
0.105372,0
0.106219,0
0.107064,0
0.107909,0
0.108753,0
0.109596,0
0.110437,0
0.111278,0
0.112118,0
0.112957,0
0.113794,0
0.114631,0
0.115466,0
0.116301,0
0.117135,0
0.117967,0
0.118798,0
0.119629,0
0.120458,0
0.121286,0
0.122113,0
0.122939,0
0.123763,0
0.124587,0
0.12541,0
0.126231,0
0.127051,0
0.12787,0
0.128688,0
0.129505,0
0.13032,0
0.131135,0
0.131948,0
0.13276,0
0.133571,0
0.13438,0
0.135188,0
0.135996,0
0.136801,0
0.137606,0
0.138409,0
0.139211,0
0.140012,0
0.140812,0
0.14161,0
0.142407,0
0.143203,0
0.143997,0
0.14479,0
0.145582,0
0.146373,0
0.147162,0
0.147949,0
0.148736,0
0.149521,0
0.150305,0
0.151087,0
0.151868,0
0.152648,0
0.153426,0
0.154203,0
0.154978,0
0.155752,0
0.156525,0
0.157296,0
0.158065,0
0.158834,0
0.159601,0
0.160366,0
0.16113,0
0.161892,0
0.162653,0
0.163413,0
0.164171,0
0.164927,0
0.165682,0
0.166436,0
0.167188,0
0.167938,0
0.168687,0
0.169435,0
0.170181,0
0.170925,0
0.171668,0
0.172409,0
0.173149,0
0.173887,0
0.174623,0
0.175358,0
0.176092,0
0.176823,0
0.177553,0
0.178282,0
0.179009,0
0.179734,0
0.180458,0
0.181179,0
0.1819,0
0.182618,0
0.183335,0
0.184051,0
0.184764,0
0.185476,0
0.186187,0
0.186895,0
0.187602,0
0.188307,0
0.189011,0
0.189713,0
0.190413,0
0.191111,0
0.191808,0
0.192502,0
0.193195,0
0.193887,0
0.194576,0
0.195264,0
0.19595,0
0.196634,0
0.197317,0
0.197997,0
0.198676,0
0.199353,0
0.200028,0
0.200702,0
0.201373,0
0.202043,0
0.202711,0
0.203377,0
0.204041,0
0.204704,0
0.205364,0
0.206023,0
0.20668,0
0.207334,0
0.207987,0
0.208638,0
0.209288,0
0.209935,0
0.21058,0
0.211224,0
0.211865,0
0.212505,0
0.213143,0
0.213778,0
0.214412,0
0.215044,0
0.215674,0
0.216302,0
0.216928,0
0.217552,0
0.218174,0
0.218794,0
0.219412,0
0.220028,0
0.220642,0
0.221254,0
0.221864,0
0.222472,0
0.223078,0
0.223682,0
0.224284,0
0.224884,0
0.225482,0
0.226077,0
0.226671,0
0.227263,0
0.227852,0
0.22844,0
0.229025,0
0.229609,0
0.23019,0
0.230769,0
0.231346,0
0.231921,0
0.232494,0
0.233065,0
0.233633,0
0.2342,0
0.234764,0
0.235326,0
0.235887,0
0.236444,0
0.237,0
0.237554,0
0.238105,0
0.238655,0
0.239202,0
0.239747,0
0.24029,0
0.24083,0
0.241369,0
0.241905,0
0.242439,0
0.242971,0
0.2435,0
0.244028,0
0.244553,0
0.245076,0
0.245597,0
0.246115,0
0.246631,0
0.247145,0
0.247657,0
0.248167,0
0.248674,0
0.249179,0
0.249682,0
0.250182,0
0.25068,0
0.251176,0
0.25167,0
0.252161,0
0.25265,0
0.253137,0
0.253621,0
0.254103,0
0.254583,0
0.25506,0
0.255536,0
0.256009,0
0.256479,0
0.256947,0
0.257413,0
0.257877,0
0.258338,0
0.258796,0
0.259253,0
0.259707,0
0.260159,0
0.260608,0
0.261055,0
0.2615,0
0.261942,0
0.262382,0
0.262819,0
0.263254,0
0.263687,0
0.264117,0
0.264545,0
0.264971,0
0.265394,0
0.265814,0
0.266233,0
0.266649,0
0.267062,0
0.267473,0
0.267881,0
0.268288,0
0.268691,0
0.269092,0
0.269491,0
0.269887,0
0.270281,0
0.270673,0
0.271062,0
0.271448,0
0.271832,0
0.272214,0
0.272593,0
0.272969,0
0.273343,0
0.273715,0
0.274084,0
0.274451,0
0.274815,0
0.275176,0
0.275536,0
0.275892,0
0.276246,0
0.276598,0
0.276947,0
0.277294,0
0.277638,0
0.277979,0
0.278318,0
0.278655,0
0.278988,0
0.27932,0
0.279649,0
0.279975,0
0.280299,0
0.28062,0
0.280939,0
0.281255,0
0.281568,0
0.281879,0
0.282188,0
0.282493,0
0.282797,0
0.283097,0
0.283395,0
0.283691,0
0.283984,0
0.284274,0
0.284562,0
0.284847,0
0.28513,0
0.28541,0
0.285687,0
0.285962,0
0.286234,0
0.286504,0
0.286771,0
0.287036,0
0.287297,0
0.287557,0
0.287813,0
0.288067,0
0.288318,0
0.288567,0
0.288813,0
0.289057,0
0.289297,0
0.289536,0
0.289771,0
0.290004,0
0.290234,0
0.290462,0
0.290687,0
0.290909,0
0.291129,0
0.291346,0
0.291561,0
0.291772,0
0.291982,0
0.292188,0
0.292392,0
0.292593,0
0.292791,0
0.292987,0
0.29318,0
0.293371,0
0.293559,0
0.293744,0
0.293926,0
0.294106,0
0.294283,0
0.294458,0
0.29463,0
0.294799,0
0.294965,0
0.295129,0
0.29529,0
0.295448,0
0.295604,0
0.295757,0
0.295907,0
0.296055,0
0.2962,0
0.296342,0
0.296481,0
0.296618,0
0.296752,0
0.296884,0
0.297012,0
0.297138,0
0.297262,0
0.297382,0
0.2975,0
0.297615,0
0.297728,0
0.297838,0
0.297945,0
0.298049,0
0.298151,0
0.29825,0
0.298346,0
0.29844,0
0.29853,0
0.298618,0
0.298704,0
0.298786,0
0.298866,0
0.298944,0
0.299018,0
0.29909,0
0.299159,0
0.299225,0
0.299289,0
0.29935,0
0.299408,0
0.299463,0
0.299516,0
0.299566,0
0.299613,0
0.299658,0
0.2997,0
0.299739,0
0.299775,0
0.299809,0
0.29984,0
0.299868,0
0.299894,0
0.299916,0
0.299936,0
0.299954,0
0.299968,0
0.29998,0
0.299989,0
0.299995,0
0.299999,0
0.3,0
0.299998,0
0.299994,0
0.299986,0
0.299976,0
0.299964,0
0.299948,0
0.29993,0
0.299909,0
0.299885,0
0.299859,0
0.29983,0
0.299798,0
0.299764,0
0.299726,0
0.299686,0
0.299643,0
0.299598,0
0.29955,0
0.299499,0
0.299445,0
0.299389,0
0.29933,0
0.299268,0
0.299204,0
0.299136,0
0.299066,0
0.298994,0
0.298918,0
0.29884,0
0.298759,0
0.298676,0
0.298589,0
0.2985,0
0.298409,0
0.298314,0
0.298217,0
0.298117,0
0.298015,0
0.297909,0
0.297801,0
0.297691,0
0.297577,0
0.297461,0
0.297342,0
0.297221,0
0.297097,0
0.29697,0
0.29684,0
0.296708,0
0.296573,0
0.296435,0
0.296295,0
0.296152,0
0.296006,0
0.295857,0
0.295706,0
0.295552,0
0.295396,0
0.295236,0
0.295074,0
0.29491,0
0.294743,0
0.294573,0
0.2944,0
0.294225,0
0.294047,0
0.293866,0
0.293682,0
0.293496,0
0.293308,0
0.293116,0
0.292922,0
0.292726,0
0.292526,0
0.292324,0
0.29212,0
0.291912,0
0.291702,0
0.29149,0
0.291274,0
0.291056,0
0.290836,0
0.290612,0
0.290387,0
0.290158,0
0.289927,0
0.289693,0
0.289457,0
0.289218,0
0.288976,0
0.288731,0
0.288485,0
0.288235,0
0.287983,0
0.287728,0
0.28747,0
0.28721,0
0.286948,0
0.286682,0
0.286415,0
0.286144,0
0.285871,0
0.285595,0
0.285317,0
0.285036,0
0.284753,0
0.284467,0
0.284178,0
0.283887,0
0.283593,0
0.283296,0
0.282997,0
0.282696,0
0.282392,0
0.282085,0
0.281776,0
0.281464,0
0.28115,0
0.280833,0
0.280513,0
0.280191,0
0.279866,0
0.279539,0
0.27921,0
0.278877,0
0.278543,0
0.278205,0
0.277866,0
0.277523,0
0.277178,0
0.276831,0
0.276481,0
0.276129,0
0.275774,0
0.275416,0
0.275056,0
0.274694,0
0.274329,0
0.273961,0
0.273591,0
0.273219,0
0.272844,0
0.272467,0
0.272087,0
0.271704,0
0.27132,0
0.270932,0
0.270543,0
0.27015,0
0.269756,0
0.269359,0
0.268959,0
0.268557,0
0.268152,0
0.267746,0
0.267336,0
0.266924,0
0.26651,0
0.266094,0
0.265675,0
0.265253,0
0.264829,0
0.264403,0
0.263974,0
0.263543,0
0.26311,0
0.262674,0
0.262236,0
0.261795,0
0.261352,0
0.260906,0
0.260459,0
0.260008,0
0.259556,0
0.259101,0
0.258644,0
0.258184,0
0.257722,0
0.257258,0
0.256791,0
0.256322,0
0.255851,0
0.255378,0
0.254902,0
0.254423,0
0.253943,0
0.25346,0
0.252975,0
0.252487,0
0.251997,0
0.251505,0
0.251011,0
0.250514,0
0.250015,0
0.249514,0
0.249011,0
0.248505,0
0.247997,0
0.247487,0
0.246974,0
0.246459,0
0.245942,0
0.245423,0
0.244902,0
0.244378,0
0.243852,0
0.243324,0
0.242794,0
0.242261,0
0.241726,0
0.241189,0
0.24065,0
0.240109,0
0.239565,0
0.23902,0
0.238472,0
0.237922,0
0.23737,0
0.236815,0
0.236259,0
0.2357,0
0.235139,0
0.234576,0
0.234011,0
0.233444,0
0.232875,0
0.232303,0
0.23173,0
0.231154,0
0.230576,0
0.229996,0
0.229414,0
0.22883,0
0.228244,0
0.227656,0
0.227066,0
0.226473,0
0.225879,0
0.225282,0
0.224684,0
0.224083,0
0.223481,0
0.222876,0
0.22227,0
0.221661,0
0.22105,0
0.220437,0
0.219823,0
0.219206,0
0.218587,0
0.217967,0
0.217344,0
0.216719,0
0.216093,0
0.215464,0
0.214834,0
0.214201,0
0.213567,0
0.21293,0
0.212292,0
0.211652,0
0.211009,0
0.210365,0
0.209719,0
0.209071,0
0.208422,0
0.20777,0
0.207116,0
0.206461,0
0.205803,0
0.205144,0
0.204483,0
0.20382,0
0.203155,0
0.202489,0
0.20182,0
0.20115,0
0.200478,0
0.199804,0
0.199128,0
0.19845,0
0.197771,0
0.197089,0
0.196406,0
0.195722,0
0.195035,0
0.194347,0
0.193657,0
0.192965,0
0.192271,0
0.191576,0
0.190878,0
0.19018,0
0.189479,0
0.188777,0
0.188073,0
0.187367,0
0.186659,0
0.18595,0
0.185239,0
0.184527,0
0.183813,0
0.183097,0
0.182379,0
0.18166,0
0.180939,0
0.180217,0
0.179492,0
0.178767,0
0.178039,0
0.17731,0
0.176579,0
0.175847,0
0.175113,0
0.174378,0
0.173641,0
0.172902,0
0.172162,0
0.17142,0
0.170677,0
0.169932,0
0.169186,0
0.168438,0
0.167688,0
0.166937,0
0.166185,0
0.165431,0
0.164675,0
0.163918,0
0.16316,0
0.1624,0
0.161638,0
0.160875,0
0.160111,0
0.159345,0
0.158578,0
0.157809,0
0.157039,0
0.156267,0
0.155494,0
0.15472,0
0.153944,0
0.153167,0
0.152388,0
0.151608,0
0.150826,0
0.150044,0
0.149259,0
0.148474,0
0.147687,0
0.146899,0
0.146109,0
0.145318,0
0.144526,0
0.143733,0
0.142938,0
0.142142,0
0.141344,0
0.140546,0
0.139746,0
0.138944,0
0.138142,0
0.137338,0
0.136533,0
0.135727,0
0.134919,0
0.13411,0
0.133301,0
0.132489,0
0.131677,0
0.130863,0
0.130049,0
0.129233,0
0.128416,0
0.127597,0
0.126778,0
0.125957,0
0.125136,0
0.124313,0
0.123489,0
0.122664,0
0.121837,0
0.12101,0
0.120181,0
0.119352,0
0.118521,0
0.11769,0
0.116857,0
0.116023,0
0.115188,0
0.114352,0
0.113515,0
0.112677,0
0.111838,0
0.110998,0
0.110157,0
0.109315,0
0.108472,0
0.107628,0
0.106783,0
0.105937,0
0.10509,0
0.104242,0
0.103393,0
0.102543,0
0.101692,0
0.100841,0
0.0999881,0
0.0991346,0
0.0982802,0
0.0974249,0
0.0965687,0
0.0957116,0
0.0948537,0
0.0939949,0
0.0931352,0
0.0922748,0
0.0914134,0
0.0905513,0
0.0896883,0
0.0888244,0
0.0879598,0
0.0870944,0
0.0862282,0
0.0853612,0
0.0844935,0
0.0836249,0
0.0827557,0
0.0818856,0
0.0810148,0
0.0801432,0
0.079271,0
0.078398,0
0.0775243,0
0.0766499,0
0.0757749,0
0.0748991,0
0.0740225,0
0.0731454,0
0.0722676,0
0.0713892,0
0.0705101,0
0.0696303,0
0.0687499,0
0.0678689,0
0.0669873,0
0.066105,0
0.0652222,0
0.0643388,0
0.0634548,0
0.0625702,0
0.061685,0
0.0607993,0
0.059913,0
0.0590262,0
0.0581388,0
0.0572509,0
0.0563625,0
0.0554736,0
0.0545842,0
0.0536943,0
0.0528039,0
0.051913,0
0.0510215,0
0.0501297,0
0.0492374,0
0.0483447,0
0.0474516,0
0.046558,0
0.0456639,0
0.0447695,0
0.0438747,0
0.0429794,0
0.0420837,0
0.0411877,0
0.0402913,0
0.0393946,0
0.0384975,0
0.0376,0
0.0367022,0
0.035804,0
0.0349055,0
0.0340067,0
0.0331076,0
0.0322082,0
0.0313086,0
0.0304086,0
0.0295083,0
0.0286078,0
0.027707,0
0.0268059,0
0.0259047,0
0.0250032,0
0.0241014,0
0.0231995,0
0.0222973,0
0.0213949,0
0.0204924,0
0.0195896,0
0.0186866,0
0.0177835,0
0.0168803,0
0.0159769,0
0.0150733,0
0.0141696,0
0.0132658,0
0.0123618,0
0.0114577,0
0.0105536,0
0.0096493,0
0.00874496,0
0.00784053,0
0.00693604,0
0.00603148,0
0.00512687,0
0.00422213,0
0.00331743,0
0.0024127,0
0.00150795,0
0.000603189,0
-0.00030158,0
-0.00120635,0
-0.0021111,0
-0.00301592,0
-0.00392063,0
-0.0048253,0
-0.00572993,0
-0.0066345,0
-0.00753902,0
-0.00844347,0
-0.00934784,0
-0.0102521,0
-0.0111564,0
-0.0120605,0
-0.0129645,0
-0.0138683,0
-0.0147721,0
-0.0156757,0
-0.0165791,0
-0.0174824,0
-0.0183856,0
-0.0192887,0
-0.0201915,0
-0.0210941,0
-0.0219965,0
-0.0228988,0
-0.0238008,0
-0.0247026,0
-0.0256042,0
-0.0265056,0
-0.0274067,0
-0.0283076,0
-0.0292082,0
-0.0301085,0
-0.0310086,0
-0.0319084,0
-0.0328078,0
-0.033707,0
-0.034606,0
-0.0355046,0
-0.0364028,0
-0.0373007,0
-0.0381983,0
-0.0390956,0
-0.0399924,0
-0.0408889,0
-0.0417852,0
-0.0426809,0
-0.0435763,0
-0.0444713,0
-0.0453658,0
-0.04626,0
-0.0471537,0
-0.048047,0
-0.0489399,0
-0.0498324,0
-0.0507244,0
-0.0516159,0
-0.0525069,0
-0.0533975,0
-0.0542876,0
-0.0551772,0
-0.0560662,0
-0.0569548,0
-0.0578429,0
-0.0587305,0
-0.0596175,0
-0.0605039,0
-0.0613898,0
-0.0622752,0
-0.0631599,0
-0.0640441,0
-0.0649278,0
-0.0658109,0
-0.0666933,0
-0.0675751,0
-0.0684563,0
-0.0693369,0
-0.0702169,0
-0.0710962,0
-0.0719749,0
-0.0728529,0
-0.0737303,0
-0.074607,0
-0.075483,0
-0.0763583,0
-0.0772329,0
-0.0781069,0
-0.0789801,0
-0.0798526,0
-0.0807244,0
-0.0815954,0
-0.0824657,0
-0.0833353,0
-0.084204,0
-0.085072,0
-0.0859393,0
-0.0868057,0
-0.0876715,0
-0.0885364,0
-0.0894004,0
-0.0902637,0
-0.0911261,0
-0.0919877,0
-0.0928485,0
-0.0937084,0
-0.0945675,0
-0.0954258,0
-0.0962831,0
-0.0971396,0
-0.0979952,0
-0.0988498,0
-0.0997036,0
-0.100557,0
-0.101408,0
-0.10226,0
-0.10311,0
-0.103959,0
-0.104807,0
-0.105654,0
-0.106501,0
-0.107346,0
-0.10819,0
-0.109034,0
-0.109876,0
-0.110718,0
-0.111558,0
-0.112398,0
-0.113236,0
-0.114073,0
-0.114909,0
-0.115745,0
-0.116579,0
-0.117412,0
-0.118244,0
-0.119075,0
-0.119905,0
-0.120734,0
-0.121562,0
-0.122388,0
-0.123214,0
-0.124038,0
-0.124861,0
-0.125684,0
-0.126504,0
-0.127324,0
-0.128143,0
-0.12896,0
-0.129777,0
-0.130592,0
-0.131406,0
-0.132219,0
-0.13303,0
-0.133841,0
-0.13465,0
-0.135458,0
-0.136264,0
-0.13707,0
-0.137874,0
-0.138677,0
-0.139479,0
-0.140279,0
-0.141078,0
-0.141876,0
-0.142673,0
-0.143468,0
-0.144262,0
-0.145054,0
-0.145846,0
-0.146636,0
-0.147424,0
-0.148212,0
-0.148998,0
-0.149782,0
-0.150566,0
-0.151347,0
-0.152128,0
-0.152907,0
-0.153685,0
-0.154461,0
-0.155236,0
-0.15601,0
-0.156782,0
-0.157552,0
-0.158322,0
-0.159089,0
-0.159856,0
-0.160621,0
-0.161384,0
-0.162146,0
-0.162907,0
-0.163666,0
-0.164423,0
-0.165179,0
-0.165934,0
-0.166687,0
-0.167438,0
-0.168188,0
-0.168937,0
-0.169684,0
-0.170429,0
-0.171173,0
-0.171915,0
-0.172656,0
-0.173395,0
-0.174132,0
-0.174868,0
-0.175603,0
-0.176336,0
-0.177067,0
-0.177796,0
-0.178524,0
-0.179251,0
-0.179975,0
-0.180698,0
-0.18142,0
-0.18214,0
-0.182858,0
-0.183574,0
-0.184289,0
-0.185002,0
-0.185713,0
-0.186423,0
-0.187131,0
-0.187837,0
-0.188542,0
-0.189245,0
-0.189946,0
-0.190646,0
-0.191343,0
-0.192039,0
-0.192734,0
-0.193426,0
-0.194117,0
-0.194806,0
-0.195493,0
-0.196178,0
-0.196862,0
-0.197544,0
-0.198224,0
-0.198902,0
-0.199578,0
-0.200253,0
-0.200926,0
-0.201597,0
-0.202266,0
-0.202933,0
-0.203599,0
-0.204262,0
-0.204924,0
-0.205584,0
-0.206242,0
-0.206898,0
-0.207552,0
-0.208205,0
-0.208855,0
-0.209504,0
-0.21015,0
-0.210795,0
-0.211438,0
-0.212079,0
-0.212718,0
-0.213355,0
-0.21399,0
-0.214623,0
-0.215254,0
-0.215883,0
-0.216511,0
-0.217136,0
-0.217759,0
-0.218381,0
-0.219,0
-0.219617,0
-0.220233,0
-0.220846,0
-0.221457,0
-0.222067,0
-0.222674,0
-0.223279,0
-0.223883,0
-0.224484,0
-0.225083,0
-0.22568,0
-0.226275,0
-0.226868,0
-0.227459,0
-0.228048,0
-0.228635,0
-0.22922,0
-0.229803,0
-0.230383,0
-0.230962,0
-0.231538,0
-0.232112,0
-0.232684,0
-0.233254,0
-0.233822,0
-0.234388,0
-0.234952,0
-0.235513,0
-0.236073,0
-0.23663,0
-0.237185,0
-0.237738,0
-0.238289,0
-0.238837,0
-0.239384,0
-0.239928,0
-0.24047,0
-0.24101,0
-0.241548,0
-0.242083,0
-0.242616,0
-0.243148,0
-0.243676,0
-0.244203,0
-0.244727,0
-0.24525,0
-0.24577,0
-0.246287,0
-0.246803,0
-0.247316,0
-0.247827,0
-0.248336,0
-0.248842,0
-0.249347,0
-0.249849,0
-0.250348,0
-0.250846,0
-0.251341,0
-0.251834,0
-0.252324,0
-0.252812,0
-0.253298,0
-0.253782,0
-0.254263,0
-0.254742,0
-0.255219,0
-0.255693,0
-0.256166,0
-0.256635,0
-0.257103,0
-0.257568,0
-0.258031,0
-0.258491,0
-0.258949,0
-0.259405,0
-0.259858,0
-0.260309,0
-0.260757,0
-0.261204,0
-0.261647,0
-0.262089,0
-0.262528,0
-0.262965,0
-0.263399,0
-0.263831,0
-0.26426,0
-0.264687,0
-0.265112,0
-0.265534,0
-0.265954,0
-0.266372,0
-0.266787,0
-0.267199,0
-0.267609,0
-0.268017,0
-0.268422,0
-0.268825,0
-0.269226,0
-0.269624,0
-0.270019,0
-0.270412,0
-0.270803,0
-0.271191,0
-0.271576,0
-0.27196,0
-0.27234,0
-0.272719,0
-0.273094,0
-0.273468,0
-0.273838,0
-0.274207,0
-0.274572,0
-0.274936,0
-0.275296,0
-0.275655,0
-0.276011,0
-0.276364,0
-0.276715,0
-0.277063,0
-0.277409,0
-0.277752,0
-0.278092,0
-0.27843,0
-0.278766,0
-0.279099,0
-0.27943,0
-0.279758,0
-0.280083,0
-0.280406,0
-0.280726,0
-0.281044,0
-0.281359,0
-0.281672,0
-0.281982,0
-0.28229,0
-0.282595,0
-0.282897,0
-0.283197,0
-0.283494,0
-0.283789,0
-0.284081,0
-0.284371,0
-0.284658,0
-0.284942,0
-0.285224,0
-0.285503,0
-0.285779,0
-0.286053,0
-0.286325,0
-0.286593,0
-0.28686,0
-0.287123,0
-0.287384,0
-0.287642,0
-0.287898,0
-0.288151,0
-0.288402,0
-0.288649,0
-0.288895,0
-0.289137,0
-0.289377,0
-0.289615,0
-0.289849,0
-0.290081,0
-0.290311,0
-0.290537,0
-0.290762,0
-0.290983,0
-0.291202,0
-0.291418,0
-0.291632,0
-0.291842,0
-0.292051,0
-0.292256,0
-0.292459,0
-0.292659,0
-0.292857,0
-0.293052,0
-0.293244,0
-0.293434,0
-0.293621,0
-0.293805,0
-0.293987,0
-0.294166,0
-0.294342,0
-0.294515,0
-0.294686,0
-0.294854,0
-0.29502,0
-0.295183,0
-0.295343,0
-0.2955,0
-0.295655,0
-0.295807,0
-0.295957,0
-0.296103,0
-0.296247,0
-0.296389,0
-0.296527,0
-0.296663,0
-0.296796,0
-0.296927,0
-0.297055,0
-0.29718,0
-0.297302,0
-0.297422,0
-0.297539,0
-0.297653,0
-0.297765,0
-0.297874,0
-0.29798,0
-0.298083,0
-0.298184,0
-0.298282,0
-0.298378,0
-0.29847,0
-0.29856,0
-0.298647,0
-0.298732,0
-0.298813,0
-0.298892,0
-0.298969,0
-0.299042,0
-0.299113,0
-0.299181,0
-0.299247,0
-0.29931,0
-0.29937,0
-0.299427,0
-0.299481,0
-0.299533,0
-0.299582,0
-0.299629,0
-0.299672,0
-0.299713,0
-0.299751,0
-0.299787,0
-0.29982,0
-0.29985,0
-0.299877,0
-0.299901,0
-0.299923,0
-0.299942,0
-0.299959,0
-0.299972,0
-0.299983,0
-0.299991,0
-0.299997,0
-0.3,0
-0.3,0
-0.299997,0
-0.299991,0
-0.299983,0
-0.299972,0
-0.299959,0
-0.299942,0
-0.299923,0
-0.299901,0
-0.299877,0
-0.29985,0
-0.29982,0
-0.299787,0
-0.299751,0
-0.299713,0
-0.299672,0
-0.299629,0
-0.299582,0
-0.299533,0
-0.299481,0
-0.299427,0
-0.29937,0
-0.29931,0
-0.299247,0
-0.299181,0
-0.299113,0
-0.299042,0
-0.298969,0
-0.298892,0
-0.298813,0
-0.298732,0
-0.298647,0
-0.29856,0
-0.29847,0
-0.298378,0
-0.298282,0
-0.298184,0
-0.298083,0
-0.29798,0
-0.297874,0
-0.297765,0
-0.297653,0
-0.297539,0
-0.297422,0
-0.297302,0
-0.29718,0
-0.297055,0
-0.296927,0
-0.296796,0
-0.296663,0
-0.296527,0
-0.296389,0
-0.296247,0
-0.296103,0
-0.295957,0
-0.295807,0
-0.295655,0
-0.2955,0
-0.295343,0
-0.295183,0
-0.29502,0
-0.294854,0
-0.294686,0
-0.294515,0
-0.294342,0
-0.294165,0
-0.293987,0
-0.293805,0
-0.293621,0
-0.293434,0
-0.293244,0
-0.293052,0
-0.292857,0
-0.292659,0
-0.292459,0
-0.292256,0
-0.292051,0
-0.291842,0
-0.291632,0
-0.291418,0
-0.291202,0
-0.290983,0
-0.290762,0
-0.290537,0
-0.290311,0
-0.290081,0
-0.289849,0
-0.289614,0
-0.289377,0
-0.289137,0
-0.288895,0
-0.288649,0
-0.288402,0
-0.288151,0
-0.287898,0
-0.287642,0
-0.287384,0
-0.287123,0
-0.28686,0
-0.286593,0
-0.286325,0
-0.286053,0
-0.285779,0
-0.285503,0
-0.285224,0
-0.284942,0
-0.284658,0
-0.284371,0
-0.284081,0
-0.283789,0
-0.283494,0
-0.283197,0
-0.282897,0
-0.282595,0
-0.28229,0
-0.281982,0
-0.281672,0
-0.281359,0
-0.281044,0
-0.280726,0
-0.280406,0
-0.280083,0
-0.279758,0
-0.27943,0
-0.279099,0
-0.278766,0
-0.27843,0
-0.278092,0
-0.277752,0
-0.277409,0
-0.277063,0
-0.276715,0
-0.276364,0
-0.27601,0
-0.275655,0
-0.275296,0
-0.274936,0
-0.274572,0
-0.274207,0
-0.273838,0
-0.273467,0
-0.273094,0
-0.272718,0
-0.27234,0
-0.27196,0
-0.271576,0
-0.271191,0
-0.270803,0
-0.270412,0
-0.270019,0
-0.269624,0
-0.269226,0
-0.268825,0
-0.268422,0
-0.268017,0
-0.267609,0
-0.267199,0
-0.266787,0
-0.266372,0
-0.265954,0
-0.265534,0
-0.265112,0
-0.264687,0
-0.26426,0
-0.263831,0
-0.263399,0
-0.262965,0
-0.262528,0
-0.262089,0
-0.261647,0
-0.261204,0
-0.260757,0
-0.260309,0
-0.259858,0
-0.259405,0
-0.258949,0
-0.258491,0
-0.258031,0
-0.257568,0
-0.257103,0
-0.256635,0
-0.256166,0
-0.255694,0
-0.255219,0
-0.254742,0
-0.254263,0
-0.253782,0
-0.253298,0
-0.252812,0
-0.252324,0
-0.251834,0
-0.251341,0
-0.250846,0
-0.250348,0
-0.249849,0
-0.249347,0
-0.248842,0
-0.248336,0
-0.247827,0
-0.247316,0
-0.246803,0
-0.246287,0
-0.24577,0
-0.24525,0
-0.244727,0
-0.244203,0
-0.243676,0
-0.243148,0
-0.242616,0
-0.242083,0
-0.241548,0
-0.24101,0
-0.24047,0
-0.239928,0
-0.239384,0
-0.238837,0
-0.238289,0
-0.237738,0
-0.237185,0
-0.23663,0
-0.236073,0
-0.235513,0
-0.234952,0
-0.234388,0
-0.233822,0
-0.233254,0
-0.232684,0
-0.232112,0
-0.231538,0
-0.230962,0
-0.230383,0
-0.229803,0
-0.22922,0
-0.228635,0
-0.228048,0
-0.227459,0
-0.226868,0
-0.226275,0
-0.22568,0
-0.225083,0
-0.224484,0
-0.223883,0
-0.22328,0
-0.222674,0
-0.222067,0
-0.221458,0
-0.220846,0
-0.220233,0
-0.219617,0
-0.219,0
-0.218381,0
-0.217759,0
-0.217136,0
-0.216511,0
-0.215883,0
-0.215254,0
-0.214623,0
-0.21399,0
-0.213355,0
-0.212718,0
-0.212079,0
-0.211438,0
-0.210795,0
-0.21015,0
-0.209504,0
-0.208855,0
-0.208205,0
-0.207552,0
-0.206898,0
-0.206242,0
-0.205584,0
-0.204924,0
-0.204262,0
-0.203599,0
-0.202933,0
-0.202266,0
-0.201597,0
-0.200926,0
-0.200253,0
-0.199579,0
-0.198902,0
-0.198224,0
-0.197544,0
-0.196862,0
-0.196178,0
-0.195493,0
-0.194806,0
-0.194117,0
-0.193426,0
-0.192734,0
-0.192039,0
-0.191343,0
-0.190646,0
-0.189946,0
-0.189245,0
-0.188542,0
-0.187837,0
-0.187131,0
-0.186423,0
-0.185713,0
-0.185002,0
-0.184289,0
-0.183574,0
-0.182858,0
-0.18214,0
-0.18142,0
-0.180698,0
-0.179975,0
-0.179251,0
-0.178524,0
-0.177796,0
-0.177067,0
-0.176336,0
-0.175603,0
-0.174868,0
-0.174132,0
-0.173395,0
-0.172656,0
-0.171915,0
-0.171173,0
-0.170429,0
-0.169684,0
-0.168937,0
-0.168188,0
-0.167438,0
-0.166687,0
-0.165934,0
-0.165179,0
-0.164423,0
-0.163666,0
-0.162907,0
-0.162146,0
-0.161384,0
-0.160621,0
-0.159856,0
-0.159089,0
-0.158322,0
-0.157552,0
-0.156782,0
-0.15601,0
-0.155236,0
-0.154461,0
-0.153685,0
-0.152907,0
-0.152128,0
-0.151347,0
-0.150566,0
-0.149782,0
-0.148998,0
-0.148212,0
-0.147424,0
-0.146636,0
-0.145846,0
-0.145054,0
-0.144262,0
-0.143468,0
-0.142673,0
-0.141876,0
-0.141078,0
-0.140279,0
-0.139479,0
-0.138677,0
-0.137874,0
-0.13707,0
-0.136264,0
-0.135458,0
-0.13465,0
-0.133841,0
-0.13303,0
-0.132219,0
-0.131406,0
-0.130592,0
-0.129777,0
-0.12896,0
-0.128143,0
-0.127324,0
-0.126505,0
-0.125683,0
-0.124861,0
-0.124038,0
-0.123214,0
-0.122388,0
-0.121562,0
-0.120734,0
-0.119905,0
-0.119075,0
-0.118244,0
-0.117412,0
-0.116579,0
-0.115745,0
-0.11491,0
-0.114073,0
-0.113236,0
-0.112397,0
-0.111558,0
-0.110718,0
-0.109876,0
-0.109034,0
-0.10819,0
-0.107346,0
-0.106501,0
-0.105654,0
-0.104807,0
-0.103959,0
-0.10311,0
-0.10226,0
-0.101409,0
-0.100556,0
-0.0997037,0
-0.0988498,0
-0.0979952,0
-0.0971395,0
-0.0962831,0
-0.0954257,0
-0.0945676,0
-0.0937084,0
-0.0928484,0
-0.0919878,0
-0.0911261,0
-0.0902637,0
-0.0894004,0
-0.0885364,0
-0.0876714,0
-0.0868059,0
-0.0859393,0
-0.085072,0
-0.0842041,0
-0.0833352,0
-0.0824657,0
-0.0815954,0
-0.0807244,0
-0.0798526,0
-0.0789802,0
-0.0781069,0
-0.0772329,0
-0.0763583,0
-0.0754829,0
-0.074607,0
-0.0737303,0
-0.072853,0
-0.0719749,0
-0.0710961,0
-0.0702169,0
-0.0693369,0
-0.0684564,0
-0.0675751,0
-0.0666933,0
-0.0658108,0
-0.0649279,0
-0.0640442,0
-0.0631599,0
-0.0622752,0
-0.0613898,0
-0.0605039,0
-0.0596174,0
-0.0587305,0
-0.0578429,0
-0.0569549,0
-0.0560663,0
-0.0551771,0
-0.0542876,0
-0.0533974,0
-0.052507,0
-0.0516158,0
-0.0507244,0
-0.0498324,0
-0.04894,0
-0.0480471,0
-0.0471537,0
-0.04626,0
-0.0453658,0
-0.0444713,0
-0.0435762,0
-0.0426809,0
-0.0417851,0
-0.040889,0
-0.0399925,0
-0.0390955,0
-0.0381984,0
-0.0373007,0
-0.0364029,0
-0.0355045,0
-0.034606,0
-0.0337071,0
-0.0328078,0
-0.0319084,0
-0.0310085,0
-0.0301085,0
-0.0292081,0
-0.0283076,0
-0.0274067,0
-0.0265056,0
-0.0256042,0
-0.0247025,0
-0.0238008,0
-0.0228987,0
-0.0219966,0
-0.021094,0
-0.0201915,0
-0.0192886,0
-0.0183857,0
-0.0174825,0
-0.0165791,0
-0.0156757,0
-0.014772,0
-0.0138684,0
-0.0129644,0
-0.0120605,0
-0.0111563,0
-0.0102522,0
-0.00934787,0
-0.00844342,0
-0.00753905,0
-0.00663445,0
-0.00572996,0
-0.00482525,0
-0.00392066,0
-0.00301587,0
-0.00211121,0
-0.00120638,0
-0.000301528,0
0.000603159,0
0.001508,0
0.00241267,0
0.00331748,0
0.0042221,0
0.00512684,0
0.00603153,0
0.00693601,0
0.00784058,0
0.00874493,0
0.00964935,0
0.0105535,0
0.0114578,0
0.0123617,0
0.0132658,0
0.0141697,0
0.0150733,0
0.0159769,0
0.0168802,0
0.0177836,0
0.0186866,0
0.0195896,0
0.0204923,0
0.0213949,0
0.0222974,0
0.0231995,0
0.0241015,0
0.0250031,0
0.0259047,0
0.0268059,0
0.027707,0
0.0286077,0
0.0295083,0
0.0304086,0
0.0313085,0
0.0322083,0
0.0331076,0
0.0340068,0
0.0349055,0
0.035804,0
0.0367021,0
0.0376,0
0.0384975,0
0.0393945,0
0.0402914,0
0.0411877,0
0.0420838,0
0.0429793,0
0.0438746,0
0.0447696,0
0.0456639,0
0.046558,0
0.0474515,0
0.0483448,0
0.0492374,0
0.0501298,0
0.0510215,0
0.0519129,0
0.0528039,0
0.0536942,0
0.0545842,0
0.0554736,0
0.0563626,0
0.0572509,0
0.0581388,0
0.0590261,0
0.059913,0
0.0607993,0
0.061685,0
0.0625702,0
0.0634547,0
0.0643388,0
0.0652222,0
0.0661051,0
0.0669872,0
0.0678689,0
0.06875,0
0.0696303,0
0.0705101,0
0.0713891,0
0.0722677,0
0.0731454,0
0.0740226,0
0.074899,0
0.0757748,0
0.07665,0
0.0775243,0
0.0783981,0
0.079271,0
0.0801433,0
0.0810147,0
0.0818856,0
0.0827557,0
0.0836249,0
0.0844935,0
0.0853612,0
0.0862283,0
0.0870944,0
0.0879599,0
0.0888244,0
0.0896883,0
0.0905513,0
0.0914134,0
0.0922748,0
0.0931352,0
0.0939949,0
0.0948536,0
0.0957116,0
0.0965686,0
0.0974249,0
0.0982802,0
0.0991345,0
0.0999881,0
0.100841,0
0.101692,0
0.102543,0
0.103393,0
0.104242,0
0.10509,0
0.105937,0
0.106783,0
0.107628,0
0.108472,0
0.109315,0
0.110157,0
0.110998,0
0.111838,0
0.112677,0
0.113515,0
0.114352,0
0.115188,0
0.116023,0
0.116857,0
0.11769,0
0.118521,0
0.119352,0
0.120181,0
0.12101,0
0.121837,0
0.122664,0
0.123489,0
0.124313,0
0.125135,0
0.125957,0
0.126778,0
0.127597,0
0.128416,0
0.129233,0
0.130049,0
0.130863,0
0.131677,0
0.132489,0
0.1333,0
0.134111,0
0.134919,0
0.135727,0
0.136533,0
0.137338,0
0.138142,0
0.138944,0
0.139745,0
0.140546,0
0.141344,0
0.142142,0
0.142938,0
0.143733,0
0.144526,0
0.145318,0
0.146109,0
0.146899,0
0.147687,0
0.148474,0
0.149259,0
0.150044,0
0.150826,0
0.151608,0
0.152388,0
0.153166,0
0.153944,0
0.15472,0
0.155494,0
0.156267,0
0.157039,0
0.157809,0
0.158578,0
0.159345,0
0.160111,0
0.160875,0
0.161638,0
0.1624,0
0.16316,0
0.163918,0
0.164675,0
0.165431,0
0.166185,0
0.166937,0
0.167688,0
0.168438,0
0.169186,0
0.169932,0
0.170677,0
0.17142,0
0.172162,0
0.172902,0
0.173641,0
0.174378,0
0.175113,0
0.175847,0
0.176579,0
0.17731,0
0.178039,0
0.178767,0
0.179492,0
0.180216,0
0.180939,0
0.18166,0
0.182379,0
0.183097,0
0.183813,0
0.184527,0
0.185239,0
0.18595,0
0.186659,0
0.187367,0
0.188073,0
0.188777,0
0.189479,0
0.19018,0
0.190878,0
0.191576,0
0.192271,0
0.192965,0
0.193657,0
0.194347,0
0.195035,0
0.195722,0
0.196406,0
0.197089,0
0.197771,0
0.19845,0
0.199128,0
0.199804,0
0.200478,0
0.20115,0
0.20182,0
0.202489,0
0.203155,0
0.20382,0
0.204483,0
0.205144,0
0.205803,0
0.206461,0
0.207116,0
0.20777,0
0.208422,0
0.209071,0
0.209719,0
0.210365,0
0.211009,0
0.211652,0
0.212292,0
0.21293,0
0.213567,0
0.214201,0
0.214834,0
0.215464,0
0.216093,0
0.216719,0
0.217344,0
0.217967,0
0.218587,0
0.219206,0
0.219823,0
0.220438,0
0.22105,0
0.221661,0
0.22227,0
0.222876,0
0.223481,0
0.224083,0
0.224684,0
0.225282,0
0.225879,0
0.226473,0
0.227066,0
0.227656,0
0.228244,0
0.22883,0
0.229414,0
0.229996,0
0.230576,0
0.231154,0
0.23173,0
0.232303,0
0.232875,0
0.233444,0
0.234011,0
0.234576,0
0.235139,0
0.2357,0
0.236259,0
0.236815,0
0.23737,0
0.237922,0
0.238472,0
0.23902,0
0.239565,0
0.240109,0
0.24065,0
0.241189,0
0.241726,0
0.242261,0
0.242794,0
0.243324,0
0.243852,0
0.244378,0
0.244902,0
0.245423,0
0.245943,0
0.246459,0
0.246974,0
0.247487,0
0.247997,0
0.248505,0
0.249011,0
0.249514,0
0.250015,0
0.250514,0
0.251011,0
0.251505,0
0.251997,0
0.252487,0
0.252975,0
0.25346,0
0.253943,0
0.254423,0
0.254902,0
0.255378,0
0.255851,0
0.256322,0
0.256791,0
0.257258,0
0.257722,0
0.258184,0
0.258644,0
0.259101,0
0.259556,0
0.260008,0
0.260459,0
0.260906,0
0.261352,0
0.261795,0
0.262236,0
0.262674,0
0.26311,0
0.263543,0
0.263974,0
0.264403,0
0.264829,0
0.265253,0
0.265675,0
0.266094,0
0.26651,0
0.266924,0
0.267336,0
0.267746,0
0.268152,0
0.268557,0
0.268959,0
0.269358,0
0.269756,0
0.27015,0
0.270543,0
0.270932,0
0.27132,0
0.271704,0
0.272087,0
0.272467,0
0.272844,0
0.273219,0
0.273591,0
0.273961,0
0.274329,0
0.274694,0
0.275056,0
0.275416,0
0.275774,0
0.276129,0
0.276481,0
0.276831,0
0.277178,0
0.277523,0
0.277866,0
0.278205,0
0.278543,0
0.278877,0
0.27921,0
0.279539,0
0.279866,0
0.280191,0
0.280513,0
0.280833,0
0.28115,0
0.281464,0
0.281776,0
0.282085,0
0.282392,0
0.282696,0
0.282997,0
0.283296,0
0.283593,0
0.283887,0
0.284178,0
0.284467,0
0.284753,0
0.285036,0
0.285317,0
0.285595,0
0.285871,0
0.286144,0
0.286415,0
0.286682,0
0.286948,0
0.28721,0
0.28747,0
0.287728,0
0.287983,0
0.288235,0
0.288485,0
0.288731,0
0.288976,0
0.289218,0
0.289457,0
0.289693,0
0.289927,0
0.290158,0
0.290387,0
0.290612,0
0.290836,0
0.291056,0
0.291274,0
0.29149,0
0.291702,0
0.291912,0
0.29212,0
0.292324,0
0.292526,0
0.292726,0
0.292922,0
0.293116,0
0.293308,0
0.293496,0
0.293682,0
0.293866,0
0.294047,0
0.294225,0
0.2944,0
0.294573,0
0.294743,0
0.29491,0
0.295074,0
0.295236,0
0.295396,0
0.295552,0
0.295706,0
0.295857,0
0.296006,0
0.296152,0
0.296295,0
0.296435,0
0.296573,0
0.296708,0
0.29684,0
0.29697,0
0.297097,0
0.297221,0
0.297342,0
0.297461,0
0.297577,0
0.297691,0
0.297801,0
0.297909,0
0.298015,0
0.298117,0
0.298217,0
0.298314,0
0.298409,0
0.2985,0
0.298589,0
0.298676,0
0.298759,0
0.29884,0
0.298918,0
0.298994,0
0.299066,0
0.299136,0
0.299204,0
0.299268,0
0.29933,0
0.299389,0
0.299445,0
0.299499,0
0.29955,0
0.299598,0
0.299643,0
0.299686,0
0.299726,0
0.299764,0
0.299798,0
0.29983,0
0.299859,0
0.299885,0
0.299909,0
0.29993,0
0.299948,0
0.299964,0
0.299976,0
0.299986,0
0.299994,0
0.299998,0
0.3,0
0.299999,0
0.299995,0
0.299989,0
0.29998,0
0.299968,0
0.299954,0
0.299936,0
0.299916,0
0.299894,0
0.299868,0
0.29984,0
0.299809,0
0.299775,0
0.299739,0
0.2997,0
0.299658,0
0.299613,0
0.299566,0
0.299516,0
0.299463,0
0.299408,0
0.29935,0
0.299289,0
0.299225,0
0.299159,0
0.29909,0
0.299018,0
0.298944,0
0.298866,0
0.298786,0
0.298704,0
0.298618,0
0.29853,0
0.29844,0
0.298346,0
0.29825,0
0.298151,0
0.298049,0
0.297945,0
0.297838,0
0.297728,0
0.297615,0
0.2975,0
0.297382,0
0.297262,0
0.297138,0
0.297012,0
0.296884,0
0.296752,0
0.296618,0
0.296481,0
0.296342,0
0.2962,0
0.296055,0
0.295907,0
0.295757,0
0.295604,0
0.295448,0
0.29529,0
0.295129,0
0.294965,0
0.294799,0
0.29463,0
0.294458,0
0.294283,0
0.294106,0
0.293926,0
0.293744,0
0.293559,0
0.293371,0
0.29318,0
0.292987,0
0.292791,0
0.292593,0
0.292392,0
0.292188,0
0.291982,0
0.291772,0
0.291561,0
0.291346,0
0.291129,0
0.290909,0
0.290687,0
0.290462,0
0.290234,0
0.290004,0
0.289771,0
0.289536,0
0.289297,0
0.289057,0
0.288813,0
0.288567,0
0.288318,0
0.288067,0
0.287813,0
0.287557,0
0.287297,0
0.287036,0
0.286771,0
0.286504,0
0.286234,0
0.285962,0
0.285687,0
0.28541,0
0.28513,0
0.284847,0
0.284562,0
0.284274,0
0.283984,0
0.283691,0
0.283395,0
0.283097,0
0.282797,0
0.282493,0
0.282188,0
0.281879,0
0.281568,0
0.281255,0
0.280939,0
0.28062,0
0.280299,0
0.279975,0
0.279649,0
0.27932,0
0.278988,0
0.278654,0
0.278318,0
0.277979,0
0.277638,0
0.277294,0
0.276947,0
0.276598,0
0.276246,0
0.275892,0
0.275536,0
0.275176,0
0.274815,0
0.274451,0
0.274084,0
0.273715,0
0.273343,0
0.272969,0
0.272593,0
0.272214,0
0.271832,0
0.271448,0
0.271062,0
0.270673,0
0.270281,0
0.269887,0
0.269491,0
0.269092,0
0.268691,0
0.268288,0
0.267881,0
0.267473,0
0.267062,0
0.266649,0
0.266233,0
0.265814,0
0.265394,0
0.264971,0
0.264545,0
0.264117,0
0.263687,0
0.263254,0
0.262819,0
0.262382,0
0.261942,0
0.2615,0
0.261055,0
0.260608,0
0.260159,0
0.259707,0
0.259253,0
0.258796,0
0.258338,0
0.257877,0
0.257413,0
0.256947,0
0.256479,0
0.256008,0
0.255536,0
0.25506,0
0.254583,0
0.254103,0
0.253621,0
0.253137,0
0.25265,0
0.252161,0
0.25167,0
0.251176,0
0.25068,0
0.250182,0
0.249682,0
0.249179,0
0.248674,0
0.248167,0
0.247657,0
0.247145,0
0.246631,0
0.246115,0
0.245597,0
0.245076,0
0.244553,0
0.244028,0
0.2435,0
0.242971,0
0.242439,0
0.241905,0
0.241369,0
0.24083,0
0.24029,0
0.239747,0
0.239202,0
0.238655,0
0.238105,0
0.237554,0
0.237,0
0.236445,0
0.235887,0
0.235326,0
0.234764,0
0.2342,0
0.233633,0
0.233065,0
0.232494,0
0.231921,0
0.231346,0
0.230769,0
0.23019,0
0.229609,0
0.229025,0
0.22844,0
0.227852,0
0.227263,0
0.226671,0
0.226077,0
0.225481,0
0.224884,0
0.224284,0
0.223682,0
0.223078,0
0.222472,0
0.221864,0
0.221254,0
0.220642,0
0.220028,0
0.219412,0
0.218794,0
0.218174,0
0.217552,0
0.216928,0
0.216302,0
0.215674,0
0.215044,0
0.214412,0
0.213778,0
0.213143,0
0.212505,0
0.211865,0
0.211224,0
0.21058,0
0.209935,0
0.209288,0
0.208638,0
0.207987,0
0.207334,0
0.206679,0
0.206023,0
0.205364,0
0.204704,0
0.204041,0
0.203377,0
0.202711,0
0.202043,0
0.201373,0
0.200702,0
0.200028,0
0.199353,0
0.198676,0
0.197997,0
0.197317,0
0.196634,0
0.19595,0
0.195264,0
0.194576,0
0.193887,0
0.193195,0
0.192502,0
0.191808,0
0.191111,0
0.190413,0
0.189713,0
0.189011,0
0.188307,0
0.187602,0
0.186895,0
0.186187,0
0.185476,0
0.184765,0
0.184051,0
0.183335,0
0.182618,0
0.1819,0
0.18118,0
0.180457,0
0.179734,0
0.179009,0
0.178282,0
0.177553,0
0.176823,0
0.176092,0
0.175358,0
0.174623,0
0.173887,0
0.173149,0
0.172409,0
0.171668,0
0.170925,0
0.170181,0
0.169435,0
0.168687,0
0.167938,0
0.167188,0
0.166436,0
0.165682,0
0.164927,0
0.164171,0
0.163413,0
0.162653,0
0.161892,0
0.16113,0
0.160366,0
0.159601,0
0.158834,0
0.158065,0
0.157296,0
0.156524,0
0.155752,0
0.154978,0
0.154203,0
0.153426,0
0.152648,0
0.151868,0
0.151087,0
0.150305,0
0.149521,0
0.148736,0
0.147949,0
0.147162,0
0.146373,0
0.145582,0
0.14479,0
0.143997,0
0.143203,0
0.142407,0
0.14161,0
0.140812,0
0.140012,0
0.139211,0
0.138409,0
0.137606,0
0.136801,0
0.135996,0
0.135188,0
0.13438,0
0.133571,0
0.13276,0
0.131948,0
0.131135,0
0.13032,0
0.129505,0
0.128688,0
0.12787,0
0.127051,0
0.126231,0
0.12541,0
0.124587,0
0.123764,0
0.122939,0
0.122113,0
0.121286,0
0.120458,0
0.119629,0
0.118798,0
0.117967,0
0.117135,0
0.116301,0
0.115466,0
0.114631,0
0.113794,0
0.112957,0
0.112118,0
0.111278,0
0.110437,0
0.109596,0
0.108753,0
0.107909,0
0.107064,0
0.106219,0
0.105372,0
0.104525,0
0.103676,0
0.102827,0
0.101976,0
0.101125,0
0.100272,0
0.0994191,0
0.0985651,0
0.09771,0
0.0968542,0
0.0959974,0
0.0951398,0
0.0942813,0
0.0934218,0
0.0925617,0
0.0917006,0
0.0908388,0
0.089976,0
0.0891125,0
0.0882481,0
0.0873831,0
0.0865171,0
0.0856503,0
0.0847828,0
0.0839145,0
0.0830455,0
0.0821757,0
0.0813052,0
0.0804338,0
0.0795618,0
0.0786891,0
0.0778156,0
0.0769415,0
0.0760666,0
0.0751911,0
0.0743148,0
0.073438,0
0.0725603,0
0.071682,0
0.0708032,0
0.0699236,0
0.0690435,0
0.0681626,0
0.0672813,0
0.0663992,0
0.0655165,0
0.0646335,0
0.0637496,0
0.0628651,0
0.0619801,0
0.0610945,0
0.0602086,0
0.0593219,0
0.0584346,0
0.0575469,0
0.0566586,0
0.0557701,0
0.0548807,0
0.0539909,0
0.0531006,0
0.0522101,0
0.0513188,0
0.0504271,0
0.0495349,0
0.0486422,0
0.0477494,0
0.0468559,0
0.0459619,0
0.0450676,0
0.0441731,0
0.0432779,0
0.0423823,0
0.0414864,0
0.04059,0
0.0396936,0
0.0387966,0
0.0378991,0
0.0370014,0
0.0361036,0
0.0352051,0
0.0343064,0
0.0334073,0
0.0325079,0
0.0316086,0
0.0307086,0
0.0298084,0
0.0289079,0
0.0280074,0
0.0271064,0
0.0262051,0
0.0253036,0
0.0244019,0
0.0235003,0
0.0225981,0
0.0216957,0
0.0207931,0
0.0198907,0
0.0189877,0
0.0180846,0
0.0171813,0
0.0162779,0
0.0153746,0
0.0144709,0
0.013567,0
0.012663,0
0.0117593,0
0.0108551,0
0.00995075,0
0.00904635,0
0.00814187,0
0.00723765,0
0.00633303,0
0.00542835,0
0.00452362,0
0.00361918,0
0.00271438,0
0.00180956,0
0.000904716,0
-1.34296e-07,0
-0.000904655,0
-0.0018095,0
-0.00271432,0
-0.00361912,0
-0.00452356,0
-0.00542829,0
-0.00633297,0
-0.00723759,0
-0.00814214,0
-0.00904629,0
-0.00995069,0
-0.010855,0
-0.0117592,0
-0.012663,0
-0.013567,0
-0.0144708,0
-0.0153746,0
-0.0162781,0
-0.0171813,0
-0.0180845,0
-0.0189877,0
-0.0198906,0
-0.0207934,0
-0.0216956,0
-0.022598,0
-0.0235002,0
-0.0244022,0
-0.0253036,0
-0.0262051,0
-0.0271064,0
-0.0280074,0
-0.0289082,0
-0.0298083,0
-0.0307086,0
-0.0316085,0
-0.0325082,0
-0.0334072,0
-0.0343063,0
-0.0352051,0
-0.0361035,0
-0.0370016,0
-0.0378991,0
-0.0387965,0
-0.0396936,0
-0.0405903,0
-0.0414863,0
-0.0423823,0
-0.0432779,0
-0.044173,0
-0.0450678,0
-0.0459619,0
-0.0468558,0
-0.0477494,0
-0.0486425,0
-0.0495348,0
-0.050427,0
-0.0513187,0
-0.05221,0
-0.0531008,0
-0.0539908,0
-0.0548807,0
-0.05577,0
-0.0566588,0
-0.0575468,0
-0.0584346,0
-0.0593218,0
-0.0602086,0
-0.0610947,0
-0.06198,0
-0.062865,0
-0.0637495,0
-0.0646334,0
-0.0655164,0
-0.0663991,0
-0.0672812,0
-0.0681627,0
-0.0690436,0
-0.0699235,0
-0.0708031,0
-0.0716821,0
-0.0725604,0
-0.0734377,0
-0.0743147,0
-0.075191,0
-0.0760667,0
-0.0769416,0
-0.0778155,0
-0.078689,0
-0.0795619,0
-0.0804339,0
-0.081305,0
-0.0821756,0
-0.0830455,0
-0.0839146,0
-0.0847829,0
-0.0856502,0
-0.086517,0
-0.087383,0
-0.0882482,0
-0.0891123,0
-0.0899759,0
-0.0908387,0
-0.0917007,0
-0.0925618,0
-0.0934218,0
-0.0942812,0
-0.0951398,0
-0.0959975,0
-0.0968543,0
-0.09771,0
-0.098565,0
-0.0994192,0
-0.100272,0
-0.101125,0
-0.101976,0
-0.102826,0
-0.103676,0
-0.104525,0
-0.105372,0
-0.106219,0
-0.107064,0
-0.107909,0
-0.108753,0
-0.109596,0
-0.110437,0
-0.111278,0
-0.112118,0
-0.112956,0
-0.113794,0
-0.114631,0
-0.115467,0
-0.116301,0
-0.117134,0
-0.117967,0
-0.118798,0
-0.119629,0
-0.120458,0
-0.121286,0
-0.122113,0
-0.122939,0
-0.123763,0
-0.124587,0
-0.12541,0
-0.126231,0
-0.127051,0
-0.12787,0
-0.128688,0
-0.129505,0
-0.13032,0
-0.131135,0
-0.131948,0
-0.13276,0
-0.133571,0
-0.13438,0
-0.135188,0
-0.135996,0
-0.136801,0
-0.137606,0
-0.138409,0
-0.139211,0
-0.140012,0
-0.140812,0
-0.14161,0
-0.142407,0
-0.143203,0
-0.143997,0
-0.14479,0
-0.145582,0
-0.146372,0
-0.147162,0
-0.147949,0
-0.148736,0
-0.149521,0
-0.150305,0
-0.151087,0
-0.151868,0
-0.152647,0
-0.153426,0
-0.154203,0
-0.154978,0
-0.155752,0
-0.156524,0
-0.157296,0
-0.158065,0
-0.158834,0
-0.1596,0
-0.160366,0
-0.16113,0
-0.161892,0
-0.162653,0
-0.163413,0
-0.164171,0
-0.164927,0
-0.165682,0
-0.166436,0
-0.167188,0
-0.167938,0
-0.168687,0
-0.169435,0
-0.170181,0
-0.170925,0
-0.171668,0
-0.172409,0
-0.173149,0
-0.173887,0
-0.174623,0
-0.175358,0
-0.176092,0
-0.176823,0
-0.177553,0
-0.178282,0
-0.179009,0
-0.179734,0
-0.180457,0
-0.181179,0
-0.1819,0
-0.182619,0
-0.183335,0
-0.184051,0
-0.184764,0
-0.185476,0
-0.186187,0
-0.186895,0
-0.187602,0
-0.188307,0
-0.189011,0
-0.189713,0
-0.190413,0
-0.191111,0
-0.191808,0
-0.192502,0
-0.193195,0
-0.193887,0
-0.194576,0
-0.195264,0
-0.19595,0
-0.196634,0
-0.197317,0
-0.197997,0
-0.198676,0
-0.199353,0
-0.200028,0
-0.200702,0
-0.201373,0
-0.202043,0
-0.202711,0
-0.203377,0
-0.204041,0
-0.204704,0
-0.205364,0
-0.206023,0
-0.20668,0
-0.207334,0
-0.207987,0
-0.208638,0
-0.209288,0
-0.209935,0
-0.21058,0
-0.211224,0
-0.211865,0
-0.212505,0
-0.213143,0
-0.213778,0
-0.214412,0
-0.215044,0
-0.215674,0
-0.216302,0
-0.216928,0
-0.217552,0
-0.218174,0
-0.218794,0
-0.219412,0
-0.220028,0
-0.220642,0
-0.221254,0
-0.221864,0
-0.222472,0
-0.223078,0
-0.223682,0
-0.224284,0
-0.224884,0
-0.225481,0
-0.226077,0
-0.226671,0
-0.227263,0
-0.227852,0
-0.22844,0
-0.229025,0
-0.229609,0
-0.23019,0
-0.230769,0
-0.231346,0
-0.231921,0
-0.232494,0
-0.233065,0
-0.233633,0
-0.2342,0
-0.234764,0
-0.235327,0
-0.235886,0
-0.236444,0
-0.237,0
-0.237554,0
-0.238105,0
-0.238655,0
-0.239202,0
-0.239747,0
-0.24029,0
-0.24083,0
-0.241369,0
-0.241905,0
-0.242439,0
-0.242971,0
-0.2435,0
-0.244028,0
-0.244553,0
-0.245076,0
-0.245597,0
-0.246115,0
-0.246631,0
-0.247145,0
-0.247657,0
-0.248167,0
-0.248674,0
-0.249179,0
-0.249682,0
-0.250182,0
-0.25068,0
-0.251176,0
-0.25167,0
-0.252161,0
-0.25265,0
-0.253137,0
-0.253621,0
-0.254103,0
-0.254583,0
-0.25506,0
-0.255536,0
-0.256009,0
-0.256479,0
-0.256947,0
-0.257413,0
-0.257877,0
-0.258338,0
-0.258796,0
-0.259253,0
-0.259707,0
-0.260159,0
-0.260608,0
-0.261055,0
-0.2615,0
-0.261942,0
-0.262382,0
-0.262819,0
-0.263254,0
-0.263687,0
-0.264117,0
-0.264545,0
-0.264971,0
-0.265394,0
-0.265815,0
-0.266233,0
-0.266649,0
-0.267062,0
-0.267473,0
-0.267881,0
-0.268288,0
-0.268691,0
-0.269092,0
-0.269491,0
-0.269888,0
-0.270281,0
-0.270673,0
-0.271062,0
-0.271448,0
-0.271832,0
-0.272214,0
-0.272593,0
-0.272969,0
-0.273343,0
-0.273715,0
-0.274084,0
-0.274451,0
-0.274815,0
-0.275177,0
-0.275536,0
-0.275892,0
-0.276246,0
-0.276598,0
-0.276947,0
-0.277294,0
-0.277638,0
-0.277979,0
-0.278318,0
-0.278654,0
-0.278988,0
-0.27932,0
-0.279649,0
-0.279975,0
-0.280299,0
-0.28062,0
-0.280939,0
-0.281255,0
-0.281568,0
-0.281879,0
-0.282188,0
-0.282493,0
-0.282797,0
-0.283097,0
-0.283395,0
-0.283691,0
-0.283984,0
-0.284274,0
-0.284562,0
-0.284847,0
-0.28513,0
-0.28541,0
-0.285687,0
-0.285962,0
-0.286235,0
-0.286504,0
-0.286771,0
-0.287036,0
-0.287297,0
-0.287557,0
-0.287813,0
-0.288067,0
-0.288318,0
-0.288567,0
-0.288813,0
-0.289057,0
-0.289297,0
-0.289536,0
-0.289771,0
-0.290004,0
-0.290234,0
-0.290462,0
-0.290687,0
-0.29091,0
-0.291129,0
-0.291346,0
-0.291561,0
-0.291773,0
-0.291982,0
-0.292188,0
-0.292392,0
-0.292593,0
-0.292792,0
-0.292987,0
-0.29318,0
-0.293371,0
-0.293559,0
-0.293744,0
-0.293926,0
-0.294106,0
-0.294283,0
-0.294458,0
-0.29463,0
-0.294799,0
-0.294965,0
-0.295129,0
-0.29529,0
-0.295448,0
-0.295604,0
-0.295757,0
-0.295907,0
-0.296055,0
-0.2962,0
-0.296342,0
-0.296481,0
-0.296618,0
-0.296752,0
-0.296884,0
-0.297012,0
-0.297138,0
-0.297262,0
-0.297382,0
-0.2975,0
-0.297615,0
-0.297728,0
-0.297838,0
-0.297945,0
-0.298049,0
-0.298151,0
-0.29825,0
-0.298346,0
-0.29844,0
-0.29853,0
-0.298618,0
-0.298704,0
-0.298786,0
-0.298866,0
-0.298944,0
-0.299018,0
-0.29909,0
-0.299159,0
-0.299225,0
-0.299289,0
-0.29935,0
-0.299408,0
-0.299463,0
-0.299516,0
-0.299566,0
-0.299613,0
-0.299658,0
-0.2997,0
-0.299739,0
-0.299775,0
-0.299809,0
-0.29984,0
-0.299868,0
-0.299894,0
-0.299916,0
-0.299936,0
-0.299954,0
-0.299968,0
-0.29998,0
-0.299989,0
-0.299995,0
-0.299999,0
-0.3,0
-0.299998,0
-0.299994,0
-0.299986,0
-0.299976,0
-0.299964,0
-0.299948,0
-0.29993,0
-0.299909,0
-0.299885,0
-0.299859,0
-0.29983,0
-0.299798,0
-0.299764,0
-0.299726,0
-0.299686,0
-0.299643,0
-0.299598,0
-0.29955,0
-0.299499,0
-0.299445,0
-0.299389,0
-0.29933,0
-0.299268,0
-0.299204,0
-0.299136,0
-0.299066,0
-0.298994,0
-0.298918,0
-0.29884,0
-0.298759,0
-0.298676,0
-0.298589,0
-0.2985,0
-0.298409,0
-0.298314,0
-0.298217,0
-0.298117,0
-0.298015,0
-0.297909,0
-0.297801,0
-0.297691,0
-0.297577,0
-0.297461,0
-0.297342,0
-0.297221,0
-0.297097,0
-0.29697,0
-0.29684,0
-0.296708,0
-0.296573,0
-0.296435,0
-0.296295,0
-0.296152,0
-0.296006,0
-0.295857,0
-0.295706,0
-0.295552,0
-0.295396,0
-0.295236,0
-0.295074,0
-0.29491,0
-0.294743,0
-0.294573,0
-0.2944,0
-0.294225,0
-0.294047,0
-0.293866,0
-0.293683,0
-0.293496,0
-0.293308,0
-0.293116,0
-0.292922,0
-0.292726,0
-0.292526,0
-0.292324,0
-0.29212,0
-0.291912,0
-0.291702,0
-0.29149,0
-0.291274,0
-0.291056,0
-0.290836,0
-0.290612,0
-0.290387,0
-0.290158,0
-0.289927,0
-0.289693,0
-0.289457,0
-0.289218,0
-0.288976,0
-0.288731,0
-0.288485,0
-0.288235,0
-0.287983,0
-0.287728,0
-0.28747,0
-0.28721,0
-0.286948,0
-0.286682,0
-0.286415,0
-0.286144,0
-0.285871,0
-0.285595,0
-0.285317,0
-0.285036,0
-0.284753,0
-0.284467,0
-0.284178,0
-0.283887,0
-0.283593,0
-0.283296,0
-0.282997,0
-0.282696,0
-0.282392,0
-0.282085,0
-0.281776,0
-0.281464,0
-0.28115,0
-0.280833,0
-0.280513,0
-0.280191,0
-0.279866,0
-0.279539,0
-0.27921,0
-0.278877,0
-0.278543,0
-0.278205,0
-0.277866,0
-0.277523,0
-0.277178,0
-0.276831,0
-0.276481,0
-0.276129,0
-0.275774,0
-0.275416,0
-0.275056,0
-0.274694,0
-0.274329,0
-0.273961,0
-0.273591,0
-0.273219,0
-0.272844,0
-0.272467,0
-0.272087,0
-0.271704,0
-0.27132,0
-0.270932,0
-0.270543,0
-0.27015,0
-0.269756,0
-0.269359,0
-0.268959,0
-0.268557,0
-0.268153,0
-0.267746,0
-0.267336,0
-0.266924,0
-0.26651,0
-0.266094,0
-0.265675,0
-0.265253,0
-0.264829,0
-0.264403,0
-0.263974,0
-0.263543,0
-0.26311,0
-0.262674,0
-0.262236,0
-0.261795,0
-0.261352,0
-0.260906,0
-0.260459,0
-0.260009,0
-0.259556,0
-0.259101,0
-0.258644,0
-0.258184,0
-0.257722,0
-0.257258,0
-0.256791,0
-0.256323,0
-0.255851,0
-0.255378,0
-0.254902,0
-0.254423,0
-0.253943,0
-0.25346,0
-0.252975,0
-0.252487,0
-0.251997,0
-0.251505,0
-0.251011,0
-0.250514,0
-0.250015,0
-0.249514,0
-0.249011,0
-0.248505,0
-0.247997,0
-0.247487,0
-0.246974,0
-0.246459,0
-0.245942,0
-0.245423,0
-0.244902,0
-0.244378,0
-0.243852,0
-0.243324,0
-0.242794,0
-0.242261,0
-0.241726,0
-0.241189,0
-0.24065,0
-0.240109,0
-0.239565,0
-0.23902,0
-0.238472,0
-0.237922,0
-0.23737,0
-0.236815,0
-0.236259,0
-0.2357,0
-0.235139,0
-0.234576,0
-0.234011,0
-0.233444,0
-0.232875,0
-0.232303,0
-0.23173,0
-0.231154,0
-0.230576,0
-0.229996,0
-0.229414,0
-0.22883,0
-0.228244,0
-0.227656,0
-0.227066,0
-0.226473,0
-0.225879,0
-0.225282,0
-0.224684,0
-0.224083,0
-0.223481,0
-0.222876,0
-0.222269,0
-0.221661,0
-0.22105,0
-0.220437,0
-0.219823,0
-0.219206,0
-0.218587,0
-0.217967,0
-0.217344,0
-0.216719,0
-0.216093,0
-0.215464,0
-0.214834,0
-0.214201,0
-0.213567,0
-0.21293,0
-0.212292,0
-0.211652,0
-0.211009,0
-0.210365,0
-0.209719,0
-0.209071,0
-0.208422,0
-0.20777,0
-0.207116,0
-0.206461,0
-0.205803,0
-0.205144,0
-0.204483,0
-0.20382,0
-0.203155,0
-0.202489,0
-0.20182,0
-0.20115,0
-0.200478,0
-0.199804,0
-0.199128,0
-0.19845,0
-0.197771,0
-0.197089,0
-0.196406,0
-0.195721,0
-0.195035,0
-0.194347,0
-0.193656,0
-0.192965,0
-0.192271,0
-0.191576,0
-0.190878,0
-0.190179,0
-0.189479,0
-0.188777,0
-0.188073,0
-0.187367,0
-0.186659,0
-0.18595,0
-0.185239,0
-0.184527,0
-0.183812,0
-0.183097,0
-0.182379,0
-0.18166,0
-0.180939,0
-0.180216,0
-0.179492,0
-0.178767,0
-0.178039,0
-0.17731,0
-0.176579,0
-0.175847,0
-0.175113,0
-0.174378,0
-0.173641,0
-0.172902,0
-0.172162,0
-0.17142,0
-0.170677,0
-0.169932,0
-0.169186,0
-0.168438,0
-0.167688,0
-0.166937,0
-0.166185,0
-0.165431,0
-0.164675,0
-0.163918,0
-0.16316,0
-0.1624,0
-0.161638,0
-0.160875,0
-0.160111,0
-0.159345,0
-0.158578,0
-0.157809,0
-0.157039,0
-0.156267,0
-0.155494,0
-0.15472,0
-0.153944,0
-0.153166,0
-0.152388,0
-0.151608,0
-0.150826,0
-0.150043,0
-0.149259,0
-0.148474,0
-0.147687,0
-0.146899,0
-0.146109,0
-0.145318,0
-0.144526,0
-0.143733,0
-0.142938,0
-0.142142,0
-0.141344,0
-0.140546,0
-0.139746,0
-0.138944,0
-0.138142,0
-0.137338,0
-0.136533,0
-0.135727,0
-0.134919,0
-0.134111,0
-0.133301,0
-0.132489,0
-0.131677,0
-0.130863,0
-0.130049,0
-0.129233,0
-0.128416,0
-0.127597,0
-0.126778,0
-0.125957,0
-0.125136,0
-0.124313,0
-0.123489,0
-0.122664,0
-0.121837,0
-0.12101,0
-0.120181,0
-0.119352,0
-0.118521,0
-0.11769,0
-0.116857,0
-0.116023,0
-0.115188,0
-0.114352,0
-0.113515,0
-0.112677,0
-0.111838,0
-0.110998,0
-0.110157,0
-0.109315,0
-0.108472,0
-0.107628,0
-0.106783,0
-0.105937,0
-0.10509,0
-0.104242,0
-0.103393,0
-0.102543,0
-0.101692,0
-0.100841,0
-0.0999882,0
-0.0991346,0
-0.0982801,0
-0.0974248,0
-0.0965688,0
-0.0957117,0
-0.0948537,0
-0.0939948,0
-0.0931351,0
-0.0922749,0
-0.0914135,0
-0.0905512,0
-0.0896882,0
-0.0888246,0
-0.0879599,0
-0.0870944,0
-0.0862282,0
-0.0853611,0
-0.0844936,0
-0.083625,0
-0.0827556,0
-0.0818855,0
-0.0810149,0
-0.0801433,0
-0.079271,0
-0.078398,0
-0.0775242,0
-0.0766501,0
-0.0757749,0
-0.074899,0
-0.0740225,0
-0.0731456,0
-0.0722677,0
-0.0713892,0
-0.07051,0
-0.0696302,0
-0.0687501,0
-0.067869,0
-0.0669873,0
-0.066105,0
-0.0652221,0
-0.0643389,0
-0.0634548,0
-0.0625701,0
-0.0616849,0
-0.0607994,0
-0.0599131,0
-0.0590262,0
-0.0581387,0
-0.0572508,0
-0.0563626,0
-0.0554736,0
-0.0545841,0
-0.0536941,0
-0.052804,0
-0.051913,0
-0.0510216,0
-0.0501297,0
-0.0492373,0
-0.0483448,0
-0.0474516,0
-0.0465579,0
-0.0456638,0
-0.0447696,0
-0.0438747,0
-0.0429794,0
-0.0420837,0
-0.0411876,0
-0.0402914,0
-0.0393946,0
-0.0384974,0
-0.0375999,0
-0.0367023,0
-0.0358041,0
-0.0349055,0
-0.0340067,0
-0.0331075,0
-0.0322084,0
-0.0313086,0
-0.0304085,0
-0.0295082,0
-0.0286079,0
-0.0277071,0
-0.026806,0
-0.0259046,0
-0.025003,0
-0.0241015,0
-0.0231995,0
-0.0222973,0
-0.0213948,0
-0.0204925,0
-0.0195897,0
-0.0186867,0
-0.0177835,0
-0.0168801,0
-0.015977,0
-0.0150733,0
-0.0141696,0
-0.0132657,0
-0.012362,0
-0.0114578,0
-0.0105536,0
-0.00964925,0
-0.00874482,0
-0.00784064,0
-0.00693607,0
-0.00603143,0
-0.00512673,0
-0.00422232,0
-0.00331754,0
-0.00241273,0
-0.0015079,0
-0.000603055,0
0.000301467,0
0.00120632,0
0.00211115,0
0.00301597,0
0.00392043,0
0.00482519,0
0.0057299,0
0.00663456,0
0.00753916,0
0.00844336,0
0.00934781,0
0.0102522,0
0.0111565,0
0.0120606,0
0.0129644,0
0.0138683,0
0.0147721,0
0.0156758,0
0.016579,0
0.0174824,0
0.0183857,0
0.0192887,0
0.0201916,0
0.021094,0
0.0219965,0
0.0228988,0
0.0238009,0
0.0247025,0
0.0256041,0
0.0265056,0
0.0274068,0
0.0283077,0
0.0292081,0
0.0301085,0
0.0310086,0
0.0319085,0
0.0328077,0
0.033707,0
0.034606,0
0.0355046,0
0.036403,0
0.0373006,0
0.0381983,0
0.0390956,0
0.0399926,0
0.0408888,0
0.041785,0
0.0426809,0
0.0435763,0
0.0444714,0
0.0453657,0
0.04626,0
0.0471538,0
0.0480472,0
0.0489398,0
0.0498323,0
0.0507243,0
0.0516159,0
0.0525071,0
0.0533974,0
0.0542875,0
0.0551772,0
0.0560664,0
0.0569547,0
0.0578428,0
0.0587304,0
0.0596175,0
0.060504,0
0.0613897,0
0.0622751,0
0.06316,0
0.0640443,0
0.0649276,0
0.0658108,0
0.0666933,0
0.0675752,0
0.0684565,0
0.0693368,0
0.0702168,0
0.0710962,0
0.071975,0
0.0728528,0
0.0737302,0
0.074607,0
0.075483,0
0.0763584,0
0.0772328,0
0.0781068,0
0.0789801,0
0.0798527,0
0.0807242,0
0.0815953,0
0.0824657,0
0.0833353,0
0.0842042,0
0.0850719,0
0.0859393,0
0.0868058,0
0.0876715,0
0.0885365,0
0.0894003,0
0.0902637,0
0.0911262,0
0.0919878,0
0.0928484,0
0.0937084,0
0.0945675,0
0.0954258,0
0.0962832,0
0.0971395,0
0.0979951,0
0.0988499,0
0.0997038,0
0.100556,0
0.101408,0
0.10226,0
0.10311,0
0.103959,0
0.104807,0
0.105654,0
0.106501,0
0.107346,0
0.10819,0
0.109034,0
0.109876,0
0.110718,0
0.111558,0
0.112397,0
0.113236,0
0.114073,0
0.11491,0
0.115745,0
0.116579,0
0.117412,0
0.118244,0
0.119075,0
0.119905,0
0.120734,0
0.121562,0
0.122388,0
0.123214,0
0.124038,0
0.124861,0
0.125684,0
0.126505,0
0.127324,0
0.128143,0
0.128961,0
0.129777,0
0.130592,0
0.131406,0
0.132219,0
0.13303,0
0.133841,0
0.13465,0
0.135458,0
0.136264,0
0.13707,0
0.137874,0
0.138677,0
0.139479,0
0.140279,0
0.141078,0
0.141876,0
0.142672,0
0.143468,0
0.144262,0
0.145054,0
0.145846,0
0.146636,0
0.147424,0
0.148212,0
0.148998,0
0.149782,0
0.150566,0
0.151348,0
0.152128,0
0.152907,0
0.153685,0
0.154461,0
0.155236,0
0.15601,0
0.156782,0
0.157552,0
0.158322,0
0.15909,0
0.159856,0
0.160621,0
0.161384,0
0.162146,0
0.162907,0
0.163666,0
0.164423,0
0.165179,0
0.165934,0
0.166687,0
0.167438,0
0.168188,0
0.168937,0
0.169683,0
0.170429,0
0.171173,0
0.171915,0
0.172656,0
0.173395,0
0.174132,0
0.174868,0
0.175603,0
0.176335,0
0.177067,0
0.177796,0
0.178524,0
0.179251,0
0.179975,0
0.180698,0
0.18142,0
0.18214,0
0.182858,0
0.183574,0
0.184289,0
0.185002,0
0.185713,0
0.186423,0
0.187131,0
0.187838,0
0.188542,0
0.189245,0
0.189946,0
0.190646,0
0.191343,0
0.192039,0
0.192733,0
0.193426,0
0.194117,0
0.194806,0
0.195493,0
0.196178,0
0.196862,0
0.197544,0
0.198224,0
0.198902,0
0.199578,0
0.200253,0
0.200926,0
0.201597,0
0.202266,0
0.202933,0
0.203599,0
0.204262,0
0.204924,0
0.205584,0
0.206242,0
0.206898,0
0.207552,0
0.208205,0
0.208855,0
0.209504,0
0.21015,0
0.210795,0
0.211438,0
0.212079,0
0.212718,0
0.213355,0
0.21399,0
0.214623,0
0.215254,0
0.215883,0
0.216511,0
0.217136,0
0.217759,0
0.218381,0
0.219,0
0.219617,0
0.220233,0
0.220846,0
0.221458,0
0.222067,0
0.222674,0
0.223279,0
0.223883,0
0.224484,0
0.225083,0
0.22568,0
0.226275,0
0.226869,0
0.227459,0
0.228048,0
0.228635,0
0.22922,0
0.229803,0
0.230383,0
0.230962,0
0.231538,0
0.232112,0
0.232684,0
0.233254,0
0.233822,0
0.234388,0
0.234952,0
0.235513,0
0.236073,0
0.23663,0
0.237185,0
0.237738,0
0.238289,0
0.238837,0
0.239384,0
0.239928,0
0.24047,0
0.24101,0
0.241548,0
0.242083,0
0.242616,0
0.243147,0
0.243676,0
0.244203,0
0.244728,0
0.24525,0
0.24577,0
0.246287,0
0.246803,0
0.247316,0
0.247827,0
0.248336,0
0.248842,0
0.249347,0
0.249848,0
0.250348,0
0.250846,0
0.251341,0
0.251834,0
0.252324,0
0.252812,0
0.253298,0
0.253782,0
0.254263,0
0.254742,0
0.255219,0
0.255694,0
0.256166,0
0.256635,0
0.257103,0
0.257568,0
0.258031,0
0.258491,0
0.258949,0
0.259405,0
0.259858,0
0.260309,0
0.260757,0
0.261204,0
0.261647,0
0.262089,0
0.262528,0
0.262965,0
0.263399,0
0.263831,0
0.26426,0
0.264687,0
0.265112,0
0.265534,0
0.265954,0
0.266372,0
0.266787,0
0.267199,0
0.267609,0
0.268017,0
0.268422,0
0.268825,0
0.269226,0
0.269624,0
0.270019,0
0.270412,0
0.270803,0
0.271191,0
0.271576,0
0.27196,0
0.27234,0
0.272719,0
0.273094,0
0.273467,0
0.273838,0
0.274207,0
0.274572,0
0.274936,0
0.275296,0
0.275655,0
0.276011,0
0.276364,0
0.276714,0
0.277063,0
0.277408,0
0.277752,0
0.278092,0
0.27843,0
0.278766,0
0.279099,0
0.27943,0
0.279758,0
0.280083,0
0.280406,0
0.280726,0
0.281044,0
0.281359,0
0.281672,0
0.281982,0
0.28229,0
0.282595,0
0.282897,0
0.283197,0
0.283494,0
0.283789,0
0.284081,0
0.284371,0
0.284658,0
0.284942,0
0.285224,0
0.285503,0
0.285779,0
0.286053,0
0.286325,0
0.286593,0
0.28686,0
0.287123,0
0.287384,0
0.287642,0
0.287898,0
0.288151,0
0.288402,0
0.288649,0
0.288895,0
0.289137,0
0.289377,0
0.289615,0
0.289849,0
0.290081,0
0.290311,0
0.290537,0
0.290762,0
0.290983,0
0.291202,0
0.291418,0
0.291632,0
0.291843,0
0.292051,0
0.292256,0
0.292459,0
0.292659,0
0.292857,0
0.293052,0
0.293244,0
0.293434,0
0.293621,0
0.293805,0
0.293987,0
0.294166,0
0.294342,0
0.294515,0
0.294686,0
0.294854,0
0.29502,0
0.295183,0
0.295343,0
0.2955,0
0.295655,0
0.295807,0
0.295957,0
0.296103,0
0.296247,0
0.296389,0
0.296527,0
0.296663,0
0.296796,0
0.296927,0
0.297055,0
0.29718,0
0.297302,0
0.297422,0
0.297539,0
0.297653,0
0.297765,0
0.297874,0
0.29798,0
0.298083,0
0.298184,0
0.298282,0
0.298378,0
0.29847,0
0.29856,0
0.298647,0
0.298732,0
0.298813,0
0.298892,0
0.298969,0
0.299042,0
0.299113,0
0.299181,0
0.299247,0
0.29931,0
0.29937,0
0.299427,0
0.299481,0
0.299533,0
0.299582,0
0.299629,0
0.299672,0
0.299713,0
0.299751,0
0.299787,0
0.29982,0
0.29985,0
0.299877,0
0.299901,0
0.299923,0
0.299942,0
0.299959,0
0.299972,0
0.299983,0
0.299991,0
0.299997,0
0.3,0
0.3,0
0.299997,0
0.299991,0
0.299983,0
0.299972,0
0.299959,0
0.299942,0
0.299923,0
0.299901,0
0.299877,0
0.29985,0
0.29982,0
0.299787,0
0.299751,0
0.299713,0
0.299672,0
0.299629,0
0.299582,0
0.299533,0
0.299481,0
0.299427,0
0.29937,0
0.29931,0
0.299247,0
0.299181,0
0.299113,0
0.299042,0
0.298969,0
0.298892,0
0.298813,0
0.298732,0
0.298647,0
0.29856,0
0.29847,0
0.298378,0
0.298282,0
0.298184,0
0.298083,0
0.29798,0
0.297874,0
0.297765,0
0.297653,0
0.297539,0
0.297422,0
0.297302,0
0.29718,0
0.297055,0
0.296927,0
0.296796,0
0.296663,0
0.296527,0
0.296389,0
0.296247,0
0.296103,0
0.295957,0
0.295807,0
0.295655,0
0.2955,0
0.295343,0
0.295183,0
0.29502,0
0.294854,0
0.294686,0
0.294515,0
0.294342,0
0.294166,0
0.293987,0
0.293805,0
0.293621,0
0.293434,0
0.293244,0
0.293052,0
0.292857,0
0.292659,0
0.292459,0
0.292256,0
0.292051,0
0.291842,0
0.291632,0
0.291418,0
0.291202,0
0.290983,0
0.290762,0
0.290537,0
0.290311,0
0.290081,0
0.289849,0
0.289614,0
0.289377,0
0.289137,0
0.288895,0
0.288649,0
0.288402,0
0.288151,0
0.287898,0
0.287642,0
0.287384,0
0.287123,0
0.28686,0
0.286593,0
0.286325,0
0.286053,0
0.285779,0
0.285503,0
0.285224,0
0.284942,0
0.284658,0
0.284371,0
0.284081,0
0.283789,0
0.283494,0
0.283197,0
0.282897,0
0.282595,0
0.28229,0
0.281982,0
0.281672,0
0.281359,0
0.281044,0
0.280726,0
0.280406,0
0.280083,0
0.279758,0
0.27943,0
0.279099,0
0.278766,0
0.278431,0
0.278092,0
0.277752,0
0.277408,0
0.277063,0
0.276715,0
0.276364,0
0.276011,0
0.275655,0
0.275297,0
0.274936,0
0.274572,0
0.274207,0
0.273838,0
0.273468,0
0.273094,0
0.272718,0
0.27234,0
0.27196,0
0.271576,0
0.271191,0
0.270803,0
0.270412,0
0.270019,0
0.269624,0
0.269226,0
0.268825,0
0.268422,0
0.268017,0
0.267609,0
0.267199,0
0.266787,0
0.266372,0
0.265954,0
0.265534,0
0.265112,0
0.264687,0
0.26426,0
0.263831,0
0.263399,0
0.262965,0
0.262528,0
0.262089,0
0.261647,0
0.261204,0
0.260757,0
0.260309,0
0.259858,0
0.259405,0
0.258949,0
0.258491,0
0.258031,0
0.257568,0
0.257103,0
0.256635,0
0.256166,0
0.255694,0
0.255219,0
0.254742,0
0.254263,0
0.253782,0
0.253298,0
0.252812,0
0.252324,0
0.251834,0
0.251341,0
0.250846,0
0.250348,0
0.249849,0
0.249347,0
0.248842,0
0.248336,0
0.247827,0
0.247316,0
0.246803,0
0.246287,0
0.24577,0
0.24525,0
0.244728,0
0.244203,0
0.243676,0
0.243147,0
0.242617,0
0.242083,0
0.241548,0
0.24101,0
0.24047,0
0.239928,0
0.239384,0
0.238837,0
0.238289,0
0.237738,0
0.237185,0
0.23663,0
0.236073,0
0.235513,0
0.234952,0
0.234388,0
0.233822,0
0.233254,0
0.232685,0
0.232112,0
0.231538,0
0.230962,0
0.230383,0
0.229803,0
0.22922,0
0.228635,0
0.228048,0
0.22746,0
0.226868,0
0.226275,0
0.22568,0
0.225083,0
0.224484,0
0.223883,0
0.223279,0
0.222674,0
0.222067,0
0.221458,0
0.220846,0
0.220233,0
0.219618,0
0.219,0
0.218381,0
0.217759,0
0.217136,0
0.216511,0
0.215883,0
0.215254,0
0.214623,0
0.21399,0
0.213355,0
0.212718,0
0.212079,0
0.211438,0
0.210795,0
0.21015,0
0.209504,0
0.208855,0
0.208204,0
0.207552,0
0.206898,0
0.206242,0
0.205584,0
0.204924,0
0.204262,0
0.203599,0
0.202933,0
0.202266,0
0.201597,0
0.200926,0
0.200253,0
0.199578,0
0.198902,0
0.198224,0
0.197544,0
0.196862,0
0.196178,0
0.195493,0
0.194806,0
0.194117,0
0.193426,0
0.192734,0
0.192039,0
0.191343,0
0.190646,0
0.189946,0
0.189245,0
0.188542,0
0.187837,0
0.187131,0
0.186423,0
0.185713,0
0.185002,0
0.184289,0
0.183574,0
0.182858,0
0.18214,0
0.18142,0
0.180698,0
0.179975,0
0.179251,0
0.178524,0
0.177796,0
0.177067,0
0.176336,0
0.175603,0
0.174868,0
0.174132,0
0.173395,0
0.172656,0
0.171915,0
0.171173,0
0.170429,0
0.169684,0
0.168937,0
0.168188,0
0.167438,0
0.166687,0
0.165934,0
0.165179,0
0.164423,0
0.163666,0
0.162907,0
0.162146,0
0.161384,0
0.160621,0
0.159856,0
0.15909,0
0.158322,0
0.157552,0
0.156782,0
0.15601,0
0.155236,0
0.154461,0
0.153685,0
0.152907,0
0.152128,0
0.151347,0
0.150566,0
0.149782,0
0.148998,0
0.148212,0
0.147424,0
0.146636,0
0.145846,0
0.145054,0
0.144262,0
0.143468,0
0.142672,0
0.141876,0
0.141078,0
0.140279,0
0.139479,0
0.138677,0
0.137874,0
0.13707,0
0.136264,0
0.135458,0
0.13465,0
0.133841,0
0.13303,0
0.132219,0
0.131406,0
0.130592,0
0.129777,0
0.12896,0
0.128143,0
0.127324,0
0.126505,0
0.125684,0
0.124861,0
0.124038,0
0.123214,0
0.122388,0
0.121562,0
0.120734,0
0.119905,0
0.119075,0
0.118244,0
0.117412,0
0.116579,0
0.115745,0
0.11491,0
0.114073,0
0.113236,0
0.112398,0
0.111558,0
0.110718,0
0.109876,0
0.109034,0
0.108191,0
0.107346,0
0.106501,0
0.105654,0
0.104807,0
0.103959,0
0.10311,0
0.10226,0
0.101408,0
0.100557,0
0.0997037,0
0.0988498,0
0.0979951,0
0.0971397,0
0.0962832,0
0.0954257,0
0.0945675,0
0.0937083,0
0.0928486,0
0.0919878,0
0.0911261,0
0.0902636,0
0.0894006,0
0.0885364,0
0.0876715,0
0.0868057,0
0.0859392,0
0.0850722,0
0.0842041,0
0.0833352,0
0.0824656,0
0.0815956,0
0.0807244,0
0.0798526,0
0.07898,0
0.0781067,0
0.0772331,0
0.0763584,0
0.075483,0
0.0746069,0
0.0737301,0
0.072853,0
0.0719749,0
0.0710962,0
0.0702168,0
0.069337,0
0.0684564,0
0.0675751,0
0.0666932,0
0.0658107,0
0.0649279,0
0.0640442,0
0.0631599,0
0.0622751,0
0.06139,0
0.060504,0
0.0596174,0
0.0587304,0
0.0578428,0
0.0569549,0
0.0560663,0
0.0551771,0
0.0542875,0
0.0533976,0
0.052507,0
0.0516159,0
0.0507243,0
0.0498322,0
0.04894,0
0.0480471,0
0.0471537,0
0.0462599,0
0.045366,0
0.0444713,0
0.0435763,0
0.0426808,0
0.041785,0
0.0408891,0
0.0399925,0
0.0390955,0
0.0381982,0
0.0373009,0
0.0364029,0
0.0355046,0
0.0346059,0
0.0337069,0
0.032808,0
0.0319084,0
0.0310086,0
0.0301084,0
0.0292083,0
0.0283076,0
0.0274067,0
0.0265055,0
0.0256041,0
0.0247027,0
0.0238008,0
0.0228987,0
0.0219964,0
0.0210942,0
0.0201915,0
0.0192886,0
0.0183856,0
0.0174823,0
0.0165793,0
0.0156757,0
0.0147721,0
0.0138682,0
0.0129646,0
0.0120606,0
0.0111564,0
0.0102521,0
0.00934774,0
0.00844361,0
0.00753908,0
0.00663448,0
0.00572982,0
0.00482544,0
0.00392069,0
0.0030159,0
0.00211108,0
0.00120624,0
0.000301722,0
-0.000603129,0
-0.00150797,0
-0.00241281,0
-0.00331762,0
-0.00422207,0
-0.00512681,0
-0.0060315,0
-0.00693614,0
-0.00784039,0
-0.00874489,0
-0.00964932,0
-0.0105537,0
-0.0114579,0
-0.0123617,0
-0.0132657,0
-0.0141696,0
-0.0150734,0
-0.0159767,0
-0.0168802,0
-0.0177836,0
-0.0186867,0
-0.0195897,0
-0.0204922,0
-0.0213949,0
-0.0222973,0
-0.0231996,0
-0.0241013,0
-0.0250031,0
-0.0259047,0
-0.026806,0
-0.0277072,0
-0.0286077,0
-0.0295083,0
-0.0304086,0
-0.0313087,0
-0.0322081,0
-0.0331076,0
-0.0340067,0
-0.0349056,0
-0.0358042,0
-0.036702,0
-0.0375999,0
-0.0384975,0
-0.0393947,0
-0.0402912,0
-0.0411877,0
-0.0420837,0
-0.0429795,0
-0.0438748,0
-0.0447694,0
-0.0456639,0
-0.046558,0
-0.0474517,0
-0.0483446,0
-0.0492374,0
-0.0501297,0
-0.0510216,0
-0.0519131,0
-0.0528037,0
-0.0536942,0
-0.0545842,0
-0.0554737,0
-0.0563624,0
-0.0572508,0
-0.0581388,0
-0.0590262,0
-0.0599131,0
-0.0607992,0
-0.061685,0
-0.0625702,0
-0.0634549,0
-0.0643386,0
-0.0652221,0
-0.066105,0
-0.0669873,0
-0.067869,0
-0.0687498,0
-0.0696303,0
-0.0705101,0
-0.0713893,0
-0.0722675,0
-0.0731454,0
-0.0740226,0
-0.0748991,0
-0.075775,0
-0.0766498,0
-0.0775243,0
-0.078398,0
-0.0792711,0
-0.0801434,0
-0.0810147,0
-0.0818856,0
-0.0827557,0
-0.083625,0
-0.0844933,0
-0.0853612,0
-0.0862282,0
-0.0870945,0
-0.08796,0
-0.0888244,0
-0.0896882,0
-0.0905513,0
-0.0914135,0
-0.0922746,0
-0.0931352,0
-0.0939949,0
-0.0948538,0
-0.0957118,0
-0.0965686,0
-0.0974248,0
-0.0982802,0
-0.0991347,0
-0.0999879,0
-0.100841,0
-0.101692,0
-0.102543,0
-0.103393,0
-0.104242,0
-0.10509,0
-0.105937,0
-0.106783,0
-0.107628,0
-0.108472,0
-0.109315,0
-0.110157,0
-0.110998,0
-0.111838,0
-0.112677,0
-0.113515,0
-0.114352,0
-0.115188,0
-0.116023,0
-0.116857,0
-0.11769,0
-0.118521,0
-0.119352,0
-0.120181,0
-0.12101,0
-0.121837,0
-0.122663,0
-0.123489,0
-0.124313,0
-0.125136,0
-0.125957,0
-0.126778,0
-0.127597,0
-0.128416,0
-0.129233,0
-0.130049,0
-0.130863,0
-0.131677,0
-0.132489,0
-0.133301,0
-0.13411,0
-0.134919,0
-0.135727,0
-0.136533,0
-0.137338,0
-0.138142,0
-0.138944,0
-0.139746,0
-0.140546,0
-0.141344,0
-0.142142,0
-0.142938,0
-0.143733,0
-0.144526,0
-0.145318,0
-0.146109,0
-0.146899,0
-0.147687,0
-0.148474,0
-0.149259,0
-0.150044,0
-0.150826,0
-0.151608,0
-0.152388,0
-0.153166,0
-0.153944,0
-0.15472,0
-0.155494,0
-0.156267,0
-0.157039,0
-0.157809,0
-0.158578,0
-0.159345,0
-0.160111,0
-0.160875,0
-0.161638,0
-0.1624,0
-0.16316,0
-0.163918,0
-0.164675,0
-0.165431,0
-0.166185,0
-0.166937,0
-0.167688,0
-0.168438,0
-0.169186,0
-0.169932,0
-0.170677,0
-0.17142,0
-0.172162,0
-0.172902,0
-0.173641,0
-0.174378,0
-0.175113,0
-0.175847,0
-0.176579,0
-0.17731,0
-0.178039,0
-0.178767,0
-0.179492,0
-0.180216,0
-0.180939,0
-0.18166,0
-0.182379,0
-0.183097,0
-0.183813,0
-0.184527,0
-0.185239,0
-0.18595,0
-0.186659,0
-0.187367,0
-0.188073,0
-0.188776,0
-0.189479,0
-0.19018,0
-0.190878,0
-0.191576,0
-0.192271,0
-0.192965,0
-0.193657,0
-0.194347,0
-0.195035,0
-0.195722,0
-0.196406,0
-0.197089,0
-0.197771,0
-0.19845,0
-0.199128,0
-0.199804,0
-0.200478,0
-0.20115,0
-0.20182,0
-0.202489,0
-0.203155,0
-0.20382,0
-0.204483,0
-0.205144,0
-0.205803,0
-0.206461,0
-0.207116,0
-0.20777,0
-0.208422,0
-0.209071,0
-0.209719,0
-0.210365,0
-0.211009,0
-0.211652,0
-0.212292,0
-0.21293,0
-0.213567,0
-0.214201,0
-0.214834,0
-0.215464,0
-0.216093,0
-0.216719,0
-0.217344,0
-0.217967,0
-0.218587,0
-0.219206,0
-0.219823,0
-0.220437,0
-0.22105,0
-0.221661,0
-0.222269,0
-0.222876,0
-0.223481,0
-0.224083,0
-0.224684,0
-0.225282,0
-0.225879,0
-0.226473,0
-0.227066,0
-0.227656,0
-0.228244,0
-0.22883,0
-0.229414,0
-0.229996,0
-0.230576,0
-0.231154,0
-0.23173,0
-0.232303,0
-0.232875,0
-0.233444,0
-0.234011,0
-0.234576,0
-0.235139,0
-0.2357,0
-0.236259,0
-0.236815,0
-0.23737,0
-0.237922,0
-0.238472,0
-0.23902,0
-0.239566,0
-0.240109,0
-0.24065,0
-0.241189,0
-0.241726,0
-0.242261,0
-0.242794,0
-0.243324,0
-0.243852,0
-0.244378,0
-0.244902,0
-0.245423,0
-0.245942,0
-0.24646,0
-0.246974,0
-0.247487,0
-0.247997,0
-0.248505,0
-0.249011,0
-0.249514,0
-0.250015,0
-0.250514,0
-0.251011,0
-0.251505,0
-0.251997,0
-0.252487,0
-0.252975,0
-0.25346,0
-0.253943,0
-0.254423,0
-0.254902,0
-0.255378,0
-0.255851,0
-0.256322,0
-0.256791,0
-0.257258,0
-0.257722,0
-0.258184,0
-0.258644,0
-0.259101,0
-0.259556,0
-0.260009,0
-0.260459,0
-0.260906,0
-0.261352,0
-0.261795,0
-0.262235,0
-0.262674,0
-0.26311,0
-0.263543,0
-0.263974,0
-0.264403,0
-0.264829,0
-0.265253,0
-0.265675,0
-0.266094,0
-0.26651,0
-0.266924,0
-0.267336,0
-0.267746,0
-0.268152,0
-0.268557,0
-0.268959,0
-0.269359,0
-0.269756,0
-0.27015,0
-0.270543,0
-0.270932,0
-0.27132,0
-0.271704,0
-0.272087,0
-0.272467,0
-0.272844,0
-0.273219,0
-0.273591,0
-0.273961,0
-0.274329,0
-0.274694,0
-0.275056,0
-0.275416,0
-0.275774,0
-0.276129,0
-0.276481,0
-0.276831,0
-0.277178,0
-0.277523,0
-0.277866,0
-0.278205,0
-0.278543,0
-0.278877,0
-0.27921,0
-0.279539,0
-0.279866,0
-0.280191,0
-0.280513,0
-0.280833,0
-0.28115,0
-0.281464,0
-0.281776,0
-0.282085,0
-0.282392,0
-0.282696,0
-0.282997,0
-0.283296,0
-0.283593,0
-0.283887,0
-0.284178,0
-0.284467,0
-0.284753,0
-0.285036,0
-0.285317,0
-0.285595,0
-0.285871,0
-0.286144,0
-0.286415,0
-0.286682,0
-0.286948,0
-0.28721,0
-0.28747,0
-0.287728,0
-0.287983,0
-0.288235,0
-0.288485,0
-0.288731,0
-0.288976,0
-0.289218,0
-0.289457,0
-0.289693,0
-0.289927,0
-0.290158,0
-0.290387,0
-0.290612,0
-0.290836,0
-0.291056,0
-0.291274,0
-0.29149,0
-0.291702,0
-0.291912,0
-0.29212,0
-0.292324,0
-0.292526,0
-0.292726,0
-0.292922,0
-0.293116,0
-0.293308,0
-0.293496,0
-0.293682,0
-0.293866,0
-0.294047,0
-0.294225,0
-0.2944,0
-0.294573,0
-0.294743,0
-0.29491,0
-0.295074,0
-0.295236,0
-0.295396,0
-0.295552,0
-0.295706,0
-0.295857,0
-0.296006,0
-0.296152,0
-0.296295,0
-0.296435,0
-0.296573,0
-0.296708,0
-0.29684,0
-0.29697,0
-0.297097,0
-0.297221,0
-0.297342,0
-0.297461,0
-0.297577,0
-0.297691,0
-0.297801,0
-0.297909,0
-0.298015,0
-0.298117,0
-0.298217,0
-0.298314,0
-0.298409,0
-0.2985,0
-0.298589,0
-0.298676,0
-0.298759,0
-0.29884,0
-0.298918,0
-0.298994,0
-0.299066,0
-0.299136,0
-0.299204,0
-0.299268,0
-0.29933,0
-0.299389,0
-0.299445,0
-0.299499,0
-0.29955,0
-0.299598,0
-0.299643,0
-0.299686,0
-0.299726,0
-0.299764,0
-0.299798,0
-0.29983,0
-0.299859,0
-0.299885,0
-0.299909,0
-0.29993,0
-0.299948,0
-0.299964,0
-0.299976,0
-0.299986,0
-0.299994,0
-0.299998,0
-0.3,0
-0.299999,0
-0.299995,0
-0.299989,0
-0.29998,0
-0.299968,0
-0.299954,0
-0.299936,0
-0.299916,0
-0.299894,0
-0.299868,0
-0.29984,0
-0.299809,0
-0.299775,0
-0.299739,0
-0.2997,0
-0.299658,0
-0.299613,0
-0.299566,0
-0.299516,0
-0.299463,0
-0.299408,0
-0.29935,0
-0.299289,0
-0.299225,0
-0.299159,0
-0.29909,0
-0.299018,0
-0.298944,0
-0.298866,0
-0.298786,0
-0.298704,0
-0.298618,0
-0.29853,0
-0.29844,0
-0.298346,0
-0.29825,0
-0.298151,0
-0.298049,0
-0.297945,0
-0.297838,0
-0.297728,0
-0.297615,0
-0.2975,0
-0.297382,0
-0.297262,0
-0.297138,0
-0.297012,0
-0.296884,0
-0.296752,0
-0.296618,0
-0.296481,0
-0.296342,0
-0.2962,0
-0.296055,0
-0.295907,0
-0.295757,0
-0.295604,0
-0.295448,0
-0.29529,0
-0.295129,0
-0.294965,0
-0.294799,0
-0.29463,0
-0.294458,0
-0.294283,0
-0.294106,0
-0.293926,0
-0.293744,0
-0.293559,0
-0.293371,0
-0.29318,0
-0.292987,0
-0.292791,0
-0.292593,0
-0.292392,0
-0.292188,0
-0.291982,0
-0.291772,0
-0.291561,0
-0.291346,0
-0.291129,0
-0.290909,0
-0.290687,0
-0.290462,0
-0.290234,0
-0.290004,0
-0.289771,0
-0.289536,0
-0.289297,0
-0.289057,0
-0.288813,0
-0.288567,0
-0.288318,0
-0.288067,0
-0.287813,0
-0.287557,0
-0.287297,0
-0.287036,0
-0.286771,0
-0.286504,0
-0.286234,0
-0.285962,0
-0.285687,0
-0.28541,0
-0.28513,0
-0.284847,0
-0.284562,0
-0.284274,0
-0.283984,0
-0.283691,0
-0.283395,0
-0.283097,0
-0.282797,0
-0.282493,0
-0.282188,0
-0.281879,0
-0.281568,0
-0.281255,0
-0.280939,0
-0.28062,0
-0.280299,0
-0.279975,0
-0.279649,0
-0.27932,0
-0.278988,0
-0.278655,0
-0.278318,0
-0.277979,0
-0.277638,0
-0.277293,0
-0.276947,0
-0.276598,0
-0.276246,0
-0.275892,0
-0.275536,0
-0.275176,0
-0.274815,0
-0.274451,0
-0.274084,0
-0.273715,0
-0.273343,0
-0.272969,0
-0.272593,0
-0.272214,0
-0.271832,0
-0.271448,0
-0.271062,0
-0.270673,0
-0.270281,0
-0.269887,0
-0.269491,0
-0.269092,0
-0.268691,0
-0.268288,0
-0.267881,0
-0.267473,0
-0.267062,0
-0.266649,0
-0.266233,0
-0.265814,0
-0.265394,0
-0.264971,0
-0.264545,0
-0.264117,0
-0.263687,0
-0.263254,0
-0.262819,0
-0.262382,0
-0.261942,0
-0.2615,0
-0.261055,0
-0.260608,0
-0.260159,0
-0.259707,0
-0.259253,0
-0.258797,0
-0.258338,0
-0.257877,0
-0.257413,0
-0.256947,0
-0.256479,0
-0.256009,0
-0.255536,0
-0.25506,0
-0.254583,0
-0.254103,0
-0.253621,0
-0.253137,0
-0.25265,0
-0.252161,0
-0.25167,0
-0.251176,0
-0.25068,0
-0.250182,0
-0.249682,0
-0.249179,0
-0.248674,0
-0.248166,0
-0.247657,0
-0.247145,0
-0.246631,0
-0.246115,0
-0.245597,0
-0.245076,0
-0.244553,0
-0.244028,0
-0.2435,0
-0.242971,0
-0.242439,0
-0.241905,0
-0.241369,0
-0.24083,0
-0.24029,0
-0.239747,0
-0.239202,0
-0.238655,0
-0.238105,0
-0.237554,0
-0.237,0
-0.236444,0
-0.235887,0
-0.235326,0
-0.234764,0
-0.2342,0
-0.233633,0
-0.233065,0
-0.232494,0
-0.231921,0
-0.231346,0
-0.230769,0
-0.23019,0
-0.229609,0
-0.229025,0
-0.22844,0
-0.227852,0
-0.227263,0
-0.226671,0
-0.226077,0
-0.225482,0
-0.224884,0
-0.224284,0
-0.223682,0
-0.223078,0
-0.222472,0
-0.221864,0
-0.221254,0
-0.220642,0
-0.220028,0
-0.219412,0
-0.218794,0
-0.218174,0
-0.217552,0
-0.216928,0
-0.216302,0
-0.215674,0
-0.215044,0
-0.214412,0
-0.213778,0
-0.213143,0
-0.212505,0
-0.211865,0
-0.211224,0
-0.21058,0
-0.209935,0
-0.209288,0
-0.208638,0
-0.207987,0
-0.207334,0
-0.206679,0
-0.206023,0
-0.205364,0
-0.204704,0
-0.204041,0
-0.203377,0
-0.202711,0
-0.202043,0
-0.201373,0
-0.200702,0
-0.200028,0
-0.199353,0
-0.198676,0
-0.197997,0
-0.197317,0
-0.196634,0
-0.19595,0
-0.195264,0
-0.194576,0
-0.193887,0
-0.193196,0
-0.192502,0
-0.191808,0
-0.191111,0
-0.190413,0
-0.189713,0
-0.189011,0
-0.188307,0
-0.187602,0
-0.186895,0
-0.186187,0
-0.185476,0
-0.184764,0
-0.184051,0
-0.183336,0
-0.182618,0
-0.1819,0
-0.181179,0
-0.180458,0
-0.179734,0
-0.179009,0
-0.178282,0
-0.177553,0
-0.176823,0
-0.176092,0
-0.175358,0
-0.174623,0
-0.173887,0
-0.173149,0
-0.172409,0
-0.171668,0
-0.170925,0
-0.170181,0
-0.169435,0
-0.168687,0
-0.167938,0
-0.167188,0
-0.166436,0
-0.165682,0
-0.164927,0
-0.164171,0
-0.163413,0
-0.162653,0
-0.161892,0
-0.16113,0
-0.160366,0
-0.159601,0
-0.158834,0
-0.158065,0
-0.157296,0
-0.156525,0
-0.155752,0
-0.154978,0
-0.154202,0
-0.153426,0
-0.152648,0
-0.151868,0
-0.151087,0
-0.150305,0
-0.149521,0
-0.148736,0
-0.147949,0
-0.147162,0
-0.146372,0
-0.145582,0
-0.14479,0
-0.143997,0
-0.143203,0
-0.142407,0
-0.14161,0
-0.140812,0
-0.140012,0
-0.139211,0
-0.138409,0
-0.137606,0
-0.136801,0
-0.135995,0
-0.135189,0
-0.13438,0
-0.133571,0
-0.13276,0
-0.131948,0
-0.131135,0
-0.13032,0
-0.129505,0
-0.128688,0
-0.12787,0
-0.127051,0
-0.126231,0
-0.12541,0
-0.124587,0
-0.123763,0
-0.122939,0
-0.122113,0
-0.121286,0
-0.120458,0
-0.119628,0
-0.118798,0
-0.117967,0
-0.117134,0
-0.116301,0
-0.115466,0
-0.114631,0
-0.113794,0
-0.112956,0
-0.112118,0
-0.111278,0
-0.110437,0
-0.109596,0
-0.108753,0
-0.107909,0
-0.107065,0
-0.106219,0
-0.105372,0
-0.104524,0
-0.103676,0
-0.102827,0
-0.101976,0
-0.101125,0
-0.100272,0
-0.0994191,0
-0.0985653,0
-0.0977099,0
-0.0968542,0
-0.0959971,0
-0.0951397,0
-0.0942814,0
-0.0934217,0
-0.0925617,0
-0.0917009,0
-0.0908386,0
-0.0899762,0
-0.0891123,0
-0.0882481,0
-0.0873832,0
-0.0865169,0
-0.0856504,0
-0.0847825,0
-0.0839145,0
-0.0830457,0
-0.0821755,0
-0.0813052,0
-0.0804336,0
-0.0795618,0
-0.0786893,0
-0.0778155,0
-0.0769415,0
-0.0760669,0
-0.075191,0
-0.074315,0
-0.0734377,0
-0.0725603,0
-0.0716823,0
-0.0708031,0
-0.0699238,0
-0.0690432,0
-0.0681626,0
-0.0672815,0
-0.066399,0
-0.0655167,0
-0.064633,0
-0.0637495,0
-0.0628653,0
-0.0619799,0
-0.0610946,0
-0.0602088,0
-0.0593218,0
-0.0584348,0
-0.0575467,0
-0.0566587,0
-0.0557702,0
-0.0548806,0
-0.0539911,0
-0.0531004,0
-0.05221,0
-0.051319,0
-0.0504269,0
-0.0495351,0
-0.0486421,0
-0.0477493,0
-0.0468561,0
-0.0459618,0
-0.0450678,0
-0.0441726,0
-0.0432778,0
-0.0423825,0
-0.0414862,0
-0.0405902,0
-0.0396938,0
-0.0387964,0
-0.0378993,0
-0.0370012,0
-0.0361034,0
-0.0352053,0
-0.0343062,0
-0.0334075,0
-0.0325078,0
-0.0316085,0
-0.0307088,0
-0.0298083,0
-0.0289081,0
-0.028007,0
-0.0271063,0
-0.0262053,0
-0.0253035,0
-0.0244021,0
-0.0235005,0
-0.0225979,0
-0.0216959,0
-0.020793,0
-0.0198905,0
-0.0189879,0
-0.0180845,0
-0.0171815,0
-0.0162777,0
-0.0153745,0
-0.0144711,0
-0.0135669,0
-0.0126632,0
-0.0117588,0
-0.0108549,0
-0.00995094,0
-0.00904622,0
-0.00814207,0
-0.00723784,0
-0.00633289,0
-0.00542854,0
-0.00452349,0
-0.00361905,0
-0.00271458,0
-0.00180942,0
-0.000904911,0
2.68592e-07,0
0.000904789,0
0.0018093,0
0.00271446,0
0.00361893,0
0.00452403,0
0.00542842,0
0.00633277,0
0.00723772,0
0.00814194,0
0.0090461,0
0.00995082,0
0.0108548,0
0.0117593,0
0.0126631,0
0.0135668,0
0.014471,0
0.0153744,0
0.0162783,0
0.0171814,0
0.0180844,0
0.0189878,0
0.0198904,0
0.0207935,0
0.0216958,0
0.0225978,0
0.0235003,0
0.024402,0
0.0253034,0
0.0262052,0
0.0271062,0
0.0280075,0
0.028908,0
0.0298081,0
0.0307087,0
0.0316083,0
0.0325083,0
0.0334074,0
0.0343061,0
0.0352052,0
0.0361033,0
0.0370018,0
0.0378992,0
0.0387963,0
0.0396937,0
0.0405901,0
0.0414868,0
0.0423824,0
0.0432777,0
0.0441732,0
0.0450676,0
0.0459617,0
0.046856,0
0.0477492,0
0.0486426,0
0.0495349,0
0.0504268,0
0.0513189,0
0.0522098,0
0.053101,0
0.053991,0
0.0548805,0
0.0557701,0
0.0566586,0
0.0575473,0
0.0584347,0
0.0593216,0
0.0602087,0
0.0610945,0
0.0619798,0
0.0628652,0
0.0637493,0
0.0646336,0
0.0655165,0
0.0663989,0
0.0672814,0
0.0681625,0
0.0690437,0
0.0699236,0
0.0708029,0
0.0716822,0
0.0725602,0
0.0734382,0
0.0743149,0
0.0751909,0
0.0760668,0
0.0769414,0
0.0778153,0
0.0786892,0
0.0795617,0
0.0804341,0
0.0813051,0
0.0821754,0
0.0830456,0
0.0839144,0
0.0847831,0
0.0856503,0
0.0865168,0
0.0873831,0
0.088248,0
0.0891128,0
0.089976,0
0.0908385,0
0.0917008,0
0.0925616,0
0.0934216,0
0.0942813,0
0.0951396,0
0.0959976,0
0.0968541,0
0.0977098,0
0.0985652,0
0.099419,0
0.100273,0
0.101125,0
0.101976,0
0.102827,0
0.103676,0
0.104525,0
0.105372,0
0.106219,0
0.107065,0
0.107909,0
0.108753,0
0.109596,0
0.110437,0
0.111278,0
0.112118,0
0.112956,0
0.113794,0
0.114631,0
0.115467,0
0.116301,0
0.117134,0
0.117967,0
0.118798,0
0.119629,0
0.120458,0
0.121286,0
0.122113,0
0.122939,0
0.123764,0
0.124587,0
0.125409,0
0.126231,0
0.127051,0
0.12787,0
0.128688,0
0.129505,0
0.130321,0
0.131135,0
0.131948,0
0.13276,0
0.133571,0
0.13438,0
0.135189,0
0.135995,0
0.136802,0
0.137606,0
0.13841,0
0.139212,0
0.140012,0
0.140812,0
0.14161,0
0.142407,0
0.143203,0
0.143997,0
0.144791,0
0.145582,0
0.146372,0
0.147162,0
0.147949,0
0.148736,0
0.149521,0
0.150304,0
0.151087,0
0.151868,0
0.152648,0
0.153426,0
0.154202,0
0.154978,0
0.155752,0
0.156524,0
0.157296,0
0.158065,0
0.158834,0
0.1596,0
0.160366,0
0.16113,0
0.161892,0
0.162654,0
0.163413,0
0.164171,0
0.164927,0
0.165682,0
0.166436,0
0.167188,0
0.167938,0
0.168688,0
0.169435,0
0.17018,0
0.170925,0
0.171668,0
0.172409,0
0.173149,0
0.173887,0
0.174623,0
0.175358,0
0.176092,0
0.176823,0
0.177553,0
0.178282,0
0.179009,0
0.179734,0
0.180458,0
0.181179,0
0.1819,0
0.182618,0
0.183336,0
0.184051,0
0.184764,0
0.185477,0
0.186187,0
0.186895,0
0.187602,0
0.188307,0
0.189011,0
0.189713,0
0.190412,0
0.191111,0
0.191807,0
0.192503,0
0.193195,0
0.193887,0
0.194576,0
0.195264,0
0.19595,0
0.196634,0
0.197317,0
0.197998,0
0.198676,0
0.199353,0
0.200029,0
0.200702,0
0.201374,0
0.202043,0
0.202711,0
0.203377,0
0.204041,0
0.204704,0
0.205364,0
0.206023,0
0.20668,0
0.207334,0
0.207988,0
0.208638,0
0.209287,0
0.209935,0
0.21058,0
0.211224,0
0.211865,0
0.212505,0
0.213143,0
0.213778,0
0.214412,0
0.215044,0
0.215674,0
0.216302,0
0.216928,0
0.217552,0
0.218174,0
0.218794,0
0.219412,0
0.220028,0
0.220642,0
0.221254,0
0.221864,0
0.222472,0
0.223078,0
0.223682,0
0.224284,0
0.224884,0
0.225481,0
0.226077,0
0.226671,0
0.227263,0
0.227852,0
0.22844,0
0.229025,0
0.229609,0
0.23019,0
0.230769,0
0.231346,0
0.231921,0
0.232494,0
0.233065,0
0.233633,0
0.2342,0
0.234764,0
0.235326,0
0.235886,0
0.236445,0
0.237,0
0.237554,0
0.238105,0
0.238655,0
0.239202,0
0.239747,0
0.24029,0
0.24083,0
0.241369,0
0.241905,0
0.242439,0
0.242971,0
0.2435,0
0.244028,0
0.244553,0
0.245076,0
0.245596,0
0.246115,0
0.246631,0
0.247145,0
0.247657,0
0.248166,0
0.248674,0
0.249179,0
0.249682,0
0.250182,0
0.25068,0
0.251176,0
0.25167,0
0.252161,0
0.25265,0
0.253137,0
0.253621,0
0.254103,0
0.254583,0
0.255061,0
0.255536,0
0.256009,0
0.256479,0
0.256947,0
0.257413,0
0.257876,0
0.258338,0
0.258797,0
0.259253,0
0.259707,0
0.260159,0
0.260608,0
0.261055,0
0.2615,0
0.261942,0
0.262382,0
0.262819,0
0.263254,0
0.263687,0
0.264118,0
0.264545,0
0.264971,0
0.265394,0
0.265814,0
0.266233,0
0.266649,0
0.267062,0
0.267473,0
0.267881,0
0.268288,0
0.268691,0
0.269092,0
0.269491,0
0.269887,0
0.270281,0
0.270673,0
0.271062,0
0.271448,0
0.271832,0
0.272214,0
0.272593,0
0.272969,0
0.273343,0
0.273715,0
0.274084,0
0.274451,0
0.274815,0
0.275177,0
0.275536,0
0.275892,0
0.276246,0
0.276598,0
0.276947,0
0.277294,0
0.277638,0
0.277979,0
0.278318,0
0.278654,0
0.278988,0
0.27932,0
0.279649,0
0.279975,0
0.280299,0
0.28062,0
0.280939,0
0.281255,0
0.281568,0
0.281879,0
0.282188,0
0.282493,0
0.282797,0
0.283097,0
0.283395,0
0.283691,0
0.283984,0
0.284274,0
0.284562,0
0.284847,0
0.28513,0
0.28541,0
0.285687,0
0.285962,0
0.286234,0
0.286504,0
0.286771,0
0.287035,0
0.287297,0
0.287557,0
0.287813,0
0.288067,0
0.288318,0
0.288567,0
0.288813,0
0.289057,0
0.289298,0
0.289536,0
0.289771,0
0.290004,0
0.290234,0
0.290462,0
0.290687,0
0.29091,0
0.291129,0
0.291346,0
0.291561,0
0.291772,0
0.291982,0
0.292188,0
0.292392,0
0.292593,0
0.292791,0
0.292987,0
0.29318,0
0.293371,0
0.293559,0
0.293744,0
0.293926,0
0.294106,0
0.294283,0
0.294458,0
0.29463,0
0.294799,0
0.294965,0
0.295129,0
0.29529,0
0.295448,0
0.295604,0
0.295757,0
0.295907,0
0.296055,0
0.2962,0
0.296342,0
0.296481,0
0.296618,0
0.296752,0
0.296884,0
0.297012,0
0.297138,0
0.297262,0
0.297382,0
0.2975,0
0.297615,0
0.297728,0
0.297838,0
0.297945,0
0.298049,0
0.298151,0
0.29825,0
0.298346,0
0.29844,0
0.29853,0
0.298618,0
0.298704,0
0.298787,0
0.298866,0
0.298944,0
0.299018,0
0.29909,0
0.299159,0
0.299225,0
0.299289,0
0.29935,0
0.299408,0
0.299463,0
0.299516,0
0.299566,0
0.299613,0
0.299658,0
0.2997,0
0.299739,0
0.299775,0
0.299809,0
0.29984,0
0.299868,0
0.299894,0
0.299916,0
0.299936,0
0.299954,0
0.299968,0
0.29998,0
0.299989,0
0.299995,0
0.299999,0
0.3,0
0.299998,0
0.299994,0
0.299986,0
0.299976,0
0.299964,0
0.299948,0
0.29993,0
0.299909,0
0.299885,0
0.299859,0
0.29983,0
0.299798,0
0.299764,0
0.299726,0
0.299686,0
0.299643,0
0.299598,0
0.29955,0
0.299499,0
0.299445,0
0.299389,0
0.29933,0
0.299268,0
0.299204,0
0.299136,0
0.299066,0
0.298994,0
0.298918,0
0.29884,0
0.298759,0
0.298676,0
0.298589,0
0.2985,0
0.298409,0
0.298314,0
0.298217,0
0.298117,0
0.298015,0
0.297909,0
0.297801,0
0.297691,0
0.297577,0
0.297461,0
0.297342,0
0.297221,0
0.297097,0
0.29697,0
0.29684,0
0.296708,0
0.296573,0
0.296435,0
0.296295,0
0.296152,0
0.296006,0
0.295857,0
0.295706,0
0.295552,0
0.295396,0
0.295236,0
0.295074,0
0.29491,0
0.294743,0
0.294573,0
0.2944,0
0.294225,0
0.294047,0
0.293866,0
0.293682,0
0.293496,0
0.293308,0
0.293116,0
0.292922,0
0.292726,0
0.292526,0
0.292324,0
0.29212,0
0.291912,0
0.291702,0
0.29149,0
0.291274,0
0.291056,0
0.290836,0
0.290612,0
0.290387,0
0.290158,0
0.289927,0
0.289693,0
0.289457,0
0.289218,0
0.288976,0
0.288731,0
0.288485,0
0.288235,0
0.287983,0
0.287728,0
0.28747,0
0.28721,0
0.286948,0
0.286682,0
0.286415,0
0.286144,0
0.285871,0
0.285595,0
0.285317,0
0.285036,0
0.284753,0
0.284467,0
0.284178,0
0.283887,0
0.283593,0
0.283296,0
0.282997,0
0.282696,0
0.282392,0
0.282085,0
0.281776,0
0.281464,0
0.281149,0
0.280833,0
0.280513,0
0.280191,0
0.279866,0
0.279539,0
0.27921,0
0.278877,0
0.278543,0
0.278205,0
0.277866,0
0.277523,0
0.277178,0
0.276831,0
0.276481,0
0.276129,0
0.275774,0
0.275416,0
0.275056,0
0.274694,0
0.274329,0
0.273961,0
0.273591,0
0.273219,0
0.272844,0
0.272467,0
0.272087,0
0.271704,0
0.27132,0
0.270932,0
0.270543,0
0.27015,0
0.269756,0
0.269359,0
0.268959,0
0.268557,0
0.268152,0
0.267745,0
0.267336,0
0.266924,0
0.26651,0
0.266094,0
0.265675,0
0.265253,0
0.264829,0
0.264403,0
0.263974,0
0.263543,0
0.26311,0
0.262674,0
0.262235,0
0.261795,0
0.261352,0
0.260906,0
0.260458,0
0.260008,0
0.259556,0
0.259101,0
0.258644,0
0.258184,0
0.257722,0
0.257258,0
0.256791,0
0.256322,0
0.255851,0
0.255377,0
0.254902,0
0.254423,0
0.253943,0
0.25346,0
0.252975,0
0.252487,0
0.251997,0
0.251505,0
0.251011,0
0.250514,0
0.250015,0
0.249514,0
0.249011,0
0.248505,0
0.247997,0
0.247487,0
0.246974,0
0.246459,0
0.245943,0
0.245423,0
0.244902,0
0.244378,0
0.243852,0
0.243324,0
0.242794,0
0.242261,0
0.241727,0
0.241189,0
0.24065,0
0.240109,0
0.239565,0
0.23902,0
0.238472,0
0.237922,0
0.23737,0
0.236815,0
0.236259,0
0.2357,0
0.235139,0
0.234576,0
0.234011,0
0.233444,0
0.232874,0
0.232303,0
0.23173,0
0.231154,0
0.230576,0
0.229996,0
0.229414,0
0.22883,0
0.228244,0
0.227656,0
0.227066,0
0.226473,0
0.225879,0
0.225282,0
0.224684,0
0.224084,0
0.223481,0
0.222876,0
0.222269,0
0.221661,0
0.22105,0
0.220437,0
0.219823,0
0.219206,0
0.218587,0
0.217967,0
0.217344,0
0.216719,0
0.216093,0
0.215464,0
0.214834,0
0.214201,0
0.213567,0
0.21293,0
0.212292,0
0.211652,0
0.211009,0
0.210365,0
0.20972,0
0.209071,0
0.208422,0
0.20777,0
0.207116,0
0.206461,0
0.205803,0
0.205144,0
0.204483,0
0.20382,0
0.203155,0
0.202488,0
0.20182,0
0.20115,0
0.200477,0
0.199804,0
0.199128,0
0.19845,0
0.197771,0
0.197089,0
0.196406,0
0.195721,0
0.195035,0
0.194347,0
0.193656,0
0.192965,0
0.192271,0
0.191576,0
0.190879,0
0.190179,0
0.189479,0
0.188777,0
0.188072,0
0.187367,0
0.186659,0
0.18595,0
0.18524,0
0.184527,0
0.183813,0
0.183096,0
0.182379,0
0.18166,0
0.180939,0
0.180217,0
0.179492,0
0.178767,0
0.178039,0
0.17731,0
0.17658,0
0.175847,0
0.175113,0
0.174378,0
0.173641,0
0.172902,0
0.172162,0
0.17142,0
0.170677,0
0.169932,0
0.169186,0
0.168438,0
0.167688,0
0.166938,0
0.166185,0
0.165431,0
0.164676,0
0.163918,0
0.16316,0
0.1624,0
0.161638,0
0.160875,0
0.160111,0
0.159345,0
0.158578,0
0.157809,0
0.157039,0
0.156267,0
0.155494,0
0.15472,0
0.153944,0
0.153167,0
0.152388,0
0.151608,0
0.150827,0
0.150043,0
0.149259,0
0.148474,0
0.147687,0
0.146899,0
0.146109,0
0.145318,0
0.144526,0
0.143732,0
0.142938,0
0.142141,0
0.141344,0
0.140546,0
0.139745,0
0.138944,0
0.138141,0
0.137338,0
0.136533,0
0.135727,0
0.134919,0
0.134111,0
0.1333,0
0.13249,0
0.131677,0
0.130863,0
0.130049,0
0.129233,0
0.128416,0
0.127597,0
0.126778,0
0.125958,0
0.125135,0
0.124313,0
0.123488,0
0.122664,0
0.121837,0
0.12101,0
0.120182,0
0.119352,0
0.118521,0
0.11769,0
0.116857,0
0.116023,0
0.115188,0
0.114352,0
0.113515,0
0.112677,0
0.111838,0
0.110998,0
0.110157,0
0.109315,0
0.108471,0
0.107628,0
0.106783,0
0.105936,0
0.10509,0
0.104241,0
0.103393,0
0.102543,0
0.101692,0
0.100841,0
0.0999883,0
0.0991345,0
0.0982803,0
0.0974246,0
0.0965687,0
0.0957119,0
0.0948536,0
0.093995,0
0.093135,0
0.0922747,0
0.0914136,0
0.0905511,0
0.0896883,0
0.0888242,0
0.0879598,0
0.0870946,0
0.086228,0
0.0853613,0
0.0844938,0
0.0836248,0
0.0827558,0
0.0818854,0
0.0810148,0
0.0801435,0
0.0792709,0
0.0783982,0
0.0775241,0
0.0766499,0
0.0757751,0
0.0748989,0
0.0740227,0
0.0731452,0
0.0722676,0
0.0713894,0
0.0705099,0
0.0696304,0
0.0687502,0
0.0678688,0
0.0669875,0
0.0661048,0
0.0652222,0
0.0643391,0
0.0634547,0
0.0625703,0
0.0616847,0
0.0607993,0
0.0599132,0
0.059026,0
0.0581389,0
0.0572506,0
0.0563625,0
0.0554738,0
0.054584,0
0.0536943,0
0.0528035,0
0.0519129,0
0.0510218,0
0.0501295,0
0.0492375,0
0.048345,0
0.0474515,0
0.0465581,0
0.0456637,0
0.0447695,0
0.0438749,0
0.0429793,0
0.0420839,0
0.0411874,0
0.0402913,0
0.0393948,0
0.0384973,0
0.0376001,0
0.0367018,0
0.0358039,0
0.0349057,0
0.0340065,0
0.0331077,0
0.0322085,0
0.0313085,0
0.0304087,0
0.0295081,0
0.0286078,0
0.0277073,0
0.0268058,0
0.0259048,0
0.0250029,0
0.0241014,0
0.0231997,0
0.0222971,0
0.021395,0
0.020492,0
0.0195895,0
0.0186869,0
0.0177834,0
0.0168803,0
0.0159772,0
0.0150732,0
0.0141698,0
0.0132655,0
0.0123618,0
0.011458,0
0.0105535,0
0.00964944,0
0.00874469,0
0.00784051,0
0.00693626,0
0.00603129,0
0.00512693,0
0.00422186,0
0.00331741,0
0.00241293,0
0.00150777,0
0.00060325,0
-0.000301272,0
-0.00120645,0
-0.00211096,0
-0.0030161,0
-0.00392057,0
-0.00482499,0
-0.00573003,0
-0.00663436,0
-0.00753929,0
-0.00844349,0
-0.00934761,0
-0.0102523,0
-0.0111563,0
-0.0120608,0
-0.0129645,0
-0.0138681,0
-0.0147723,0
-0.0156756,0
-0.0165788,0
-0.0174826,0
-0.0183855,0
-0.0192889,0
-0.0201914,0
-0.0210938,0
-0.0219966,0
-0.0228986,0
-0.0238011,0
-0.0247026,0
-0.025604,0
-0.0265057,0
-0.0274066,0
-0.0283078,0
-0.0292082,0
-0.0301083,0
-0.0310088,0
-0.0319083,0
-0.0328082,0
-0.0337071,0
-0.0346058,0
-0.0355048,0
-0.0364028,0
-0.0373004,0
-0.0381984,0
-0.0390954,0
-0.0399927,0
-0.040889,0
-0.0417849,0
-0.042681,0
-0.0435761,0
-0.0444715,0
-0.0453659,0
-0.0462598,0
-0.0471539,0
-0.048047,0
-0.0489402,0
-0.0498324,0
-0.0507242,0
-0.0516161,0
-0.0525069,0
-0.0533972,0
-0.0542877,0
-0.055177,0
-0.0560665,0
-0.0569548,0
-0.0578426,0
-0.0587306,0
-0.0596173,0
-0.0605042,0
-0.0613898,0
-0.0622749,0
-0.0631601,0
-0.0640441,0
-0.0649281,0
-0.0658109,0
-0.0666931,0
-0.0675753,0
-0.0684563,0
-0.0693366,0
-0.070217,0
-0.071096,0
-0.0719751,0
-0.0728529,0
-0.07373,0
-0.0746071,0
-0.0754829,0
-0.0763586,0
-0.0772329,0
-0.0781066,0
-0.0789802,0
-0.0798525,0
-0.0807246,0
-0.0815954,0
-0.0824655,0
-0.0833354,0
-0.084204,0
-0.0850717,0
-0.0859394,0
-0.0868056,0
-0.0876717,0
-0.0885363,0
-0.0894001,0
-0.0902638,0
-0.091126,0
-0.091988,0
-0.0928485,0
-0.0937082,0
-0.0945677,0
-0.0954256,0
-0.0962834,0
-0.0971396,0
-0.0979949,0
-0.09885,0
-0.0997036,0
-0.100557,0
-0.101409,0
-0.102259,0
-0.10311,0
-0.103959,0
-0.104807,0
-0.105655,0
-0.106501,0
-0.107346,0
-0.108191,0
-0.109034,0
-0.109876,0
-0.110718,0
-0.111558,0
-0.112398,0
-0.113236,0
-0.114073,0
-0.114909,0
-0.115745,0
-0.116579,0
-0.117412,0
-0.118244,0
-0.119075,0
-0.119905,0
-0.120734,0
-0.121561,0
-0.122388,0
-0.123214,0
-0.124038,0
-0.124862,0
-0.125683,0
-0.126505,0
-0.127324,0
-0.128143,0
-0.128961,0
-0.129777,0
-0.130592,0
-0.131406,0
-0.132219,0
-0.13303,0
-0.133841,0
-0.134649,0
-0.135458,0
-0.136264,0
-0.13707,0
-0.137874,0
-0.138677,0
-0.139479,0
-0.140279,0
-0.141078,0
-0.141876,0
-0.142672,0
-0.143468,0
-0.144262,0
-0.145055,0
-0.145846,0
-0.146636,0
-0.147425,0
-0.148212,0
-0.148997,0
-0.149782,0
-0.150565,0
-0.151348,0
-0.152128,0
-0.152907,0
-0.153685,0
-0.154461,0
-0.155236,0
-0.15601,0
-0.156782,0
-0.157553,0
-0.158322,0
-0.15909,0
-0.159856,0
-0.160621,0
-0.161384,0
-0.162146,0
-0.162906,0
-0.163666,0
-0.164423,0
-0.165179,0
-0.165934,0
-0.166687,0
-0.167438,0
-0.168188,0
-0.168937,0
-0.169684,0
-0.170429,0
-0.171173,0
-0.171915,0
-0.172656,0
-0.173395,0
-0.174132,0
-0.174869,0
-0.175603,0
-0.176336,0
-0.177067,0
-0.177796,0
-0.178524,0
-0.179251,0
-0.179975,0
-0.180698,0
-0.18142,0
-0.18214,0
-0.182858,0
-0.183574,0
-0.184289,0
-0.185002,0
-0.185714,0
-0.186423,0
-0.187131,0
-0.187838,0
-0.188542,0
-0.189245,0
-0.189946,0
-0.190646,0
-0.191344,0
-0.192039,0
-0.192733,0
-0.193426,0
-0.194117,0
-0.194806,0
-0.195493,0
-0.196178,0
-0.196862,0
-0.197544,0
-0.198224,0
-0.198902,0
-0.199578,0
-0.200253,0
-0.200926,0
-0.201597,0
-0.202266,0
-0.202933,0
-0.203599,0
-0.204262,0
-0.204924,0
-0.205584,0
-0.206242,0
-0.206898,0
-0.207552,0
-0.208204,0
-0.208855,0
-0.209504,0
-0.21015,0
-0.210795,0
-0.211438,0
-0.212079,0
-0.212718,0
-0.213355,0
-0.21399,0
-0.214623,0
-0.215254,0
-0.215883,0
-0.21651,0
-0.217136,0
-0.217759,0
-0.218381,0
-0.219,0
-0.219617,0
-0.220233,0
-0.220846,0
-0.221458,0
-0.222067,0
-0.222674,0
-0.22328,0
-0.223883,0
-0.224484,0
-0.225083,0
-0.22568,0
-0.226276,0
-0.226868,0
-0.22746,0
-0.228048,0
-0.228635,0
-0.22922,0
-0.229803,0
-0.230383,0
-0.230962,0
-0.231538,0
-0.232112,0
-0.232684,0
-0.233254,0
-0.233822,0
-0.234388,0
-0.234952,0
-0.235513,0
-0.236073,0
-0.23663,0
-0.237185,0
-0.237738,0
-0.238289,0
-0.238837,0
-0.239384,0
-0.239928,0
-0.24047,0
-0.24101,0
-0.241548,0
-0.242083,0
-0.242616,0
-0.243147,0
-0.243676,0
-0.244203,0
-0.244728,0
-0.24525,0
-0.24577,0
-0.246287,0
-0.246803,0
-0.247316,0
-0.247827,0
-0.248336,0
-0.248842,0
-0.249347,0
-0.249848,0
-0.250348,0
-0.250846,0
-0.251341,0
-0.251834,0
-0.252324,0
-0.252813,0
-0.253298,0
-0.253782,0
-0.254263,0
-0.254742,0
-0.255219,0
-0.255693,0
-0.256166,0
-0.256635,0
-0.257103,0
-0.257568,0
-0.25803,0
-0.258491,0
-0.258949,0
-0.259404,0
-0.259858,0
-0.260309,0
-0.260757,0
-0.261204,0
-0.261647,0
-0.262089,0
-0.262528,0
-0.262965,0
-0.263399,0
-0.263831,0
-0.26426,0
-0.264687,0
-0.265112,0
-0.265534,0
-0.265954,0
-0.266371,0
-0.266787,0
-0.267199,0
-0.267609,0
-0.268017,0
-0.268422,0
-0.268825,0
-0.269226,0
-0.269624,0
-0.270019,0
-0.270412,0
-0.270803,0
-0.271191,0
-0.271577,0
-0.27196,0
-0.27234,0
-0.272719,0
-0.273094,0
-0.273468,0
-0.273838,0
-0.274206,0
-0.274572,0
-0.274936,0
-0.275296,0
-0.275655,0
-0.27601,0
-0.276364,0
-0.276715,0
-0.277063,0
-0.277409,0
-0.277752,0
-0.278092,0
-0.27843,0
-0.278766,0
-0.279099,0
-0.27943,0
-0.279758,0
-0.280083,0
-0.280406,0
-0.280726,0
-0.281044,0
-0.281359,0
-0.281672,0
-0.281982,0
-0.28229,0
-0.282595,0
-0.282897,0
-0.283197,0
-0.283494,0
-0.283789,0
-0.284081,0
-0.284371,0
-0.284658,0
-0.284942,0
-0.285224,0
-0.285503,0
-0.285779,0
-0.286053,0
-0.286325,0
-0.286593,0
-0.28686,0
-0.287123,0
-0.287384,0
-0.287642,0
-0.287898,0
-0.288151,0
-0.288402,0
-0.288649,0
-0.288895,0
-0.289137,0
-0.289377,0
-0.289614,0
-0.289849,0
-0.290081,0
-0.290311,0
-0.290537,0
-0.290762,0
-0.290983,0
-0.291202,0
-0.291418,0
-0.291632,0
-0.291842,0
-0.292051,0
-0.292256,0
-0.292459,0
-0.29266,0
-0.292857,0
-0.293052,0
-0.293244,0
-0.293434,0
-0.293621,0
-0.293805,0
-0.293987,0
-0.294166,0
-0.294342,0
-0.294515,0
-0.294686,0
-0.294854,0
-0.29502,0
-0.295183,0
-0.295343,0
-0.2955,0
-0.295655,0
-0.295807,0
-0.295957,0
-0.296103,0
-0.296247,0
-0.296389,0
-0.296527,0
-0.296663,0
-0.296796,0
-0.296927,0
-0.297055,0
-0.29718,0
-0.297302,0
-0.297422,0
-0.297539,0
-0.297653,0
-0.297765,0
-0.297874,0
-0.29798,0
-0.298083,0
-0.298184,0
-0.298282,0
-0.298378,0
-0.29847,0
-0.29856,0
-0.298647,0
-0.298732,0
-0.298813,0
-0.298892,0
-0.298969,0
-0.299042,0
-0.299113,0
-0.299181,0
-0.299247,0
-0.29931,0
-0.29937,0
-0.299427,0
-0.299481,0
-0.299533,0
-0.299582,0
-0.299629,0
-0.299672,0
-0.299713,0
-0.299751,0
-0.299787,0
-0.29982,0
-0.29985,0
-0.299877,0
-0.299901,0
-0.299923,0
-0.299942,0
-0.299959,0
-0.299972,0
-0.299983,0
-0.299991,0
-0.299997,0
-0.3,0
-0.3,0
-0.299997,0
-0.299991,0
-0.299983,0
-0.299972,0
-0.299959,0
-0.299942,0
-0.299923,0
-0.299901,0
-0.299877,0
-0.29985,0
-0.29982,0
-0.299787,0
-0.299751,0
-0.299713,0
-0.299672,0
-0.299629,0
-0.299582,0
-0.299533,0
-0.299481,0
-0.299427,0
-0.29937,0
-0.29931,0
-0.299247,0
-0.299181,0
-0.299113,0
-0.299042,0
-0.298969,0
-0.298892,0
-0.298813,0
-0.298732,0
-0.298647,0
-0.29856,0
-0.29847,0
-0.298378,0
-0.298282,0
-0.298184,0
-0.298083,0
-0.29798,0
-0.297874,0
-0.297765,0
-0.297653,0
-0.297539,0
-0.297422,0
-0.297302,0
-0.29718,0
-0.297055,0
-0.296927,0
-0.296796,0
-0.296663,0
-0.296527,0
-0.296389,0
-0.296247,0
-0.296103,0
-0.295957,0
-0.295807,0
-0.295655,0
-0.2955,0
-0.295343,0
-0.295183,0
-0.29502,0
-0.294854,0
-0.294686,0
-0.294515,0
-0.294342,0
-0.294165,0
-0.293987,0
-0.293805,0
-0.293621,0
-0.293434,0
-0.293244,0
-0.293052,0
-0.292857,0
-0.292659,0
-0.292459,0
-0.292256,0
-0.292051,0
-0.291843,0
-0.291632,0
-0.291418,0
-0.291202,0
-0.290983,0
-0.290762,0
-0.290537,0
-0.290311,0
-0.290081,0
-0.289849,0
-0.289615,0
-0.289377,0
-0.289137,0
-0.288895,0
-0.288649,0
-0.288402,0
-0.288151,0
-0.287898,0
-0.287642,0
-0.287384,0
-0.287123,0
-0.28686,0
-0.286593,0
-0.286325,0
-0.286053,0
-0.285779,0
-0.285503,0
-0.285224,0
-0.284942,0
-0.284657,0
-0.284371,0
-0.284081,0
-0.283789,0
-0.283494,0
-0.283197,0
-0.282897,0
-0.282595,0
-0.28229,0
-0.281982,0
-0.281672,0
-0.281359,0
-0.281044,0
-0.280726,0
-0.280406,0
-0.280083,0
-0.279758,0
-0.27943,0
-0.279099,0
-0.278766,0
-0.27843,0
-0.278092,0
-0.277752,0
-0.277408,0
-0.277063,0
-0.276715,0
-0.276364,0
-0.276011,0
-0.275655,0
-0.275296,0
-0.274936,0
-0.274572,0
-0.274207,0
-0.273838,0
-0.273468,0
-0.273094,0
-0.272718,0
-0.27234,0
-0.271959,0
-0.271576,0
-0.271191,0
-0.270803,0
-0.270412,0
-0.270019,0
-0.269623,0
-0.269226,0
-0.268825,0
-0.268422,0
-0.268017,0
-0.267609,0
-0.267199,0
-0.266786,0
-0.266372,0
-0.265954,0
-0.265534,0
-0.265112,0
-0.264687,0
-0.26426,0
-0.263831,0
-0.263399,0
-0.262965,0
-0.262528,0
-0.262089,0
-0.261648,0
-0.261203,0
-0.260757,0
-0.260309,0
-0.259858,0
-0.259405,0
-0.258949,0
-0.258491,0
-0.258031,0
-0.257568,0
-0.257103,0
-0.256635,0
-0.256166,0
-0.255694,0
-0.255219,0
-0.254742,0
-0.254264,0
-0.253782,0
-0.253298,0
-0.252812,0
-0.252324,0
-0.251834,0
-0.251341,0
-0.250846,0
-0.250348,0
-0.249849,0
-0.249347,0
-0.248842,0
-0.248336,0
-0.247827,0
-0.247316,0
-0.246803,0
-0.246287,0
-0.24577,0
-0.245249,0
-0.244727,0
-0.244203,0
-0.243676,0
-0.243148,0
-0.242617,0
-0.242083,0
-0.241548,0
-0.24101,0
-0.24047,0
-0.239928,0
-0.239384,0
-0.238837,0
-0.238289,0
-0.237738,0
-0.237185,0
-0.23663,0
-0.236073,0
-0.235513,0
-0.234952,0
-0.234388,0
-0.233822,0
-0.233255,0
-0.232685,0
-0.232112,0
-0.231538,0
-0.230961,0
-0.230383,0
-0.229803,0
-0.22922,0
-0.228635,0
-0.228048,0
-0.227459,0
-0.226869,0
-0.226275,0
-0.22568,0
-0.225083,0
-0.224484,0
-0.223883,0
-0.223279,0
-0.222674,0
-0.222067,0
-0.221457,0
-0.220846,0
-0.220233,0
-0.219617,0
-0.219,0
-0.218381,0
-0.217759,0
-0.217136,0
-0.216511,0
-0.215884,0
-0.215254,0
-0.214623,0
-0.21399,0
-0.213355,0
-0.212718,0
-0.212079,0
-0.211438,0
-0.210795,0
-0.21015,0
-0.209504,0
-0.208855,0
-0.208205,0
-0.207552,0
-0.206898,0
-0.206242,0
-0.205584,0
-0.204924,0
-0.204262,0
-0.203599,0
-0.202933,0
-0.202266,0
-0.201597,0
-0.200926,0
-0.200253,0
-0.199579,0
-0.198902,0
-0.198224,0
-0.197544,0
-0.196862,0
-0.196178,0
-0.195493,0
-0.194806,0
-0.194117,0
-0.193426,0
-0.192734,0
-0.19204,0
-0.191343,0
-0.190646,0
-0.189946,0
-0.189245,0
-0.188542,0
-0.187837,0
-0.187131,0
-0.186423,0
-0.185713,0
-0.185002,0
-0.184289,0
-0.183574,0
-0.182858,0
-0.182139,0
-0.18142,0
-0.180698,0
-0.179975,0
-0.179251,0
-0.178524,0
-0.177796,0
-0.177067,0
-0.176336,0
-0.175603,0
-0.174868,0
-0.174133,0
-0.173395,0
-0.172656,0
-0.171915,0
-0.171173,0
-0.170429,0
-0.169684,0
-0.168937,0
-0.168188,0
-0.167438,0
-0.166687,0
-0.165934,0
-0.165179,0
-0.164423,0
-0.163665,0
-0.162907,0
-0.162146,0
-0.161384,0
-0.160621,0
-0.159856,0
-0.159089,0
-0.158322,0
-0.157552,0
-0.156782,0
-0.15601,0
-0.155236,0
-0.154461,0
-0.153685,0
-0.152907,0
-0.152128,0
-0.151347,0
-0.150566,0
-0.149782,0
-0.148998,0
-0.148212,0
-0.147424,0
-0.146636,0
-0.145845,0
-0.145054,0
-0.144262,0
-0.143468,0
-0.142673,0
-0.141876,0
-0.141078,0
-0.140279,0
-0.139478,0
-0.138677,0
-0.137874,0
-0.13707,0
-0.136264,0
-0.135457,0
-0.13465,0
-0.133841,0
-0.13303,0
-0.132219,0
-0.131406,0
-0.130592,0
-0.129777,0
-0.12896,0
-0.128143,0
-0.127324,0
-0.126504,0
-0.125684,0
-0.124861,0
-0.124038,0
-0.123214,0
-0.122388,0
-0.121562,0
-0.120734,0
-0.119905,0
-0.119075,0
-0.118244,0
-0.117412,0
-0.116579,0
-0.115745,0
-0.11491,0
-0.114073,0
-0.113236,0
-0.112397,0
-0.111558,0
-0.110718,0
-0.109876,0
-0.109034,0
-0.108191,0
-0.107346,0
-0.106501,0
-0.105654,0
-0.104807,0
-0.103959,0
-0.10311,0
-0.10226,0
-0.101408,0
-0.100557,0
-0.0997039,0
-0.0988497,0
-0.0979952,0
-0.0971393,0
-0.096283,0
-0.0954259,0
-0.0945673,0
-0.0937085,0
-0.0928488,0
-0.0919876,0
-0.0911263,0
-0.0902635,0
-0.0894004,0
-0.0885366,0
-0.0876713,0
-0.0868059,0
-0.0859391,0
-0.0850721,0
-0.0842043,0
-0.0833351,0
-0.0824658,0
-0.0815951,0
-0.0807243,0
-0.0798528,0
-0.0789799,0
-0.0781069,0
-0.0772333,0
-0.0763582,0
-0.0754832,0
-0.0746068,0
-0.0737303,0
-0.0728532,0
-0.0719748,0
-0.0710964,0
-0.0702166,0
-0.0693369,0
-0.0684566,0
-0.067575,0
-0.0666934,0
-0.0658106,0
-0.0649278,0
-0.0640444,0
-0.0631598,0
-0.0622752,0
-0.0613895,0
-0.0605038,0
-0.0596176,0
-0.0587302,0
-0.0578429,0
-0.0569551,0
-0.0560662,0
-0.0551773,0
-0.0542873,0
-0.0533975,0
-0.0525072,0
-0.0516157,0
-0.0507245,0
-0.0498321,0
-0.0489399,0
-0.0480473,0
-0.0471536,0
-0.0462601,0
-0.0453655,0
-0.0444712,0
-0.0435765,0
-0.0426807,0
-0.0417852,0
-0.0408893,0
-0.0399924,0
-0.0390957,0
-0.0381981,0
-0.0373008,0
-0.0364031,0
-0.0355044,0
-0.0346061,0
-0.0337068,0
-0.0328079,0
-0.0319086,0
-0.0310084,0
-0.0301086,0
-0.0292079,0
-0.0283075,0
-0.0274069,0
-0.0265054,0
-0.0256043,0
-0.0247029,0
-0.0238007,0
-0.0228989,0
-0.0219963,0
-0.0210941,0
-0.0201917,0
-0.0192885,0
-0.0183858,0
-0.0174822,0
-0.0165791,0
-0.0156759,0
-0.0147719,0
-0.0138684,0
-0.0129642,0
-0.0120604,0
-0.0111566,0
-0.010252,0
-0.00934793,0
-0.00844381,0
-0.00753895,0
-0.00663468,0
-0.00572969,0
-0.00482531,0
-0.00392088,0
-0.00301576,0
-0.00211127,0
-0.00120611,0
-0.000301588,0
0.000602934,0
0.00150811,0
0.00241261,0
0.00331775,0
0.0042222,0
0.00512661,0
0.00603164,0
0.00693595,0
0.00784019,0
0.00874503,0
0.00964913,0
0.0105538,0
0.0114577,0
0.0123615,0
0.0132659,0
0.0141694,0
0.0150735,0
0.0159769,0
0.01688,0
0.0177837,0
0.0186865,0
0.0195899,0
0.0204924,0
0.0213947,0
0.0222975,0
0.0231994,0
0.0241018,0
0.0250032,0
0.0259045,0
0.0268062,0
0.027707,0
0.0286075,0
0.0295084,0
0.0304084,0
0.0313088,0
0.0322082,0
0.0331074,0
0.0340069,0
0.0349054,0
0.0358043,0
0.0367022,0
0.0375997,0
0.0384976,0
0.0393945,0
0.0402916,0
0.0411878,0
0.0420836,0
0.0429796,0
0.0438746,0
0.0447692,0
0.045664,0
0.0465578,0
0.0474518,0
0.0483447,0
0.0492372,0
0.0501299,0
0.0510214,0
0.0519132,0
0.0528038,0
0.053694,0
0.0545843,0
0.0554735,0
0.0563628,0
0.057251,0
0.0581386,0
0.0590264,0
0.0599129,0
0.060799,0
0.0616851,0
0.06257,0
0.063455,0
0.0643388,0
0.0652219,0
0.0661052,0
0.0669872,0
0.0678692,0
0.0687499,0
0.0696301,0
0.0705102,0
0.0713891,0
0.0722679,0
0.0731455,0
0.0740224,0
0.0748992,0
0.0757748,0
0.0766496,0
0.0775244,0
0.0783978,0
0.0792712,0
0.0801432,0
0.0810145,0
0.0818857,0
0.0827555,0
0.0836252,0
0.0844935,0
0.085361,0
0.0862284,0
0.0870943,0
0.0879601,0
0.0888245,0
0.089688,0
0.0905514,0
0.0914133,0
0.0922751,0
0.0931353,0
0.0939947,0
0.0948539,0
0.0957116,0
0.0965684,0
0.097425,0
0.09828,0
0.0991348,0
0.0999881,0
0.10084,0
0.101692,0
0.102543,0
0.103393,0
0.104242,0
0.105089,0
0.105937,0
0.106783,0
0.107628,0
0.108472,0
0.109315,0
0.110157,0
0.110998,0
0.111838,0
0.112677,0
0.113515,0
0.114352,0
0.115188,0
0.116023,0
0.116857,0
0.117689,0
0.118522,0
0.119352,0
0.120181,0
0.12101,0
0.121837,0
0.122664,0
0.123489,0
0.124312,0
0.125136,0
0.125957,0
0.126778,0
0.127597,0
0.128415,0
0.129233,0
0.130049,0
0.130863,0
0.131677,0
0.132489,0
0.133301,0
0.13411,0
0.134919,0
0.135727,0
0.136533,0
0.137338,0
0.138142,0
0.138944,0
0.139746,0
0.140545,0
0.141344,0
0.142142,0
0.142938,0
0.143733,0
0.144526,0
0.145318,0
0.146109,0
0.146899,0
0.147687,0
0.148474,0
0.149259,0
0.150044,0
0.150826,0
0.151608,0
0.152388,0
0.153166,0
0.153944,0
0.15472,0
0.155494,0
0.156267,0
0.157039,0
0.157809,0
0.158578,0
0.159345,0
0.160111,0
0.160875,0
0.161639,0
0.1624,0
0.16316,0
0.163918,0
0.164675,0
0.165431,0
0.166185,0
0.166937,0
0.167689,0
0.168438,0
0.169186,0
0.169932,0
0.170677,0
0.171421,0
0.172162,0
0.172902,0
0.173641,0
0.174378,0
0.175114,0
0.175847,0
0.176579,0
0.17731,0
0.178039,0
0.178767,0
0.179492,0
0.180216,0
0.180939,0
0.18166,0
0.182379,0
0.183097,0
0.183812,0
0.184527,0
0.185239,0
0.18595,0
0.186659,0
0.187367,0
0.188073,0
0.188777,0
0.189479,0
0.19018,0
0.190878,0
0.191576,0
0.192271,0
0.192964,0
0.193657,0
0.194347,0
0.195035,0
0.195722,0
0.196406,0
0.19709,0
0.197771,0
0.19845,0
0.199128,0
0.199803,0
0.200478,0
0.20115,0
0.20182,0
0.202489,0
0.203155,0
0.20382,0
0.204483,0
0.205144,0
0.205804,0
0.206461,0
0.207117,0
0.20777,0
0.208421,0
0.209072,0
0.209719,0
0.210365,0
0.21101,0
0.211652,0
0.212292,0
0.21293,0
0.213566,0
0.214201,0
0.214833,0
0.215464,0
0.216093,0
0.216719,0
0.217344,0
0.217967,0
0.218588,0
0.219206,0
0.219823,0
0.220438,0
0.22105,0
0.221661,0
0.22227,0
0.222876,0
0.223481,0
0.224083,0
0.224684,0
0.225283,0
0.225879,0
0.226473,0
0.227066,0
0.227656,0
0.228244,0
0.22883,0
0.229415,0
0.229996,0
0.230576,0
0.231154,0
0.23173,0
0.232303,0
0.232875,0
0.233444,0
0.234011,0
0.234576,0
0.235139,0
0.2357,0
0.236259,0
0.236815,0
0.23737,0
0.237922,0
0.238472,0
0.23902,0
0.239566,0
0.240109,0
0.24065,0
0.24119,0
0.241726,0
0.242261,0
0.242794,0
0.243324,0
0.243852,0
0.244378,0
0.244902,0
0.245423,0
0.245942,0
0.24646,0
0.246974,0
0.247487,0
0.247997,0
0.248505,0
0.249011,0
0.249514,0
0.250015,0
0.250514,0
0.251011,0
0.251505,0
0.251997,0
0.252487,0
0.252975,0
0.25346,0
0.253943,0
0.254423,0
0.254901,0
0.255378,0
0.255851,0
0.256322,0
0.256791,0
0.257258,0
0.257722,0
0.258184,0
0.258644,0
0.259101,0
0.259556,0
0.260009,0
0.260459,0
0.260906,0
0.261352,0
0.261795,0
0.262235,0
0.262674,0
0.26311,0
0.263543,0
0.263974,0
0.264403,0
0.264829,0
0.265253,0
0.265675,0
0.266094,0
0.26651,0
0.266924,0
0.267336,0
0.267746,0
0.268152,0
0.268557,0
0.268959,0
0.269358,0
0.269756,0
0.27015,0
0.270542,0
0.270932,0
0.27132,0
0.271704,0
0.272087,0
0.272467,0
0.272844,0
0.273219,0
0.273591,0
0.273961,0
0.274329,0
0.274694,0
0.275056,0
0.275416,0
0.275774,0
0.276129,0
0.276481,0
0.276831,0
0.277178,0
0.277523,0
0.277865,0
0.278205,0
0.278543,0
0.278877,0
0.27921,0
0.279539,0
0.279866,0
0.280191,0
0.280513,0
0.280833,0
0.28115,0
0.281464,0
0.281776,0
0.282085,0
0.282392,0
0.282696,0
0.282997,0
0.283296,0
0.283593,0
0.283887,0
0.284178,0
0.284466,0
0.284753,0
0.285036,0
0.285317,0
0.285595,0
0.285871,0
0.286144,0
0.286415,0
0.286682,0
0.286948,0
0.28721,0
0.287471,0
0.287728,0
0.287983,0
0.288235,0
0.288484,0
0.288731,0
0.288976,0
0.289217,0
0.289457,0
0.289693,0
0.289927,0
0.290158,0
0.290386,0
0.290612,0
0.290836,0
0.291056,0
0.291274,0
0.29149,0
0.291702,0
0.291912,0
0.292119,0
0.292324,0
0.292526,0
0.292726,0
0.292922,0
0.293116,0
0.293308,0
0.293496,0
0.293682,0
0.293866,0
0.294047,0
0.294225,0
0.2944,0
0.294573,0
0.294743,0
0.29491,0
0.295075,0
0.295236,0
0.295396,0
0.295552,0
0.295706,0
0.295857,0
0.296006,0
0.296152,0
0.296295,0
0.296435,0
0.296573,0
0.296708,0
0.29684,0
0.29697,0
0.297097,0
0.297221,0
0.297342,0
0.297461,0
0.297577,0
0.297691,0
0.297801,0
0.297909,0
0.298015,0
0.298117,0
0.298217,0
0.298314,0
0.298409,0
0.2985,0
0.298589,0
0.298676,0
0.298759,0
0.29884,0
0.298918,0
0.298994,0
0.299066,0
0.299136,0
0.299204,0
0.299268,0
0.29933,0
0.299389,0
0.299445,0
0.299499,0
0.29955,0
0.299598,0
0.299643,0
0.299686,0
0.299726,0
0.299764,0
0.299798,0
0.29983,0
0.299859,0
0.299885,0
0.299909,0
0.29993,0
0.299948,0
0.299964,0
0.299976,0
0.299986,0
0.299994,0
0.299998,0
0.3,0
0.299999,0
0.299995,0
0.299989,0
0.29998,0
0.299968,0
0.299954,0
0.299936,0
0.299916,0
0.299894,0
0.299868,0
0.29984,0
0.299809,0
0.299775,0
0.299739,0
0.2997,0
0.299658,0
0.299613,0
0.299566,0
0.299516,0
0.299463,0
0.299408,0
0.29935,0
0.299289,0
0.299225,0
0.299159,0
0.29909,0
0.299018,0
0.298944,0
0.298866,0
0.298786,0
0.298704,0
0.298618,0
0.29853,0
0.29844,0
0.298346,0
0.29825,0
0.298151,0
0.298049,0
0.297945,0
0.297838,0
0.297728,0
0.297615,0
0.2975,0
0.297382,0
0.297262,0
0.297138,0
0.297012,0
0.296884,0
0.296752,0
0.296618,0
0.296481,0
0.296342,0
0.2962,0
0.296055,0
0.295907,0
0.295757,0
0.295604,0
0.295448,0
0.29529,0
0.295129,0
0.294965,0
0.294799,0
0.29463,0
0.294458,0
0.294283,0
0.294106,0
0.293926,0
0.293744,0
0.293559,0
0.293371,0
0.29318,0
0.292987,0
0.292792,0
0.292593,0
0.292392,0
0.292188,0
0.291982,0
0.291773,0
0.291561,0
0.291346,0
0.291129,0
0.290909,0
0.290687,0
0.290462,0
0.290234,0
0.290004,0
0.289771,0
0.289536,0
0.289297,0
0.289057,0
0.288813,0
0.288567,0
0.288318,0
0.288067,0
0.287813,0
0.287557,0
0.287297,0
0.287036,0
0.286771,0
0.286504,0
0.286235,0
0.285962,0
0.285687,0
0.28541,0
0.28513,0
0.284847,0
0.284562,0
0.284274,0
0.283984,0
0.283691,0
0.283396,0
0.283097,0
0.282797,0
0.282493,0
0.282187,0
0.281879,0
0.281568,0
0.281255,0
0.280939,0
0.28062,0
0.280299,0
0.279975,0
0.279649,0
0.27932,0
0.278988,0
0.278655,0
0.278318,0
0.277979,0
0.277638,0
0.277293,0
0.276947,0
0.276598,0
0.276246,0
0.275892,0
0.275535,0
0.275176,0
0.274815,0
0.274451,0
0.274084,0
0.273715,0
0.273343,0
0.272969,0
0.272593,0
0.272214,0
0.271832,0
0.271448,0
0.271062,0
0.270673,0
0.270281,0
0.269888,0
0.269491,0
0.269092,0
0.268691,0
0.268288,0
0.267882,0
0.267473,0
0.267062,0
0.266649,0
0.266233,0
0.265815,0
0.265394,0
0.264971,0
0.264545,0
0.264117,0
0.263687,0
0.263254,0
0.262819,0
0.262382,0
0.261942,0
0.2615,0
0.261055,0
0.260608,0
0.260159,0
0.259707,0
0.259253,0
0.258797,0
0.258338,0
0.257877,0
0.257413,0
0.256947,0
0.256479,0
0.256008,0
0.255536,0
0.25506,0
0.254583,0
0.254103,0
0.253621,0
0.253137,0
0.25265,0
0.252161,0
0.25167,0
0.251176,0
0.25068,0
0.250182,0
0.249681,0
0.249179,0
0.248674,0
0.248167,0
0.247657,0
0.247145,0
0.246631,0
0.246115,0
0.245597,0
0.245076,0
0.244553,0
0.244028,0
0.2435,0
0.242971,0
0.242439,0
0.241905,0
0.241369,0
0.24083,0
0.24029,0
0.239747,0
0.239202,0
0.238655,0
0.238106,0
0.237554,0
0.237,0
0.236444,0
0.235887,0
0.235327,0
0.234764,0
0.2342,0
0.233633,0
0.233065,0
0.232494,0
0.231921,0
0.231346,0
0.230769,0
0.23019,0
0.229609,0
0.229025,0
0.22844,0
0.227852,0
0.227263,0
0.226671,0
0.226077,0
0.225482,0
0.224884,0
0.224284,0
0.223682,0
0.223078,0
0.222472,0
0.221864,0
0.221254,0
0.220642,0
0.220028,0
0.219412,0
0.218794,0
0.218174,0
0.217552,0
0.216928,0
0.216302,0
0.215674,0
0.215044,0
0.214412,0
0.213779,0
0.213143,0
0.212505,0
0.211865,0
0.211224,0
0.21058,0
0.209935,0
0.209288,0
0.208638,0
0.207987,0
0.207335,0
0.206679,0
0.206023,0
0.205364,0
0.204704,0
0.204041,0
0.203377,0
0.202711,0
0.202043,0
0.201373,0
0.200702,0
0.200028,0
0.199353,0
0.198676,0
0.197997,0
0.197317,0
0.196634,0
0.19595,0
0.195264,0
0.194576,0
0.193887,0
0.193195,0
0.192502,0
0.191808,0
0.191111,0
0.190413,0
0.189713,0
0.189011,0
0.188308,0
0.187602,0
0.186895,0
0.186187,0
0.185476,0
0.184765,0
0.184051,0
0.183335,0
0.182619,0
0.1819,0
0.18118,0
0.180457,0
0.179734,0
0.179009,0
0.178282,0
0.177553,0
0.176823,0
0.176091,0
0.175358,0
0.174623,0
0.173887,0
0.173149,0
0.172409,0
0.171668,0
0.170925,0
0.170181,0
0.169435,0
0.168687,0
0.167939,0
0.167188,0
0.166436,0
0.165683,0
0.164927,0
0.164171,0
0.163413,0
0.162653,0
0.161892,0
0.16113,0
0.160366,0
0.159601,0
0.158834,0
0.158065,0
0.157295,0
0.156525,0
0.155752,0
0.154978,0
0.154203,0
0.153425,0
0.152647,0
0.151868,0
0.151087,0
0.150305,0
0.149521,0
0.148736,0
0.14795,0
0.147161,0
0.146373,0
0.145582,0
0.14479,0
0.143997,0
0.143203,0
0.142407,0
0.14161,0
0.140812,0
0.140012,0
0.139211,0
0.138409,0
0.137606,0
0.136801,0
0.135996,0
0.135188,0
0.13438,0
0.133571,0
0.13276,0
0.131948,0
0.131135,0
0.13032,0
0.129505,0
0.128688,0
0.12787,0
0.127051,0
0.126231,0
0.12541,0
0.124587,0
0.123763,0
0.122939,0
0.122113,0
0.121286,0
0.120457,0
0.119629,0
0.118798,0
0.117967,0
0.117135,0
0.116301,0
0.115466,0
0.114631,0
0.113794,0
0.112957,0
0.112118,0
0.111278,0
0.110437,0
0.109595,0
0.108753,0
0.107909,0
0.107064,0
0.106219,0
0.105372,0
0.104524,0
0.103676,0
0.102826,0
0.101976,0
0.101125,0
0.100272,0
0.0994193,0
0.0985648,0
0.0977101,0
0.0968544,0
0.0959973,0
0.0951399,0
0.094281,0
0.0934219,0
0.0925619,0
0.0917005,0
0.0908388,0
0.0899757,0
0.0891124,0
0.0882483,0
0.0873828,0
0.0865171,0
0.0856506,0
0.0847827,0
0.0839147,0
0.0830453,0
0.0821757,0
0.0813054,0
0.0804337,0
0.079562,0
0.0786888,0
0.0778156,0
0.0769417,0
0.0760665,0
0.0751912,0
0.0743145,0
0.0734379,0
0.0725605,0
0.0716819,0
0.0708032,0
0.0699233,0
0.0690434,0
0.0681628,0
0.067281,0
0.0663992,0
0.0655168,0
0.0646332,0
0.0637496,0
0.0628648,0
0.0619801,0
0.0610948,0
0.0602083,0
0.059322,0
0.0584344,0
0.0575469,0
0.0566589,0
0.0557698,0
0.0548808,0
0.0539906,0
0.0531006,0
0.0522101,0
0.0513185,0
0.0504271,0
0.0495352,0
0.0486423,0
0.0477495,0
0.0468556,0
0.045962,0
0.0450679,0
0.0441728,0
0.043278,0
0.0423821,0
0.0414864,0
0.0405904,0
0.0396934,0
0.0387966,0
0.0378989,0
0.0370014,0
0.0361036,0
0.0352049,0
0.0343064,0
0.0334077,0
0.032508,0
0.0316086,0
0.0307084,0
0.0298085,0
0.0289083,0
0.0280072,0
0.0271065,0
0.0262049,0
0.0253037,0
0.0244023,0
0.0235,0
0.0225981,0
0.0216954,0
0.0207932,0
0.0198907,0
0.0189875,0
0.0180847,0
0.0171817,0
0.0162779,0
0.0153747,0
0.0144706,0
0.0135671,0
0.0126634,0
0.011759,0
0.0108551,0
0.00995048,0
0.00904641,0
0.00814226,0
0.00723738,0
0.00633309,0
0.00542808,0
0.00452368,0
0.00361924,0
0.00271411,0
0.00180962,0
0.000905105,0
-7.37311e-08,0
-0.000904595,0
-0.00180977,0
-0.00271426,0
-0.00361873,0
-0.00452383,0
-0.00542823,0
-0.00633323,0
-0.00723752,0
-0.00814175,0
-0.00904656,0
-0.00995063,0
-0.0108553,0
-0.0117591,0
-0.0126629,0
-0.0135672,0
-0.0144708,0
-0.0153748,0
-0.0162781,0
-0.0171812,0
-0.0180848,0
-0.0189876,0
-0.0198902,0
-0.0207933,0
-0.0216956,0
-0.0225983,0
-0.0235001,0
-0.0244018,0
-0.0253038,0
-0.026205,0
-0.0271066,0
-0.0280073,0
-0.0289078,0
-0.0298086,0
-0.0307085,0
-0.0316088,0
-0.0325081,0
-0.0334072,0
-0.0343066,0
-0.035205,0
-0.0361031,0
-0.0370016,0
-0.037899,0
-0.0387968,0
-0.0396935,0
-0.0405899,0
-0.0414866,0
-0.0423822,0
-0.0432781,0
-0.044173,0
-0.0450674,0
-0.0459621,0
-0.0468558,0
-0.0477496,0
-0.0486424,0
-0.0495347,0
-0.0504273,0
-0.0513187,0
-0.0522096,0
-0.0531008,0
-0.0539908,0
-0.0548809,0
-0.0557699,0
-0.0566584,0
-0.0575471,0
-0.0584345,0
-0.0593221,0
-0.0602085,0
-0.0610943,0
-0.0619803,0
-0.062865,0
-0.0637498,0
-0.0646334,0
-0.0655163,0
-0.0663994,0
-0.0672812,0
-0.0681623,0
-0.0690435,0
-0.0699235,0
-0.0708034,0
-0.071682,0
-0.07256,0
-0.073438,0
-0.0743147,0
-0.0751913,0
-0.0760666,0
-0.0769412,0
-0.0778158,0
-0.078689,0
-0.0795621,0
-0.0804339,0
-0.0813049,0
-0.0821759,0
-0.0830454,0
-0.0839148,0
-0.0847829,0
-0.0856501,0
-0.0865173,0
-0.0873829,0
-0.0882479,0
-0.0891126,0
-0.0899759,0
-0.090839,0
-0.0917006,0
-0.0925614,0
-0.093422,0
-0.0942811,0
-0.09514,0
-0.0959974,0
-0.0968539,0
-0.0977102,0
-0.098565,0
-0.0994195,0
-0.100272,0
-0.101124,0
-0.101976,0
-0.102826,0
-0.103676,0
-0.104525,0
-0.105372,0
-0.106219,0
-0.107064,0
-0.107909,0
-0.108753,0
-0.109596,0
-0.110438,0
-0.111278,0
-0.112118,0
-0.112957,0
-0.113794,0
-0.114631,0
-0.115467,0
-0.116301,0
-0.117135,0
-0.117967,0
-0.118798,0
-0.119629,0
-0.120458,0
-0.121286,0
-0.122113,0
-0.122938,0
-0.123764,0
-0.124587,0
-0.12541,0
-0.126231,0
-0.127051,0
-0.12787,0
-0.128688,0
-0.129505,0
-0.13032,0
-0.131135,0
-0.131948,0
-0.13276,0
-0.13357,0
-0.13438,0
-0.135188,0
-0.135996,0
-0.136801,0
-0.137606,0
-0.138409,0
-0.139211,0
-0.140013,0
-0.140812,0
-0.14161,0
-0.142407,0
-0.143203,0
-0.143998,0
-0.14479,0
-0.145582,0
-0.146373,0
-0.147162,0
-0.147949,0
-0.148736,0
-0.149521,0
-0.150305,0
-0.151087,0
-0.151868,0
-0.152648,0
-0.153426,0
-0.154203,0
-0.154978,0
-0.155752,0
-0.156525,0
-0.157296,0
-0.158066,0
-0.158834,0
-0.1596,0
-0.160366,0
-0.16113,0
-0.161893,0
-0.162653,0
-0.163413,0
-0.164171,0
-0.164927,0
-0.165682,0
-0.166436,0
-0.167188,0
-0.167939,0
-0.168687,0
-0.169435,0
-0.170181,0
-0.170925,0
-0.171668,0
-0.172409,0
-0.173148,0
-0.173887,0
-0.174623,0
-0.175358,0
-0.176092,0
-0.176823,0
-0.177553,0
-0.178282,0
-0.179008,0
-0.179734,0
-0.180457,0
-0.18118,0
-0.1819,0
-0.182618,0
-0.183336,0
-0.184051,0
-0.184765,0
-0.185476,0
-0.186187,0
-0.186895,0
-0.187602,0
-0.188308,0
-0.189011,0
-0.189712,0
-0.190413,0
-0.191111,0
-0.191807,0
-0.192502,0
-0.193195,0
-0.193887,0
-0.194576,0
-0.195264,0
-0.19595,0
-0.196634,0
-0.197317,0
-0.197997,0
-0.198676,0
-0.199353,0
-0.200028,0
-0.200702,0
-0.201373,0
-0.202043,0
-0.202711,0
-0.203377,0
-0.204041,0
-0.204704,0
-0.205364,0
-0.206023,0
-0.206679,0
-0.207334,0
-0.207987,0
-0.208638,0
-0.209288,0
-0.209935,0
-0.21058,0
-0.211224,0
-0.211865,0
-0.212505,0
-0.213143,0
-0.213778,0
-0.214412,0
-0.215044,0
-0.215674,0
-0.216302,0
-0.216928,0
-0.217552,0
-0.218174,0
-0.218794,0
-0.219412,0
-0.220028,0
-0.220642,0
-0.221254,0
-0.221864,0
-0.222472,0
-0.223078,0
-0.223682,0
-0.224284,0
-0.224884,0
-0.225482,0
-0.226077,0
-0.226671,0
-0.227263,0
-0.227852,0
-0.22844,0
-0.229025,0
-0.229608,0
-0.23019,0
-0.230769,0
-0.231346,0
-0.231921,0
-0.232494,0
-0.233065,0
-0.233633,0
-0.2342,0
-0.234764,0
-0.235326,0
-0.235887,0
-0.236444,0
-0.237,0
-0.237554,0
-0.238105,0
-0.238655,0
-0.239202,0
-0.239747,0
-0.24029,0
-0.24083,0
-0.241369,0
-0.241905,0
-0.242439,0
-0.242971,0
-0.2435,0
-0.244028,0
-0.244553,0
-0.245076,0
-0.245597,0
-0.246115,0
-0.246631,0
-0.247145,0
-0.247657,0
-0.248167,0
-0.248674,0
-0.249179,0
-0.249682,0
-0.250182,0
-0.25068,0
-0.251176,0
-0.251669,0
-0.252161,0
-0.25265,0
-0.253137,0
-0.253621,0
-0.254103,0
-0.254583,0
-0.25506,0
-0.255536,0
-0.256009,0
-0.256479,0
-0.256947,0
-0.257413,0
-0.257876,0
-0.258338,0
-0.258796,0
-0.259253,0
-0.259707,0
-0.260159,0
-0.260608,0
-0.261055,0
-0.2615,0
-0.261942,0
-0.262382,0
-0.262819,0
-0.263254,0
-0.263687,0
-0.264117,0
-0.264545,0
-0.264971,0
-0.265394,0
-0.265815,0
-0.266233,0
-0.266648,0
-0.267062,0
-0.267473,0
-0.267881,0
-0.268288,0
-0.268691,0
-0.269093,0
-0.269491,0
-0.269887,0
-0.270281,0
-0.270673,0
-0.271062,0
-0.271448,0
-0.271832,0
-0.272214,0
-0.272593,0
-0.272969,0
-0.273343,0
-0.273715,0
-0.274084,0
-0.274451,0
-0.274815,0
-0.275176,0
-0.275536,0
-0.275892,0
-0.276246,0
-0.276598,0
-0.276947,0
-0.277293,0
-0.277638,0
-0.277979,0
-0.278318,0
-0.278655,0
-0.278988,0
-0.27932,0
-0.279649,0
-0.279975,0
-0.280299,0
-0.28062,0
-0.280938,0
-0.281255,0
-0.281568,0
-0.281879,0
-0.282188,0
-0.282493,0
-0.282797,0
-0.283097,0
-0.283396,0
-0.283691,0
-0.283984,0
-0.284274,0
-0.284562,0
-0.284847,0
-0.28513,0
-0.28541,0
-0.285688,0
-0.285962,0
-0.286234,0
-0.286504,0
-0.286771,0
-0.287036,0
-0.287297,0
-0.287556,0
-0.287813,0
-0.288067,0
-0.288318,0
-0.288567,0
-0.288813,0
-0.289057,0
-0.289297,0
-0.289536,0
-0.289771,0
-0.290004,0
-0.290235,0
-0.290462,0
-0.290687,0
-0.29091,0
-0.291129,0
-0.291346,0
-0.291561,0
-0.291772,0
-0.291982,0
-0.292188,0
-0.292392,0
-0.292593,0
-0.292791,0
-0.292987,0
-0.29318,0
-0.293371,0
-0.293559,0
-0.293744,0
-0.293926,0
-0.294106,0
-0.294283,0
-0.294458,0
-0.294629,0
-0.294799,0
-0.294965,0
-0.295129,0
-0.29529,0
-0.295448,0
-0.295604,0
-0.295757,0
-0.295907,0
-0.296055,0
-0.2962,0
-0.296342,0
-0.296481,0
-0.296618,0
-0.296752,0
-0.296884,0
-0.297012,0
-0.297138,0
-0.297262,0
-0.297382,0
-0.2975,0
-0.297615,0
-0.297728,0
-0.297838,0
-0.297945,0
-0.298049,0
-0.298151,0
-0.29825,0
-0.298346,0
-0.29844,0
-0.29853,0
-0.298618,0
-0.298704,0
-0.298786,0
-0.298866,0
-0.298944,0
-0.299018,0
-0.29909,0
-0.299159,0
-0.299225,0
-0.299289,0
-0.29935,0
-0.299408,0
-0.299463,0
-0.299516,0
-0.299566,0
-0.299613,0
-0.299658,0
-0.2997,0
-0.299739,0
-0.299775,0
-0.299809,0
-0.29984,0
-0.299868,0
-0.299894,0
-0.299916,0
-0.299936,0
-0.299954,0
-0.299968,0
-0.29998,0
-0.299989,0
-0.299995,0
-0.299999,0
-0.3,0
-0.299998,0
-0.299994,0
-0.299986,0
-0.299976,0
-0.299964,0
-0.299948,0
-0.29993,0
-0.299909,0
-0.299885,0
-0.299859,0
-0.29983,0
-0.299798,0
-0.299764,0
-0.299726,0
-0.299686,0
-0.299643,0
-0.299598,0
-0.29955,0
-0.299499,0
-0.299445,0
-0.299389,0
-0.29933,0
-0.299268,0
-0.299204,0
-0.299136,0
-0.299066,0
-0.298994,0
-0.298918,0
-0.29884,0
-0.298759,0
-0.298676,0
-0.298589,0
-0.2985,0
-0.298409,0
-0.298314,0
-0.298217,0
-0.298117,0
-0.298015,0
-0.297909,0
-0.297801,0
-0.297691,0
-0.297577,0
-0.297461,0
-0.297342,0
-0.297221,0
-0.297097,0
-0.29697,0
-0.29684,0
-0.296708,0
-0.296573,0
-0.296435,0
-0.296295,0
-0.296152,0
-0.296006,0
-0.295857,0
-0.295706,0
-0.295552,0
-0.295396,0
-0.295236,0
-0.295074,0
-0.29491,0
-0.294743,0
-0.294573,0
-0.2944,0
-0.294225,0
-0.294046,0
-0.293866,0
-0.293683,0
-0.293496,0
-0.293308,0
-0.293116,0
-0.292922,0
-0.292726,0
-0.292526,0
-0.292324,0
-0.29212,0
-0.291912,0
-0.291702,0
-0.291489,0
-0.291274,0
-0.291056,0
-0.290836,0
-0.290612,0
-0.290386,0
-0.290158,0
-0.289927,0
-0.289693,0
-0.289457,0
-0.289217,0
-0.288976,0
-0.288732,0
-0.288484,0
-0.288235,0
-0.287983,0
-0.287728,0
-0.28747,0
-0.28721,0
-0.286948,0
-0.286683,0
-0.286415,0
-0.286144,0
-0.285871,0
-0.285595,0
-0.285317,0
-0.285036,0
-0.284753,0
-0.284466,0
-0.284178,0
-0.283887,0
-0.283593,0
-0.283296,0
-0.282998,0
-0.282696,0
-0.282392,0
-0.282085,0
-0.281776,0
-0.281464,0
-0.28115,0
-0.280833,0
-0.280513,0
-0.280191,0
-0.279867,0
-0.279539,0
-0.27921,0
-0.278877,0
-0.278543,0
-0.278205,0
-0.277865,0
-0.277523,0
-0.277178,0
-0.276831,0
-0.276481,0
-0.276128,0
-0.275774,0
-0.275416,0
-0.275056,0
-0.274694,0
-0.274329,0
-0.273961,0
-0.273591,0
-0.273219,0
-0.272844,0
-0.272467,0
-0.272087,0
-0.271704,0
-0.27132,0
-0.270932,0
-0.270543,0
-0.27015,0
-0.269756,0
-0.269358,0
-0.268959,0
-0.268557,0
-0.268152,0
-0.267746,0
-0.267336,0
-0.266924,0
-0.26651,0
-0.266094,0
-0.265675,0
-0.265253,0
-0.264829,0
-0.264403,0
-0.263974,0
-0.263543,0
-0.26311,0
-0.262674,0
-0.262236,0
-0.261795,0
-0.261352,0
-0.260907,0
-0.260459,0
-0.260009,0
-0.259556,0
-0.259101,0
-0.258644,0
-0.258184,0
-0.257722,0
-0.257258,0
-0.256791,0
-0.256323,0
-0.255851,0
-0.255378,0
-0.254901,0
-0.254423,0
-0.253943,0
-0.25346,0
-0.252975,0
-0.252487,0
-0.251997,0
-0.251505,0
-0.251011,0
-0.250514,0
-0.250016,0
-0.249514,0
-0.249011,0
-0.248505,0
-0.247997,0
-0.247487,0
-0.246974,0
-0.24646,0
-0.245942,0
-0.245423,0
-0.244902,0
-0.244378,0
-0.243852,0
-0.243324,0
-0.242794,0
-0.242261,0
-0.241726,0
-0.241189,0
-0.24065,0
-0.240109,0
-0.239566,0
-0.23902,0
-0.238472,0
-0.237922,0
-0.23737,0
-0.236815,0
-0.236259,0
-0.2357,0
-0.235139,0
-0.234576,0
-0.234011,0
-0.233444,0
-0.232875,0
-0.232303,0
-0.23173,0
-0.231154,0
-0.230576,0
-0.229996,0
-0.229414,0
-0.22883,0
-0.228244,0
-0.227656,0
-0.227066,0
-0.226473,0
-0.225879,0
-0.225282,0
-0.224684,0
-0.224083,0
-0.223481,0
-0.222876,0
-0.222269,0
-0.221661,0
-0.22105,0
-0.220437,0
-0.219823,0
-0.219206,0
-0.218587,0
-0.217966,0
-0.217344,0
-0.21672,0
-0.216093,0
-0.215464,0
-0.214833,0
-0.214201,0
-0.213567,0
-0.21293,0
-0.212292,0
-0.211651,0
-0.211009,0
-0.210366,0
-0.209719,0
-0.209071,0
-0.208422,0
-0.20777,0
-0.207116,0
-0.206461,0
-0.205803,0
-0.205144,0
-0.204483,0
-0.20382,0
-0.203155,0
-0.202489,0
-0.20182,0
-0.20115,0
-0.200478,0
-0.199803,0
-0.199128,0
-0.19845,0
-0.197771,0
-0.197089,0
-0.196407,0
-0.195722,0
-0.195035,0
-0.194346,0
-0.193657,0
-0.192965,0
-0.192271,0
-0.191576,0
-0.190878,0
-0.19018,0
-0.189479,0
-0.188776,0
-0.188073,0
-0.187367,0
-0.186659,0
-0.18595,0
-0.185239,0
-0.184527,0
-0.183813,0
-0.183097,0
-0.182379,0
-0.18166,0
-0.180939,0
-0.180217,0
-0.179492,0
-0.178767,0
-0.178039,0
-0.17731,0
-0.17658,0
-0.175847,0
-0.175113,0
-0.174378,0
-0.173641,0
-0.172902,0
-0.172162,0
-0.17142,0
-0.170677,0
-0.169932,0
-0.169186,0
-0.168438,0
-0.167688,0
-0.166938,0
-0.166185,0
-0.165431,0
-0.164675,0
-0.163918,0
-0.16316,0
-0.1624,0
-0.161638,0
-0.160875,0
-0.160111,0
-0.159345,0
-0.158578,0
-0.157809,0
-0.157039,0
-0.156267,0
-0.155494,0
-0.154719,0
-0.153944,0
-0.153167,0
-0.152388,0
-0.151608,0
-0.150826,0
-0.150044,0
-0.14926,0
-0.148474,0
-0.147687,0
-0.146898,0
-0.146109,0
-0.145319,0
-0.144526,0
-0.143733,0
-0.142937,0
-0.142142,0
-0.141344,0
-0.140545,0
-0.139746,0
-0.138945,0
-0.138142,0
-0.137338,0
-0.136533,0
-0.135727,0
-0.134919,0
-0.13411,0
-0.133301,0
-0.132489,0
-0.131677,0
-0.130864,0
-0.130049,0
-0.129233,0
-0.128415,0
-0.127597,0
-0.126778,0
-0.125957,0
-0.125136,0
-0.124313,0
-0.123489,0
-0.122664,0
-0.121837,0
-0.12101,0
-0.120182,0
-0.119352,0
-0.118521,0
-0.117689,0
-0.116857,0
-0.116023,0
-0.115188,0
-0.114352,0
-0.113515,0
-0.112677,0
-0.111838,0
-0.110998,0
-0.110157,0
-0.109315,0
-0.108472,0
-0.107628,0
-0.106782,0
-0.105937,0
-0.10509,0
-0.104242,0
-0.103393,0
-0.102543,0
-0.101692,0
-0.100841,0
-0.0999879,0
-0.0991347,0
-0.0982799,0
-0.0974248,0
-0.0965689,0
-0.0957114,0
-0.0948538,0
-0.0939952,0
-0.0931352,0
-0.0922749,0
-0.0914132,0
-0.0905513,0
-0.0896885,0
-0.0888243,0
-0.08796,0
-0.0870942,0
-0.0862282,0
-0.0853615,0
-0.0844933,0
-0.083625,0
-0.0827553,0
-0.0818855,0
-0.081015,0
-0.0801431,0
-0.0792711,0
-0.0783977,0
-0.0775243,0
-0.0766501,0
-0.0757746,0
-0.0748991,0
-0.0740229,0
-0.0731453,0
-0.0722678,0
-0.0713889,0
-0.0705101,0
-0.0696306,0
-0.0687498,0
-0.067869,0
-0.066987,0
-0.066105,0
-0.0652224,0
-0.0643386,0
-0.0634548,0
-0.0625698,0
-0.0616849,0
-0.0607995,0
-0.0599128,0
-0.0590262,0
-0.0581391,0
-0.0572508,0
-0.0563627,0
-0.0554734,0
-0.0545842,0
-0.0536945,0
-0.0528037,0
-0.0519131,0
-0.0510213,0
-0.0501297,0
-0.0492377,0
-0.0483446,0
-0.0474516,0
-0.0465576,0
-0.0456639,0
-0.0447697,0
-0.0438744,0
-0.0429794,0
-0.0420841,0
-0.0411876,0
-0.0402915,0
-0.0393943,0
-0.0384975,0
-0.0376002,0
-0.036702,0
-0.0358041,0
-0.0349053,0
-0.0340067,0
-0.0331079,0
-0.0322081,0
-0.0313086,0
-0.0304083,0
-0.0295083,0
-0.028608,0
-0.0277068,0
-0.026806,0
-0.025905,0
-0.0250031,0
-0.0241016,0
-0.0231992,0
-0.0222973,0
-0.0213952,0
-0.0204922,0
-0.0195897,0
-0.0186864,0
-0.0177835,0
-0.0168805,0
-0.0159767,0
-0.0150734,0
-0.0141693,0
-0.0132657,0
-0.012362,0
-0.0114576,0
-0.0105536,0
-0.00964964,0
-0.00874488,0
-0.00784071,0
-0.0069358,0
-0.00603149,0
-0.00512712,0
-0.00422205,0
-0.0033176,0
-0.00241246,0
-0.00150796,0
-0.000603445,0
0.000301736,0
0.00120625,0
0.00211142,0
0.00301591,0
0.00392037,0
0.00482546,0
0.00572984,0
0.00663483,0
0.00753909,0
0.0084433,0
0.00934808,0
0.0102521,0
0.0111561,0
0.0120606,0
0.0129643,0
0.0138686,0
0.0147721,0
0.0156754,0
0.0165793,0
0.0174824,0
0.0183859,0
0.0192887,0
0.0201912,0
0.0210943,0
0.0219964,0
0.0228991,0
0.0238009,0
0.0247024,0
0.0256044,0
0.0265055,0
0.0274064,0
0.0283077,0
0.029208,0
0.0301088,0
0.0310086,0
0.0319081,0
0.032808,0
0.033707,0
0.0346062,0
0.0355046,0
0.0364026,0
0.0373009,0
0.0381982,0
0.0390959,0
0.0399925,0
0.0408888,0
0.0417853,0
0.0426808,0
0.0435759,0
0.0444713,0
0.0453657,0
0.0462602,0
0.0471537,0
0.0480468,0
0.0489401,0
0.0498322,0
0.0507246,0
0.0516159,0
0.0525067,0
0.0533976,0
0.0542875,0
0.0551775,0
0.0560663,0
0.0569546,0
0.0578431,0
0.0587304,0
0.0596171,0
0.060504,0
0.0613896,0
0.0622754,0
0.0631599,0
0.0640439,0
0.0649279,0
0.0658107,0
0.0666935,0
0.0675751,0
0.0684561,0
0.0693371,0
0.0702168,0
0.0710965,0
0.0719749,0
0.0728527,0
0.0737305,0
0.0746069,0
0.0754833,0
0.0763584,0
0.0772328,0
0.0781071,0
0.0789801,0
0.0798523,0
0.0807245,0
0.0815953,0
0.0824659,0
0.0833352,0
0.0842038,0
0.0850722,0
0.0859392,0
0.0868061,0
0.0876715,0
0.0885361,0
0.0894006,0
0.0902636,0
0.0911264,0
0.0919878,0
0.0928483,0
0.0937086,0
0.0945675,0
0.0954254,0
0.0962832,0
0.0971394,0
0.0979954,0
0.0988498,0
0.0997034,0
0.100557,0
0.101408,0
0.10226,0
0.10311,0
0.103959,0
0.104807,0
0.105654,0
0.106501,0
0.107346,0
0.10819,0
0.109034,0
0.109876,0
0.110717,0
0.111558,0
0.112397,0
0.113236,0
0.114073,0
0.114909,0
0.115745,0
0.116579,0
0.117412,0
0.118244,0
0.119075,0
0.119905,0
0.120734,0
0.121562,0
0.122388,0
0.123214,0
0.124038,0
0.124861,0
0.125683,0
0.126505,0
0.127324,0
0.128143,0
0.12896,0
0.129777,0
0.130592,0
0.131406,0
0.132219,0
0.13303,0
0.13384,0
0.13465,0
0.135458,0
0.136265,0
0.13707,0
0.137874,0
0.138677,0
0.139479,0
0.140279,0
0.141078,0
0.141876,0
0.142673,0
0.143468,0
0.144261,0
0.145054,0
0.145846,0
0.146636,0
0.147424,0
0.148211,0
0.148998,0
0.149782,0
0.150566,0
0.151347,0
0.152128,0
0.152907,0
0.153685,0
0.154461,0
0.155236,0
0.156009,0
0.156782,0
0.157552,0
0.158321,0
0.15909,0
0.159856,0
0.160621,0
0.161384,0
0.162146,0
0.162907,0
0.163666,0
0.164423,0
0.165179,0
0.165934,0
0.166687,0
0.167438,0
0.168188,0
0.168937,0
0.169683,0
0.170429,0
0.171173,0
0.171915,0
0.172656,0
0.173395,0
0.174133,0
0.174868,0
0.175603,0
0.176336,0
0.177067,0
0.177797,0
0.178524,0
0.17925,0
0.179975,0
0.180698,0
0.18142,0
0.18214,0
0.182857,0
0.183574,0
0.184289,0
0.185002,0
0.185713,0
0.186423,0
0.187131,0
0.187837,0
0.188542,0
0.189245,0
0.189946,0
0.190646,0
0.191343,0
0.192039,0
0.192734,0
0.193426,0
0.194117,0
0.194806,0
0.195493,0
0.196178,0
0.196862,0
0.197544,0
0.198224,0
0.198902,0
0.199579,0
0.200253,0
0.200926,0
0.201597,0
0.202266,0
0.202933,0
0.203599,0
0.204262,0
0.204924,0
0.205584,0
0.206242,0
0.206898,0
0.207552,0
0.208205,0
0.208855,0
0.209504,0
0.21015,0
0.210795,0
0.211438,0
0.212079,0
0.212717,0
0.213355,0
0.21399,0
0.214623,0
0.215254,0
0.215883,0
0.216511,0
0.217136,0
0.21776,0
0.218381,0
0.219,0
0.219618,0
0.220233,0
0.220846,0
0.221458,0
0.222067,0
0.222674,0
0.223279,0
0.223883,0
0.224484,0
0.225083,0
0.22568,0
0.226275,0
0.226868,0
0.22746,0
0.228048,0
0.228635,0
0.22922,0
0.229802,0
0.230383,0
0.230962,0
0.231538,0
0.232112,0
0.232684,0
0.233255,0
0.233822,0
0.234388,0
0.234952,0
0.235513,0
0.236073,0
0.23663,0
0.237185,0
0.237738,0
0.238289,0
0.238838,0
0.239384,0
0.239928,0
0.24047,0
0.24101,0
0.241548,0
0.242083,0
0.242616,0
0.243148,0
0.243676,0
0.244203,0
0.244728,0
0.24525,0
0.24577,0
0.246287,0
0.246803,0
0.247316,0
0.247827,0
0.248336,0
0.248842,0
0.249346,0
0.249849,0
0.250348,0
0.250846,0
0.251341,0
0.251833,0
0.252324,0
0.252812,0
0.253298,0
0.253782,0
0.254263,0
0.254743,0
0.255219,0
0.255693,0
0.256166,0
0.256635,0
0.257103,0
0.257568,0
0.25803,0
0.258491,0
0.258949,0
0.259405,0
0.259858,0
0.260309,0
0.260757,0
0.261204,0
0.261648,0
0.262089,0
0.262528,0
0.262965,0
0.263399,0
0.263831,0
0.26426,0
0.264687,0
0.265112,0
0.265534,0
0.265954,0
0.266372,0
0.266787,0
0.267199,0
0.267609,0
0.268017,0
0.268422,0
0.268825,0
0.269226,0
0.269624,0
0.270019,0
0.270412,0
0.270803,0
0.271191,0
0.271576,0
0.27196,0
0.27234,0
0.272718,0
0.273094,0
0.273468,0
0.273838,0
0.274207,0
0.274572,0
0.274936,0
0.275297,0
0.275655,0
0.276011,0
0.276364,0
0.276714,0
0.277063,0
0.277408,0
0.277752,0
0.278092,0
0.27843,0
0.278766,0
0.279099,0
0.27943,0
0.279758,0
0.280083,0
0.280406,0
0.280726,0
0.281044,0
0.281359,0
0.281672,0
0.281982,0
0.28229,0
0.282595,0
0.282897,0
0.283197,0
0.283494,0
0.283789,0
0.284081,0
0.284371,0
0.284658,0
0.284942,0
0.285224,0
0.285503,0
0.285779,0
0.286053,0
0.286325,0
0.286593,0
0.28686,0
0.287123,0
0.287384,0
0.287642,0
0.287898,0
0.288151,0
0.288402,0
0.288649,0
0.288895,0
0.289137,0
0.289377,0
0.289614,0
0.289849,0
0.290081,0
0.290311,0
0.290537,0
0.290761,0
0.290983,0
0.291202,0
0.291418,0
0.291632,0
0.291842,0
0.292051,0
0.292256,0
0.292459,0
0.292659,0
0.292857,0
0.293052,0
0.293244,0
0.293434,0
0.293621,0
0.293805,0
0.293987,0
0.294166,0
0.294342,0
0.294515,0
0.294686,0
0.294854,0
0.29502,0
0.295183,0
0.295343,0
0.2955,0
0.295655,0
0.295807,0
0.295957,0
0.296103,0
0.296247,0
0.296389,0
0.296527,0
0.296663,0
0.296796,0
0.296927,0
0.297055,0
0.29718,0
0.297302,0
0.297422,0
0.297539,0
0.297653,0
0.297765,0
0.297874,0
0.29798,0
0.298083,0
0.298184,0
0.298282,0
0.298378,0
0.29847,0
0.29856,0
0.298647,0
0.298732,0
0.298813,0
0.298892,0
0.298969,0
0.299042,0
0.299113,0
0.299181,0
0.299247,0
0.29931,0
0.29937,0
0.299427,0
0.299481,0
0.299533,0
0.299582,0
0.299629,0
0.299672,0
0.299713,0
0.299751,0
0.299787,0
0.29982,0
0.29985,0
0.299877,0
0.299901,0
0.299923,0
0.299942,0
0.299959,0
0.299972,0
0.299983,0
0.299991,0
0.299997,0
0.3,0
0.3,0
0.299997,0
0.299991,0
0.299983,0
0.299972,0
0.299959,0
0.299942,0
0.299923,0
0.299901,0
0.299877,0
0.29985,0
0.29982,0
0.299787,0
0.299751,0
0.299713,0
0.299672,0
0.299629,0
0.299582,0
0.299533,0
0.299481,0
0.299427,0
0.29937,0
0.29931,0
0.299247,0
0.299181,0
0.299113,0
0.299042,0
0.298969,0
0.298892,0
0.298813,0
0.298732,0
0.298647,0
0.29856,0
0.29847,0
0.298378,0
0.298282,0
0.298184,0
0.298083,0
0.29798,0
0.297874,0
0.297765,0
0.297653,0
0.297539,0
0.297422,0
0.297302,0
0.29718,0
0.297055,0
0.296927,0
0.296796,0
0.296663,0
0.296527,0
0.296389,0
0.296247,0
0.296103,0
0.295957,0
0.295807,0
0.295655,0
0.2955,0
0.295343,0
0.295183,0
0.29502,0
0.294854,0
0.294686,0
0.294515,0
0.294342,0
0.294166,0
0.293987,0
0.293805,0
0.293621,0
0.293434,0
0.293244,0
0.293052,0
0.292857,0
0.292659,0
0.292459,0
0.292256,0
0.292051,0
0.291842,0
0.291632,0
0.291418,0
0.291202,0
0.290983,0
0.290762,0
0.290537,0
0.290311,0
0.290081,0
0.289849,0
0.289614,0
0.289377,0
0.289137,0
0.288895,0
0.288649,0
0.288402,0
0.288151,0
0.287898,0
0.287642,0
0.287384,0
0.287123,0
0.28686,0
0.286593,0
0.286325,0
0.286053,0
0.285779,0
0.285503,0
0.285224,0
0.284942,0
0.284658,0
0.284371,0
0.284081,0
0.283789,0
0.283494,0
0.283197,0
0.282897,0
0.282595,0
0.28229,0
0.281982,0
0.281672,0
0.281359,0
0.281044,0
0.280726,0
0.280406,0
0.280083,0
0.279758,0
0.27943,0
0.279099,0
0.278766,0
0.27843,0
0.278092,0
0.277752,0
0.277408,0
0.277063,0
0.276714,0
0.276364,0
0.27601,0
0.275655,0
0.275297,0
0.274936,0
0.274572,0
0.274207,0
0.273838,0
0.273468,0
0.273094,0
0.272719,0
0.27234,0
0.27196,0
0.271576,0
0.271191,0
0.270803,0
0.270412,0
0.270019,0
0.269624,0
0.269225,0
0.268825,0
0.268422,0
0.268017,0
0.267609,0
0.267199,0
0.266787,0
0.266372,0
0.265954,0
0.265534,0
0.265112,0
0.264687,0
0.26426,0
0.263831,0
0.263399,0
0.262965,0
0.262528,0
0.262089,0
0.261647,0
0.261204,0
0.260758,0
0.260309,0
0.259858,0
0.259404,0
0.258949,0
0.258491,0
0.25803,0
0.257568,0
0.257103,0
0.256635,0
0.256166,0
0.255693,0
0.255219,0
0.254743,0
0.254263,0
0.253782,0
0.253298,0
0.252812,0
0.252324,0
0.251834,0
0.251341,0
0.250845,0
0.250348,0
0.249849,0
0.249346,0
0.248842,0
0.248336,0
0.247827,0
0.247316,0
0.246803,0
0.246287,0
0.24577,0
0.24525,0
0.244728,0
0.244203,0
0.243676,0
0.243148,0
0.242616,0
0.242083,0
0.241547,0
0.24101,0
0.24047,0
0.239928,0
0.239384,0
0.238838,0
0.238289,0
0.237738,0
0.237185,0
0.23663,0
0.236073,0
0.235513,0
0.234952,0
0.234388,0
0.233822,0
0.233255,0
0.232684,0
0.232112,0
0.231538,0
0.230962,0
0.230383,0
0.229802,0
0.22922,0
0.228635,0
0.228048,0
0.22746,0
0.226868,0
0.226275,0
0.225681,0
0.225083,0
0.224484,0
0.223883,0
0.223279,0
0.222674,0
0.222067,0
0.221458,0
0.220846,0
0.220233,0
0.219618,0
0.219,0
0.218381,0
0.217759,0
0.217136,0
0.216511,0
0.215883,0
0.215254,0
0.214623,0
0.21399,0
0.213355,0
0.212718,0
0.212079,0
0.211438,0
0.210795,0
0.21015,0
0.209503,0
0.208855,0
0.208205,0
0.207552,0
0.206898,0
0.206242,0
0.205584,0
0.204924,0
0.204262,0
0.203599,0
0.202933,0
0.202266,0
0.201597,0
0.200926,0
0.200253,0
0.199579,0
0.198902,0
0.198224,0
0.197544,0
0.196862,0
0.196179,0
0.195493,0
0.194806,0
0.194117,0
0.193426,0
0.192734,0
0.192039,0
0.191343,0
0.190646,0
0.189946,0
0.189245,0
0.188542,0
0.187837,0
0.187131,0
0.186423,0
0.185713,0
0.185002,0
0.184289,0
0.183574,0
0.182858,0
0.18214,0
0.18142,0
0.180698,0
0.179975,0
0.17925,0
0.178524,0
0.177797,0
0.177067,0
0.176336,0
0.175603,0
0.174868,0
0.174133,0
0.173395,0
0.172656,0
0.171915,0
0.171173,0
0.170429,0
0.169683,0
0.168937,0
0.168188,0
0.167438,0
0.166687,0
0.165934,0
0.165179,0
0.164423,0
0.163666,0
0.162907,0
0.162146,0
0.161384,0
0.160621,0
0.159856,0
0.15909,0
0.158321,0
0.157552,0
0.156782,0
0.156009,0
0.155236,0
0.154461,0
0.153685,0
0.152907,0
0.152128,0
0.151348,0
0.150565,0
0.149782,0
0.148998,0
0.148212,0
0.147424,0
0.146636,0
0.145846,0
0.145055,0
0.144262,0
0.143468,0
0.142673,0
0.141876,0
0.141078,0
0.140279,0
0.139479,0
0.138677,0
0.137874,0
0.13707,0
0.136264,0
0.135458,0
0.13465,0
0.13384,0
0.13303,0
0.132219,0
0.131406,0
0.130592,0
0.129777,0
0.128961,0
0.128143,0
0.127324,0
0.126505,0
0.125683,0
0.124861,0
0.124038,0
0.123214,0
0.122388,0
0.121561,0
0.120734,0
0.119905,0
0.119075,0
0.118244,0
0.117412,0
0.116579,0
0.115745,0
0.114909,0
0.114073,0
0.113236,0
0.112397,0
0.111558,0
0.110717,0
0.109876,0
0.109034,0
0.10819,0
0.107346,0
0.1065,0
0.105654,0
0.104807,0
0.103959,0
0.10311,0
0.10226,0
0.101408,0
0.100557,0
0.0997034,0
0.0988499,0
0.0979954,0
0.0971395,0
0.0962832,0
0.0954255,0
0.0945675,0
0.0937087,0
0.0928484,0
0.0919878,0
0.0911258,0
0.0902636,0
0.0894006,0
0.0885362,0
0.0876715,0
0.0868055,0
0.0859392,0
0.0850722,0
0.0842038,0
0.0833353,0
0.082466,0
0.0815953,0
0.0807245,0
0.0798524,0
0.0789801,0
0.0781071,0
0.0772328,0
0.0763584,0
0.0754827,0
0.0746069,0
0.0737305,0
0.0728527,0
0.071975,0
0.0710959,0
0.0702168,0
0.0693371,0
0.0684561,0
0.0675752,0
0.0666936,0
0.0658107,0
0.064928,0
0.0640439,0
0.06316,0
0.0622754,0
0.0613897,0
0.060504,0
0.0596172,0
0.0587304,0
0.0578431,0
0.0569547,0
0.0560664,0
0.0551769,0
0.0542875,0
0.0533977,0
0.0525067,0
0.0516159,0
0.0507247,0
0.0498323,0
0.0489401,0
0.0480468,0
0.0471538,0
0.0462603,0
0.0453657,0
0.0444714,0
0.043576,0
0.0426809,0
0.0417854,0
0.0408888,0
0.0399925,0
0.0390953,0
0.0381983,0
0.0373009,0
0.0364026,0
0.0355046,0
0.0346063,0
0.033707,0
0.0328081,0
0.0319082,0
0.0310086,0
0.0301088,0
0.0292081,0
0.0283077,0
0.0274064,0
0.0265056,0
0.0256045,0
0.0247025,0
0.0238009,0
0.0228985,0
0.0219965,0
0.0210943,0
0.0201913,0
0.0192887,0
0.018386,0
0.0174824,0
0.0165793,0
0.0156755,0
0.0147721,0
0.0138686,0
0.0129643,0
0.0120606,0
0.0111561,0
0.0102522,0
0.00934813,0
0.00844334,0
0.00753914,0
0.00663421,0
0.00572988,0
0.0048255,0
0.00392042,0
0.00301596,0
0.00211081,0
0.0012063,0
0.000301783,0
-0.000603397,0
-0.00150791,0
-0.00241242,0
-0.00331756,0
-0.00422201,0
-0.00512708,0
-0.00603144,0
-0.00693575,0
-0.00784066,0
-0.00874483,0
-0.00964959,0
-0.0105536,0
-0.0114575,0
-0.012362,0
-0.0132657,0
-0.0141699,0
-0.0150734,0
-0.0159767,0
-0.0168805,0
-0.0177835,0
-0.0186863,0
-0.0195897,0
-0.0204922,0
-0.0213952,0
-0.0222973,0
-0.0231992,0
-0.0241016,0
-0.025003,0
-0.025905,0
-0.026806,0
-0.0277068,0
-0.028608,0
-0.0295082,0
-0.0304089,0
-0.0313086,0
-0.032208,0
-0.0331078,0
-0.0340067,0
-0.0349052,0
-0.0358041,0
-0.036702,0
-0.0376002,0
-0.0384974,0
-0.0393943,0
-0.0402914,0
-0.0411876,0
-0.042084,0
-0.0429794,0
-0.0438744,0
-0.0447696,0
-0.0456638,0
-0.0465582,0
-0.0474516,0
-0.0483445,0
-0.0492376,0
-0.0501297,0
-0.0510213,0
-0.051913,0
-0.0528037,0
-0.0536945,0
-0.0545841,0
-0.0554733,0
-0.0563626,0
-0.0572508,0
-0.0581391,0
-0.0590262,0
-0.0599127,0
-0.0607994,0
-0.0616849,0
-0.0625705,0
-0.0634548,0
-0.0643386,0
-0.0652224,0
-0.066105,0
-0.0669876,0
-0.067869,0
-0.0687497,0
-0.0696305,0
-0.07051,0
-0.0713889,0
-0.0722677,0
-0.0731453,0
-0.0740228,0
-0.074899,0
-0.0757746,0
-0.0766501,0
-0.0775242,0
-0.0783983,0
-0.079271,0
-0.080143,0
-0.081015,0
-0.0818855,0
-0.0827559,0
-0.083625,0
-0.0844933,0
-0.0853614,0
-0.0862282,0
-0.0870941,0
-0.0879599,0
-0.0888243,0
-0.0896885,0
-0.0905512,0
-0.0914132,0
-0.0922749,0
-0.0931351,0
-0.0939952,0
-0.0948537,0
-0.0957114,0
-0.0965688,0
-0.0974248,0
-0.0982804,0
-0.0991346,0
-0.0999879,0
-0.100841,0
-0.101692,0
-0.102543,0
-0.103393,0
-0.104242,0
-0.10509,0
-0.105937,0
-0.106782,0
-0.107628,0
-0.108472,0
-0.109315,0
-0.110157,0
-0.110998,0
-0.111838,0
-0.112677,0
-0.113515,0
-0.114352,0
-0.115188,0
-0.116023,0
-0.116857,0
-0.117689,0
-0.118521,0
-0.119352,0
-0.120182,0
-0.12101,0
-0.121837,0
-0.122664,0
-0.123489,0
-0.124313,0
-0.125136,0
-0.125957,0
-0.126778,0
-0.127597,0
-0.128416,0
-0.129233,0
-0.130048,0
-0.130864,0
-0.131677,0
-0.132489,0
-0.133301,0
-0.13411,0
-0.134919,0
-0.135727,0
-0.136533,0
-0.137338,0
-0.138142,0
-0.138944,0
-0.139746,0
-0.140545,0
-0.141344,0
-0.142142,0
-0.142938,0
-0.143733,0
-0.144526,0
-0.145318,0
-0.146109,0
-0.146899,0
-0.147687,0
-0.148474,0
-0.14926,0
-0.150044,0
-0.150826,0
-0.151608,0
-0.152388,0
-0.153167,0
-0.153944,0
-0.154719,0
-0.155494,0
-0.156267,0
-0.157039,0
-0.157809,0
-0.158578,0
-0.159345,0
-0.160111,0
-0.160876,0
-0.161638,0
-0.1624,0
-0.16316,0
-0.163918,0
-0.164675,0
-0.165431,0
-0.166185,0
-0.166938,0
-0.167688,0
-0.168438,0
-0.169186,0
-0.169932,0
-0.170677,0
-0.17142,0
-0.172162,0
-0.172902,0
-0.173641,0
-0.174378,0
-0.175113,0
-0.175847,0
-0.17658,0
-0.17731,0
-0.178039,0
-0.178767,0
-0.179492,0
-0.180217,0
-0.180939,0
-0.18166,0
-0.182379,0
-0.183097,0
-0.183813,0
-0.184527,0
-0.185239,0
-0.18595,0
-0.186659,0
-0.187367,0
-0.188073,0
-0.188776,0
-0.189479,0
-0.190179,0
-0.190878,0
-0.191576,0
-0.192271,0
-0.192965,0
-0.193656,0
-0.194346,0
-0.195035,0
-0.195721,0
-0.196407,0
-0.197089,0
-0.19777,0
-0.19845,0
-0.199128,0
-0.199804,0
-0.200478,0
-0.20115,0
-0.20182,0
-0.202489,0
-0.203156,0
-0.20382,0
-0.204483,0
-0.205144,0
-0.205803,0
-0.206461,0
-0.207116,0
-0.20777,0
-0.208422,0
-0.209071,0
-0.209719,0
-0.210365,0
-0.211009,0
-0.211652,0
-0.212292,0
-0.21293,0
-0.213567,0
-0.214201,0
-0.214834,0
-0.215464,0
-0.216093,0
-0.216719,0
-0.217344,0
-0.217966,0
-0.218587,0
-0.219206,0
-0.219823,0
-0.220437,0
-0.22105,0
-0.221661,0
-0.222269,0
-0.222876,0
-0.223481,0
-0.224083,0
-0.224684,0
-0.225282,0
-0.225879,0
-0.226473,0
-0.227066,0
-0.227656,0
-0.228244,0
-0.22883,0
-0.229414,0
-0.229996,0
-0.230576,0
-0.231154,0
-0.231729,0
-0.232303,0
-0.232875,0
-0.233444,0
-0.234011,0
-0.234576,0
-0.235139,0
-0.2357,0
-0.236259,0
-0.236815,0
-0.23737,0
-0.237922,0
-0.238472,0
-0.23902,0
-0.239566,0
-0.240109,0
-0.24065,0
-0.241189,0
-0.241726,0
-0.242261,0
-0.242794,0
-0.243324,0
-0.243852,0
-0.244378,0
-0.244902,0
-0.245423,0
-0.245943,0
-0.246459,0
-0.246974,0
-0.247487,0
-0.247997,0
-0.248505,0
-0.249011,0
-0.249514,0
-0.250015,0
-0.250514,0
-0.251011,0
-0.251505,0
-0.251997,0
-0.252487,0
-0.252975,0
-0.25346,0
-0.253943,0
-0.254423,0
-0.254902,0
-0.255378,0
-0.255851,0
-0.256323,0
-0.256791,0
-0.257258,0
-0.257722,0
-0.258184,0
-0.258644,0
-0.259101,0
-0.259556,0
-0.260009,0
-0.260459,0
-0.260907,0
-0.261352,0
-0.261795,0
-0.262236,0
-0.262674,0
-0.26311,0
-0.263543,0
-0.263974,0
-0.264403,0
-0.264829,0
-0.265253,0
-0.265675,0
-0.266093,0
-0.26651,0
-0.266924,0
-0.267336,0
-0.267746,0
-0.268152,0
-0.268557,0
-0.268959,0
-0.269358,0
-0.269756,0
-0.27015,0
-0.270543,0
-0.270932,0
-0.271319,0
-0.271704,0
-0.272087,0
-0.272467,0
-0.272844,0
-0.273219,0
-0.273591,0
-0.273961,0
-0.274329,0
-0.274694,0
-0.275056,0
-0.275416,0
-0.275774,0
-0.276128,0
-0.276481,0
-0.276831,0
-0.277178,0
-0.277523,0
-0.277865,0
-0.278205,0
-0.278543,0
-0.278878,0
-0.27921,0
-0.279539,0
-0.279867,0
-0.280191,0
-0.280513,0
-0.280833,0
-0.281149,0
-0.281464,0
-0.281776,0
-0.282085,0
-0.282392,0
-0.282696,0
-0.282997,0
-0.283296,0
-0.283593,0
-0.283887,0
-0.284178,0
-0.284467,0
-0.284753,0
-0.285036,0
-0.285317,0
-0.285595,0
-0.285871,0
-0.286144,0
-0.286415,0
-0.286682,0
-0.286948,0
-0.28721,0
-0.28747,0
-0.287728,0
-0.287983,0
-0.288235,0
-0.288484,0
-0.288732,0
-0.288976,0
-0.289218,0
-0.289457,0
-0.289693,0
-0.289927,0
-0.290158,0
-0.290387,0
-0.290612,0
-0.290836,0
-0.291056,0
-0.291274,0
-0.291489,0
-0.291702,0
-0.291912,0
-0.29212,0
-0.292324,0
-0.292526,0
-0.292726,0
-0.292922,0
-0.293116,0
-0.293308,0
-0.293496,0
-0.293683,0
-0.293866,0
-0.294047,0
-0.294225,0
-0.2944,0
-0.294573,0
-0.294743,0
-0.29491,0
-0.295074,0
-0.295236,0
-0.295396,0
-0.295552,0
-0.295706,0
-0.295857,0
-0.296006,0
-0.296152,0
-0.296295,0
-0.296435,0
-0.296573,0
-0.296708,0
-0.29684,0
-0.29697,0
-0.297097,0
-0.297221,0
-0.297342,0
-0.297461,0
-0.297577,0
-0.297691,0
-0.297801,0
-0.297909,0
-0.298015,0
-0.298117,0
-0.298217,0
-0.298314,0
-0.298409,0
-0.2985,0
-0.298589,0
-0.298676,0
-0.298759,0
-0.29884,0
-0.298918,0
-0.298994,0
-0.299066,0
-0.299136,0
-0.299204,0
-0.299268,0
-0.29933,0
-0.299389,0
-0.299445,0
-0.299499,0
-0.29955,0
-0.299598,0
-0.299643,0
-0.299686,0
-0.299726,0
-0.299764,0
-0.299798,0
-0.29983,0
-0.299859,0
-0.299885,0
-0.299909,0
-0.29993,0
-0.299948,0
-0.299964,0
-0.299976,0
-0.299986,0
-0.299994,0
-0.299998,0
-0.3,0
-0.299999,0
-0.299995,0
-0.299989,0
-0.29998,0
-0.299968,0
-0.299954,0
-0.299936,0
-0.299916,0
-0.299894,0
-0.299868,0
-0.29984,0
-0.299809,0
-0.299775,0
-0.299739,0
-0.2997,0
-0.299658,0
-0.299613,0
-0.299566,0
-0.299516,0
-0.299463,0
-0.299408,0
-0.29935,0
-0.299289,0
-0.299225,0
-0.299159,0
-0.29909,0
-0.299018,0
-0.298944,0
-0.298866,0
-0.298786,0
-0.298704,0
-0.298618,0
-0.29853,0
-0.29844,0
-0.298346,0
-0.29825,0
-0.298151,0
-0.298049,0
-0.297945,0
-0.297838,0
-0.297728,0
-0.297615,0
-0.2975,0
-0.297382,0
-0.297262,0
-0.297138,0
-0.297012,0
-0.296884,0
-0.296752,0
-0.296618,0
-0.296481,0
-0.296342,0
-0.2962,0
-0.296055,0
-0.295907,0
-0.295757,0
-0.295604,0
-0.295448,0
-0.29529,0
-0.295129,0
-0.294965,0
-0.294799,0
-0.294629,0
-0.294458,0
-0.294283,0
-0.294106,0
-0.293926,0
-0.293744,0
-0.293559,0
-0.293371,0
-0.29318,0
-0.292987,0
-0.292791,0
-0.292593,0
-0.292392,0
-0.292188,0
-0.291982,0
-0.291772,0
-0.291561,0
-0.291346,0
-0.291129,0
-0.29091,0
-0.290687,0
-0.290462,0
-0.290235,0
-0.290004,0
-0.289771,0
-0.289536,0
-0.289297,0
-0.289057,0
-0.288813,0
-0.288567,0
-0.288318,0
-0.288067,0
-0.287813,0
-0.287556,0
-0.287297,0
-0.287036,0
-0.286771,0
-0.286504,0
-0.286234,0
-0.285962,0
-0.285688,0
-0.28541,0
-0.28513,0
-0.284847,0
-0.284562,0
-0.284274,0
-0.283984,0
-0.283691,0
-0.283396,0
-0.283097,0
-0.282797,0
-0.282493,0
-0.282188,0
-0.281879,0
-0.281568,0
-0.281255,0
-0.280938,0
-0.28062,0
-0.280299,0
-0.279975,0
-0.279649,0
-0.27932,0
-0.278988,0
-0.278655,0
-0.278318,0
-0.277979,0
-0.277638,0
-0.277294,0
-0.276947,0
-0.276598,0
-0.276246,0
-0.275892,0
-0.275536,0
-0.275177,0
-0.274815,0
-0.274451,0
-0.274084,0
-0.273715,0
-0.273343,0
-0.272969,0
-0.272593,0
-0.272214,0
-0.271832,0
-0.271448,0
-0.271062,0
-0.270673,0
-0.270281,0
-0.269887,0
-0.269491,0
-0.269093,0
-0.268691,0
-0.268288,0
-0.267881,0
-0.267473,0
-0.267062,0
-0.266648,0
-0.266233,0
-0.265814,0
-0.265394,0
-0.264971,0
-0.264545,0
-0.264117,0
-0.263687,0
-0.263254,0
-0.262819,0
-0.262382,0
-0.261942,0
-0.2615,0
-0.261055,0
-0.260608,0
-0.260159,0
-0.259707,0
-0.259253,0
-0.258796,0
-0.258338,0
-0.257876,0
-0.257413,0
-0.256947,0
-0.256479,0
-0.256009,0
-0.255535,0
-0.25506,0
-0.254583,0
-0.254103,0
-0.253621,0
-0.253137,0
-0.25265,0
-0.252161,0
-0.251669,0
-0.251176,0
-0.25068,0
-0.250182,0
-0.249682,0
-0.249179,0
-0.248674,0
-0.248167,0
-0.247657,0
-0.247145,0
-0.246631,0
-0.246115,0
-0.245597,0
-0.245076,0
-0.244553,0
-0.244028,0
-0.2435,0
-0.242971,0
-0.242439,0
-0.241905,0
-0.241369,0
-0.24083,0
-0.24029,0
-0.239747,0
-0.239202,0
-0.238655,0
-0.238105,0
-0.237554,0
-0.237,0
-0.236444,0
-0.235887,0
-0.235326,0
-0.234764,0
-0.2342,0
-0.233633,0
-0.233065,0
-0.232494,0
-0.231921,0
-0.231346,0
-0.230769,0
-0.23019,0
-0.229609,0
-0.229026,0
-0.22844,0
-0.227852,0
-0.227263,0
-0.226671,0
-0.226078,0
-0.225481,0
-0.224884,0
-0.224284,0
-0.223682,0
-0.223078,0
-0.222472,0
-0.221864,0
-0.221254,0
-0.220642,0
-0.220028,0
-0.219411,0
-0.218794,0
-0.218174,0
-0.217552,0
-0.216928,0
-0.216301,0
-0.215674,0
-0.215044,0
-0.214412,0
-0.213779,0
-0.213142,0
-0.212505,0
-0.211865,0
-0.211224,0
-0.210581,0
-0.209934,0
-0.209287,0
-0.208638,0
-0.207987,0
-0.207335,0
-0.206679,0
-0.206022,0
-0.205364,0
-0.204704,0
-0.204042,0
-0.203378,0
-0.202711,0
-0.202043,0
-0.201373,0
-0.200702,0
-0.200029,0
-0.199353,0
-0.198676,0
-0.197997,0
-0.197317,0
-0.196635,0
-0.19595,0
-0.195264,0
-0.194576,0
-0.193887,0
-0.193196,0
-0.192502,0
-0.191807,0
-0.191111,0
-0.190413,0
-0.189713,0
-0.18901,0
-0.188307,0
-0.187602,0
-0.186895,0
-0.186187,0
-0.185476,0
-0.184764,0
-0.184051,0
-0.183336,0
-0.182619,0
-0.181899,0
-0.181179,0
-0.180457,0
-0.179734,0
-0.179009,0
-0.178282,0
-0.177553,0
-0.176823,0
-0.176092,0
-0.175358,0
-0.174624,0
-0.173886,0
-0.173149,0
-0.172409,0
-0.171668,0
-0.170926,0
-0.17018,0
-0.169435,0
-0.168687,0
-0.167939,0
-0.167188,0
-0.166435,0
-0.165682,0
-0.164927,0
-0.164171,0
-0.163413,0
-0.162653,0
-0.161892,0
-0.16113,0
-0.160366,0
-0.159601,0
-0.158833,0
-0.158065,0
-0.157296,0
-0.156525,0
-0.155752,0
-0.154977,0
-0.154202,0
-0.153426,0
-0.152648,0
-0.151868,0
-0.151086,0
-0.150304,0
-0.149521,0
-0.148736,0
-0.14795,0
-0.147162,0
-0.146372,0
-0.145582,0
-0.14479,0
-0.143998,0
-0.143203,0
-0.142407,0
-0.14161,0
-0.140812,0
-0.140013,0
-0.139212,0
-0.138409,0
-0.137606,0
-0.136801,0
-0.135996,0
-0.135189,0
-0.13438,0
-0.13357,0
-0.13276,0
-0.131948,0
-0.131135,0
-0.13032,0
-0.129505,0
-0.128688,0
-0.12787,0
-0.127052,0
-0.12623,0
-0.125409,0
-0.124587,0
-0.123764,0
-0.122939,0
-0.122112,0
-0.121285,0
-0.120458,0
-0.119629,0
-0.118799,0
-0.117968,0
-0.117134,0
-0.116301,0
-0.115467,0
-0.114631,0
-0.113795,0
-0.112956,0
-0.112118,0
-0.111278,0
-0.110438,0
-0.109596,0
-0.108752,0
-0.107909,0
-0.107064,0
-0.106219,0
-0.105373,0
-0.104524,0
-0.103676,0
-0.102826,0
-0.101976,0
-0.101125,0
-0.100272,0
-0.0994189,0
-0.098565,0
-0.0977103,0
-0.0968546,0
-0.0959968,0
-0.0951395,0
-0.0942812,0
-0.0934221,0
-0.0925621,0
-0.0917,0
-0.0908384,0
-0.0899759,0
-0.0891126,0
-0.0882485,0
-0.0873824,0
-0.0865167,0
-0.0856502,0
-0.0847829,0
-0.0839149,0
-0.0830461,0
-0.0821753,0
-0.081305,0
-0.0804339,0
-0.0795622,0
-0.0786897,0
-0.0778152,0
-0.0769413,0
-0.0760667,0
-0.0751913,0
-0.0743154,0
-0.0734374,0
-0.0725601,0
-0.0716821,0
-0.0708034,0
-0.0699241,0
-0.0690429,0
-0.0681624,0
-0.0672812,0
-0.0663994,0
-0.065517,0
-0.0646328,0
-0.0637492,0
-0.062865,0
-0.0619803,0
-0.061095,0
-0.0602079,0
-0.0593215,0
-0.0584346,0
-0.0575471,0
-0.0566591,0
-0.0557693,0
-0.0548803,0
-0.0539908,0
-0.0531008,0
-0.0522103,0
-0.0513194,0
-0.0504267,0
-0.0495348,0
-0.0486425,0
-0.0477497,0
-0.0468565,0
-0.0459615,0
-0.0450675,0
-0.044173,0
-0.0432782,0
-0.0423829,0
-0.041486,0
-0.0405899,0
-0.0396936,0
-0.0387968,0
-0.0378997,0
-0.037001,0
-0.0361032,0
-0.0352051,0
-0.0343066,0
-0.0334079,0
-0.0325075,0
-0.0316082,0
-0.0307086,0
-0.0298086,0
-0.0289085,0
-0.0280067,0
-0.027106,0
-0.0262051,0
-0.0253039,0
-0.0244025,0
-0.0234995,0
-0.0225977,0
-0.0216956,0
-0.0207934,0
-0.0198909,0
-0.018987,0
-0.0180842,0
-0.0171812,0
-0.0162781,0
-0.0153749,0
-0.0144715,0
-0.0135666,0
-0.012663,0
-0.0117592,0
-0.0108553,0
-0.00995133,0
-0.00904595,0
-0.0081418,0
-0.00723757,0
-0.00633328,0
-0.00542893,0
-0.00452322,0
-0.00361878,0
-0.00271431,0
-0.00180981,0
-0.0009053,0
5.37184e-07,0
0.000905058,0
0.00180957,0
0.00271407,0
0.00361854,0
0.00452429,0
0.00542869,0
0.00633304,0
0.00723733,0
0.00814155,0
0.00904702,0
0.00995109,0
0.0108551,0
0.0117589,0
0.0126627,0
0.0135677,0
0.0144712,0
0.0153746,0
0.0162779,0
0.017181,0
0.018084,0
0.0189881,0
0.0198907,0
0.0207931,0
0.0216954,0
0.0225974,0
0.0235006,0
0.0244022,0
0.0253036,0
0.0262048,0
0.0271058,0
0.0280078,0
0.0289082,0
0.0298084,0
0.0307083,0
0.0316079,0
0.0325086,0
0.0334076,0
0.0343064,0
0.0352048,0
0.0361029,0
0.037002,0
0.0378995,0
0.0387966,0
0.0396933,0
0.0405897,0
0.041487,0
0.0423827,0
0.0432779,0
0.0441728,0
0.0450672,0
0.0459626,0
0.0468562,0
0.0477494,0
0.0486422,0
0.0495345,0
0.0504264,0
0.0513191,0
0.0522101,0
0.0531006,0
0.0539906,0
0.0548801,0
0.0557704,0
0.0566589,0
0.0575469,0
0.0584343,0
0.0593213,0
0.0602089,0
0.0610948,0
0.0619801,0
0.0628648,0
0.063749,0
0.0646338,0
0.0655168,0
0.0663992,0
0.067281,0
0.0681622,0
0.069044,0
0.0699239,0
0.0708032,0
0.0716818,0
0.0725598,0
0.0734385,0
0.0743151,0
0.0751911,0
0.0760664,0
0.076941,0
0.0778162,0
0.0786894,0
0.0795619,0
0.0804337,0
0.0813047,0
0.0821763,0
0.0830459,0
0.0839147,0
0.0847827,0
0.0856499,0
0.0865164,0
0.0873834,0
0.0882483,0
0.0891124,0
0.0899757,0
0.0908382,0
0.0917011,0
0.0925619,0
0.0934218,0
0.094281,0
0.0951392,0
0.0959979,0
0.0968544,0
0.09771,0
0.0985648,0
0.0994186,0
0.100273,0
0.101125,0
0.101976,0
0.102826,0
0.103675,0
0.104525,0
0.105372,0
0.106219,0
0.107064,0
0.107909,0
0.108753,0
0.109596,0
0.110437,0
0.111278,0
0.112117,0
0.112957,0
0.113795,0
0.114631,0
0.115466,0
0.116301,0
0.117134,0
0.117967,0
0.118798,0
0.119628,0
0.120457,0
0.121285,0
0.122113,0
0.122939,0
0.123763,0
0.124587,0
0.125409,0
0.126231,0
0.127051,0
0.12787,0
0.128688,0
0.129504,0
0.130321,0
0.131135,0
0.131948,0
0.13276,0
0.13357,0
0.134381,0
0.135189,0
0.135996,0
0.136801,0
0.137606,0
0.13841,0
0.139212,0
0.140012,0
0.140812,0
0.14161,0
0.142408,0
0.143203,0
0.143997,0
0.14479,0
0.145582,0
0.146373,0
0.147162,0
0.14795,0
0.148736,0
0.149521,0
0.150304,0
0.151087,0
0.151868,0
0.152647,0
0.153425,0
0.154202,0
0.154978,0
0.155752,0
0.156524,0
0.157295,0
0.158065,0
0.158834,0
0.159601,0
0.160366,0
0.16113,0
0.161892,0
0.162654,0
0.163413,0
0.164171,0
0.164927,0
0.165682,0
0.166436,0
0.167188,0
0.167938,0
0.168687,0
0.169434,0
0.170181,0
0.170925,0
0.171668,0
0.172409,0
0.173148,0
0.173887,0
0.174624,0
0.175358,0
0.176091,0
0.176823,0
0.177553,0
0.178282,0
0.179009,0
0.179734,0
0.180457,0
0.181179,0
0.1819,0
0.182619,0
0.183335,0
0.184051,0
0.184764,0
0.185477,0
0.186187,0
0.186895,0
0.187602,0
0.188307,0
0.189011,0
0.189713,0
0.190413,0
0.191111,0
0.191807,0
0.192503,0
0.193196,0
0.193887,0
0.194576,0
0.195264,0
0.195951,0
0.196635,0
0.197317,0
0.197997,0
0.198676,0
0.199354,0
0.200029,0
0.200702,0
0.201373,0
0.202043,0
0.202712,0
0.203377,0
0.204041,0
0.204704,0
0.205364,0
0.206022,0
0.20668,0
0.207335,0
0.207987,0
0.208638,0
0.209287,0
0.209935,0
0.21058,0
0.211224,0
0.211865,0
0.212505,0
0.213143,0
0.213779,0
0.214412,0
0.215044,0
0.215674,0
0.216302,0
0.216928,0
0.217552,0
0.218174,0
0.218793,0
0.219412,0
0.220028,0
0.220642,0
0.221254,0
0.221864,0
0.222472,0
0.223078,0
0.223682,0
0.224284,0
0.224883,0
0.225482,0
0.226078,0
0.226671,0
0.227263,0
0.227852,0
0.228439,0
0.229025,0
0.229609,0
0.23019,0
0.230769,0
0.231346,0
0.231921,0
0.232494,0
0.233065,0
0.233633,0
0.234199,0
0.234765,0
0.235327,0
0.235887,0
0.236444,0
0.237,0
0.237554,0
0.238106,0
0.238655,0
0.239202,0
0.239747,0
0.24029,0
0.24083,0
0.241369,0
0.241905,0
0.242439,0
0.242971,0
0.243501,0
0.244028,0
0.244553,0
0.245076,0
0.245597,0
0.246115,0
0.246631,0
0.247145,0
0.247657,0
0.248167,0
0.248674,0
0.249179,0
0.249681,0
0.250182,0
0.25068,0
0.251176,0
0.25167,0
0.252161,0
0.25265,0
0.253136,0
0.253621,0
0.254103,0
0.254583,0
0.25506,0
0.255535,0
0.256009,0
0.256479,0
0.256947,0
0.257413,0
0.257876,0
0.258338,0
0.258797,0
0.259253,0
0.259707,0
0.260159,0
0.260608,0
0.261055,0
0.2615,0
0.261942,0
0.262382,0
0.26282,0
0.263255,0
0.263687,0
0.264117,0
0.264545,0
0.264971,0
0.265394,0
0.265815,0
0.266233,0
0.266648,0
0.267062,0
0.267473,0
0.267882,0
0.268287,0
0.268691,0
0.269092,0
0.269491,0
0.269888,0
0.270281,0
0.270673,0
0.271061,0
0.271448,0
0.271832,0
0.272214,0
0.272593,0
0.272969,0
0.273344,0
0.273715,0
0.274084,0
0.274451,0
0.274815,0
0.275177,0
0.275536,0
0.275892,0
0.276246,0
0.276598,0
0.276947,0
0.277294,0
0.277638,0
0.277979,0
0.278318,0
0.278655,0
0.278989,0
0.27932,0
0.279649,0
0.279975,0
0.280298,0
0.28062,0
0.280939,0
0.281255,0
0.281568,0
0.281879,0
0.282188,0
0.282493,0
0.282797,0
0.283097,0
0.283395,0
0.283691,0
0.283984,0
0.284274,0
0.284562,0
0.284847,0
0.28513,0
0.28541,0
0.285687,0
0.285962,0
0.286234,0
0.286504,0
0.286771,0
0.287036,0
0.287297,0
0.287556,0
0.287813,0
0.288067,0
0.288318,0
0.288567,0
0.288813,0
0.289057,0
0.289298,0
0.289536,0
0.289771,0
0.290004,0
0.290235,0
0.290462,0
0.290687,0
0.290909,0
0.291129,0
0.291346,0
0.291561,0
0.291773,0
0.291982,0
0.292188,0
0.292392,0
0.292593,0
0.292792,0
0.292987,0
0.29318,0
0.293371,0
0.293559,0
0.293744,0
0.293926,0
0.294106,0
0.294283,0
0.294458,0
0.29463,0
0.294799,0
0.294965,0
0.295129,0
0.29529,0
0.295448,0
0.295604,0
0.295757,0
0.295907,0
0.296055,0
0.2962,0
0.296342,0
0.296481,0
0.296618,0
0.296752,0
0.296884,0
0.297012,0
0.297138,0
0.297262,0
0.297382,0
0.2975,0
0.297615,0
0.297728,0
0.297838,0
0.297945,0
0.298049,0
0.298151,0
0.29825,0
0.298346,0
0.29844,0
0.29853,0
0.298618,0
0.298704,0
0.298786,0
0.298866,0
0.298944,0
0.299018,0
0.29909,0
0.299159,0
0.299225,0
0.299289,0
0.29935,0
0.299408,0
0.299463,0
0.299516,0
0.299566,0
0.299614,0
0.299658,0
0.2997,0
0.299739,0
0.299775,0
0.299809,0
0.29984,0
0.299868,0
0.299894,0
0.299916,0
0.299936,0
0.299954,0
0.299968,0
0.29998,0
0.299989,0
0.299995,0
0.299999,0
0.3,0
0.299998,0
0.299994,0
0.299986,0
0.299976,0
0.299964,0
0.299948,0
0.29993,0
0.299909,0
0.299885,0
0.299859,0
0.29983,0
0.299798,0
0.299764,0
0.299726,0
0.299686,0
0.299643,0
0.299598,0
0.29955,0
0.299499,0
0.299445,0
0.299389,0
0.29933,0
0.299268,0
0.299204,0
0.299136,0
0.299066,0
0.298994,0
0.298918,0
0.29884,0
0.298759,0
0.298676,0
0.298589,0
0.2985,0
0.298409,0
0.298314,0
0.298217,0
0.298117,0
0.298015,0
0.297909,0
0.297801,0
0.297691,0
0.297577,0
0.297461,0
0.297342,0
0.297221,0
0.297097,0
0.29697,0
0.29684,0
0.296708,0
0.296573,0
0.296435,0
0.296295,0
0.296152,0
0.296006,0
0.295857,0
0.295706,0
0.295552,0
0.295396,0
0.295236,0
0.295074,0
0.29491,0
0.294743,0
0.294573,0
0.2944,0
0.294225,0
0.294047,0
0.293866,0
0.293683,0
0.293496,0
0.293308,0
0.293116,0
0.292922,0
0.292726,0
0.292526,0
0.292324,0
0.29212,0
0.291912,0
0.291702,0
0.29149,0
0.291274,0
0.291056,0
0.290836,0
0.290612,0
0.290387,0
0.290158,0
0.289927,0
0.289693,0
0.289457,0
0.289218,0
0.288976,0
0.288731,0
0.288484,0
0.288235,0
0.287983,0
0.287728,0
0.28747,0
0.28721,0
0.286948,0
0.286683,0
0.286414,0
0.286144,0
0.285871,0
0.285595,0
0.285317,0
0.285036,0
0.284752,0
0.284466,0
0.284178,0
0.283887,0
0.283593,0
0.283296,0
0.282997,0
0.282696,0
0.282392,0
0.282085,0
0.281776,0
0.281464,0
0.28115,0
0.280833,0
0.280513,0
0.280191,0
0.279866,0
0.279539,0
0.27921,0
0.278878,0
0.278542,0
0.278205,0
0.277866,0
0.277523,0
0.277178,0
0.276831,0
0.276481,0
0.276129,0
0.275774,0
0.275416,0
0.275056,0
0.274694,0
0.274329,0
0.273961,0
0.273592,0
0.273219,0
0.272844,0
0.272467,0
0.272087,0
0.271705,0
0.271319,0
0.270932,0
0.270542,0
0.27015,0
0.269756,0
0.269359,0
0.268959,0
0.268557,0
0.268152,0
0.267746,0
0.267336,0
0.266924,0
0.26651,0
0.266094,0
0.265675,0
0.265253,0
0.264829,0
0.264403,0
0.263974,0
0.263543,0
0.26311,0
0.262674,0
0.262235,0
0.261795,0
0.261352,0
0.260907,0
0.260458,0
0.260008,0
0.259556,0
0.259101,0
0.258644,0
0.258184,0
0.257722,0
0.257258,0
0.256791,0
0.256323,0
0.255851,0
0.255377,0
0.254901,0
0.254423,0
0.253943,0
0.25346,0
0.252974,0
0.252487,0
0.251997,0
0.251506,0
0.251011,0
0.250514,0
0.250015,0
0.249514,0
0.249011,0
0.248505,0
0.247997,0
0.247487,0
0.246974,0
0.24646,0
0.245943,0
0.245423,0
0.244902,0
0.244378,0
0.243852,0
0.243324,0
0.242793,0
0.242261,0
0.241726,0
0.24119,0
0.240651,0
0.240109,0
0.239565,0
0.23902,0
0.238472,0
0.237922,0
0.237369,0
0.236815,0
0.236259,0
0.2357,0
0.23514,0
0.234577,0
0.234011,0
0.233444,0
0.232875,0
0.232303,0
0.23173,0
0.231154,0
0.230576,0
0.229996,0
0.229415,0
0.228831,0
0.228244,0
0.227656,0
0.227066,0
0.226474,0
0.225879,0
0.225282,0
0.224684,0
0.224083,0
0.223481,0
0.222877,0
0.222269,0
0.221661,0
0.22105,0
0.220438,0
0.219823,0
0.219206,0
0.218587,0
0.217967,0
0.217344,0
0.21672,0
0.216092,0
0.215464,0
0.214834,0
0.214201,0
0.213567,0
0.21293,0
0.212292,0
0.211652,0
0.21101,0
0.210366,0
0.20972,0
0.209071,0
0.208421,0
0.20777,0
0.207117,0
0.206461,0
0.205803,0
0.205144,0
0.204483,0
0.20382,0
0.203156,0
0.202488,0
0.20182,0
0.20115,0
0.200478,0
0.199804,0
0.199127,0
0.19845,0
0.197771,0
0.19709,0
0.196407,0
0.195721,0
0.195035,0
0.194347,0
0.193657,0
0.192965,0
0.192271,0
0.191575,0
0.190878,0
0.19018,0
0.189479,0
0.188776,0
0.188072,0
0.187367,0
0.186659,0
0.18595,0
0.18524,0
0.184526,0
0.183812,0
0.183097,0
0.182379,0
0.18166,0
0.180939,0
0.180216,0
0.179492,0
0.178767,0
0.17804,0
0.17731,0
0.176579,0
0.175847,0
0.175114,0
0.174378,0
0.173641,0
0.172902,0
0.172162,0
0.171421,0
0.170678,0
0.169932,0
0.169186,0
0.168438,0
0.167689,0
0.166938,0
0.166184,0
0.165431,0
0.164675,0
0.163918,0
0.16316,0
0.162399,0
0.161638,0
0.160875,0
0.160111,0
0.159345,0
0.158577,0
0.157809,0
0.157039,0
0.156267,0
0.155494,0
0.15472,0
0.153943,0
0.153166,0
0.152388,0
0.151608,0
0.150827,0
0.150043,0
0.149259,0
0.148474,0
0.147687,0
0.146899,0
0.146109,0
0.145318,0
0.144526,0
0.143733,0
0.142938,0
0.142141,0
0.141344,0
0.140545,0
0.139746,0
0.138945,0
0.138141,0
0.137338,0
0.136533,0
0.135727,0
0.13492,0
0.13411,0
0.1333,0
0.132489,0
0.131677,0
0.130864,0
0.130048,0
0.129232,0
0.128416,0
0.127597,0
0.126778,0
0.125958,0
0.125135,0
0.124313,0
0.123489,0
0.122664,0
0.121838,0
0.12101,0
0.120181,0
0.119352,0
0.118522,0
0.11769,0
0.116856,0
0.116023,0
0.115188,0
0.114352,0
0.113516,0
0.112677,0
0.111838,0
0.110998,0
0.110157,0
0.109315,0
0.108471,0
0.107627,0
0.106783,0
0.105937,0
0.10509,0
0.104241,0
0.103393,0
0.102543,0
0.101692,0
0.100841,0
0.0999875,0
0.0991342,0
0.0982801,0
0.097425,0
0.0965691,0
0.095711,0
0.0948533,0
0.0939948,0
0.0931354,0
0.0922751,0
0.091414,0
0.0905508,0
0.0896881,0
0.0888245,0
0.0879602,0
0.087095,0
0.0862278,0
0.085361,0
0.0844935,0
0.0836252,0
0.0827562,0
0.0818851,0
0.0810146,0
0.0801433,0
0.0792713,0
0.0783985,0
0.0775238,0
0.0766497,0
0.0757748,0
0.0748993,0
0.0740231,0
0.0731449,0
0.0722673,0
0.0713891,0
0.0705103,0
0.0696308,0
0.0687493,0
0.0678686,0
0.0669872,0
0.0661052,0
0.0652226,0
0.0643382,0
0.0634544,0
0.06257,0
0.0616851,0
0.0607997,0
0.0599136,0
0.0590258,0
0.0581387,0
0.057251,0
0.0563629,0
0.0554742,0
0.0545837,0
0.0536941,0
0.0528039,0
0.0519133,0
0.0510221,0
0.0501293,0
0.0492372,0
0.0483448,0
0.0474518,0
0.0465585,0
0.0456634,0
0.0447692,0
0.0438746,0
0.0429796,0
0.0420843,0
0.0411872,0
0.040291,0
0.0393945,0
0.0384977,0
0.0376004,0
0.0367016,0
0.0358037,0
0.0349055,0
0.0340069,0
0.0331081,0
0.0322076,0
0.0313082,0
0.0304085,0
0.0295085,0
0.0286082,0
0.0277064,0
0.0268056,0
0.0259045,0
0.0250033,0
0.0241018,0
0.0232001,0
0.0222969,0
0.0213947,0
0.0204924,0
0.0195899,0
0.0186872,0
0.0177831,0
0.0168801,0
0.0159769,0
0.0150736,0
0.0141701,0
0.0132653,0
0.0123616,0
0.0114578,0
0.0105538,0
0.00964983,0
0.00874442,0
0.00784024,0
0.00693599,0
0.00603168,0
0.00512732,0
0.00422159,0
0.00331714,0
0.00241266,0
0.00150816,0
0.000603639,0
-0.000302199,0
-0.00120672,0
-0.00211123,0
-0.00301572,0
-0.00392018,0
-0.00482592,0
-0.0057303,0
-0.00663463,0
-0.0075389,0
-0.0084431,0
-0.00934723,0
-0.0102526,0
-0.0111565,0
-0.0120604,0
-0.0129641,0
-0.0138677,0
-0.0147725,0
-0.0156759,0
-0.0165791,0
-0.0174822,0
-0.0183851,0
-0.0192891,0
-0.0201917,0
-0.0210941,0
-0.0219962,0
-0.0228982,0
-0.0238013,0
-0.0247029,0
-0.0256042,0
-0.0265053,0
-0.0274062,0
-0.0283081,0
-0.0292085,0
-0.0301086,0
-0.0310084,0
-0.0319079,0
-0.0328085,0
-0.0337074,0
-0.0346061,0
-0.0355044,0
-0.0364024,0
-0.0373014,0
-0.0381987,0
-0.0390957,0
-0.0399923,0
-0.0408886,0
-0.0417845,0
-0.0426813,0
-0.0435764,0
-0.0444711,0
-0.0453655,0
-0.0462594,0
-0.0471542,0
-0.0480472,0
-0.0489399,0
-0.049832,0
-0.0507238,0
-0.0516163,0
-0.0525071,0
-0.0533975,0
-0.0542873,0
-0.0551766,0
-0.0560668,0
-0.0569551,0
-0.0578429,0
-0.0587302,0
-0.0596169,0
-0.0605044,0
-0.0613901,0
-0.0622752,0
-0.0631597,0
-0.0640437,0
-0.0649284,0
-0.0658111,0
-0.0666933,0
-0.0675749,0
-0.0684559,0
-0.0693375,0
-0.0702172,0
-0.0710963,0
-0.0719747,0
-0.0728525,0
-0.0737309,0
-0.0746073,0
-0.0754831,0
-0.0763582,0
-0.0772326,0
-0.0781063,0
-0.0789805,0
-0.0798527,0
-0.0807243,0
-0.0815951,0
-0.0824651,0
-0.0833357,0
-0.0842042,0
-0.085072,0
-0.085939,0
-0.0868052,0
-0.0876719,0
-0.0885366,0
-0.0894004,0
-0.0902634,0
-0.0911256,0
-0.0919882,0
-0.0928488,0
-0.0937084,0
-0.0945673,0
-0.0954253,0
-0.0962836,0
-0.0971399,0
-0.0979952,0
-0.0988497,0
-0.0997032,0
-0.100557,0
-0.101409,0
-0.10226,0
-0.10311,0
-0.103958,0
-0.104808,0
-0.105655,0
-0.106501,0
-0.107346,0
-0.10819,0
-0.109033,0
-0.109877,0
-0.110718,0
-0.111558,0
-0.112397,0
-0.113235,0
-0.114074,0
-0.11491,0
-0.115745,0
-0.116579,0
-0.117412,0
-0.118245,0
-0.119075,0
-0.119905,0
-0.120734,0
-0.121561,0
-0.122389,0
-0.123214,0
-0.124038,0
-0.124861,0
-0.125683,0
-0.126505,0
-0.127325,0
-0.128143,0
-0.12896,0
-0.129776,0
-0.130592,0
-0.131406,0
-0.132219,0
-0.13303,0
-0.13384,0
-0.13465,0
-0.135458,0
-0.136264,0
-0.13707,0
-0.137874,0
-0.138677,0
-0.139479,0
-0.140279,0
-0.141078,0
-0.141876,0
-0.142672,0
-0.143468,0
-0.144262,0
-0.145054,0
-0.145845,0
-0.146635,0
-0.147425,0
-0.148212,0
-0.148998,0
-0.149782,0
-0.150565,0
-0.151348,0
-0.152128,0
-0.152907,0
-0.153685,0
-0.154461,0
-0.155237,0
-0.15601,0
-0.156782,0
-0.157552,0
-0.158321,0
-0.15909,0
-0.159856,0
-0.160621,0
-0.161384,0
-0.162146,0
-0.162907,0
-0.163666,0
-0.164423,0
-0.165179,0
-0.165933,0
-0.166687,0
-0.167439,0
-0.168188,0
-0.168937,0
-0.169683,0
-0.170428,0
-0.171173,0
-0.171915,0
-0.172656,0
-0.173395,0
-0.174132,0
-0.174869,0
-0.175603,0
-0.176336,0
-0.177067,0
-0.177796,0
-0.178525,0
-0.179251,0
-0.179975,0
-0.180698,0
-0.181419,0
-0.18214,0
-0.182858,0
-0.183574,0
-0.184289,0
-0.185002,0
-0.185714,0
-0.186423,0
-0.187131,0
-0.187837,0
-0.188542,0
-0.189245,0
-0.189946,0
-0.190646,0
-0.191343,0
-0.192039,0
-0.192734,0
-0.193426,0
-0.194117,0
-0.194806,0
-0.195493,0
-0.196179,0
-0.196862,0
-0.197544,0
-0.198224,0
-0.198902,0
-0.199578,0
-0.200253,0
-0.200926,0
-0.201597,0
-0.202266,0
-0.202933,0
-0.203599,0
-0.204262,0
-0.204924,0
-0.205584,0
-0.206241,0
-0.206898,0
-0.207552,0
-0.208205,0
-0.208855,0
-0.209503,0
-0.210151,0
-0.210795,0
-0.211438,0
-0.212079,0
-0.212717,0
-0.213355,0
-0.21399,0
-0.214623,0
-0.215254,0
-0.215883,0
-0.216511,0
-0.217136,0
-0.217759,0
-0.218381,0
-0.219,0
-0.219618,0
-0.220233,0
-0.220846,0
-0.221457,0
-0.222067,0
-0.222674,0
-0.22328,0
-0.223883,0
-0.224484,0
-0.225083,0
-0.22568,0
-0.226276,0
-0.226869,0
-0.227459,0
-0.228048,0
-0.228635,0
-0.22922,0
-0.229803,0
-0.230383,0
-0.230961,0
-0.231538,0
-0.232113,0
-0.232685,0
-0.233254,0
-0.233822,0
-0.234388,0
-0.234952,0
-0.235514,0
-0.236073,0
-0.23663,0
-0.237185,0
-0.237738,0
-0.238289,0
-0.238837,0
-0.239384,0
-0.239928,0
-0.24047,0
-0.24101,0
-0.241548,0
-0.242083,0
-0.242616,0
-0.243148,0
-0.243677,0
-0.244203,0
-0.244727,0
-0.245249,0
-0.245769,0
-0.246288,0
-0.246803,0
-0.247316,0
-0.247827,0
-0.248336,0
-0.248843,0
-0.249347,0
-0.249849,0
-0.250348,0
-0.250845,0
-0.251341,0
-0.251834,0
-0.252324,0
-0.252812,0
-0.253298,0
-0.253782,0
-0.254264,0
-0.254742,0
-0.255219,0
-0.255693,0
-0.256166,0
-0.256635,0
-0.257103,0
-0.257568,0
-0.25803,0
-0.258491,0
-0.258949,0
-0.259405,0
-0.259858,0
-0.260309,0
-0.260758,0
-0.261204,0
-0.261647,0
-0.262089,0
-0.262528,0
-0.262964,0
-0.263399,0
-0.263831,0
-0.26426,0
-0.264687,0
-0.265112,0
-0.265535,0
-0.265954,0
-0.266372,0
-0.266786,0
-0.267199,0
-0.26761,0
-0.268017,0
-0.268422,0
-0.268825,0
-0.269225,0
-0.269624,0
-0.270019,0
-0.270412,0
-0.270803,0
-0.271191,0
-0.271577,0
-0.27196,0
-0.27234,0
-0.272718,0
-0.273094,0
-0.273468,0
-0.273838,0
-0.274207,0
-0.274572,0
-0.274935,0
-0.275297,0
-0.275655,0
-0.276011,0
-0.276364,0
-0.276714,0
-0.277063,0
-0.277409,0
-0.277752,0
-0.278092,0
-0.27843,0
-0.278766,0
-0.279099,0
-0.27943,0
-0.279758,0
-0.280083,0
-0.280406,0
-0.280727,0
-0.281044,0
-0.281359,0
-0.281672,0
-0.281982,0
-0.28229,0
-0.282595,0
-0.282897,0
-0.283197,0
-0.283494,0
-0.283789,0
-0.284081,0
-0.284371,0
-0.284657,0
-0.284942,0
-0.285224,0
-0.285503,0
-0.285779,0
-0.286053,0
-0.286325,0
-0.286594,0
-0.28686,0
-0.287123,0
-0.287384,0
-0.287642,0
-0.287898,0
-0.288151,0
-0.288402,0
-0.288649,0
-0.288895,0
-0.289137,0
-0.289377,0
-0.289615,0
-0.289849,0
-0.290081,0
-0.290311,0
-0.290538,0
-0.290762,0
-0.290983,0
-0.291202,0
-0.291418,0
-0.291632,0
-0.291843,0
-0.292051,0
-0.292256,0
-0.292459,0
-0.29266,0
-0.292857,0
-0.293052,0
-0.293244,0
-0.293434,0
-0.293621,0
-0.293805,0
-0.293987,0
-0.294165,0
-0.294342,0
-0.294515,0
-0.294686,0
-0.294854,0
-0.29502,0
-0.295183,0
-0.295343,0
-0.2955,0
-0.295655,0
-0.295807,0
-0.295957,0
-0.296103,0
-0.296247,0
-0.296389,0
-0.296527,0
-0.296663,0
-0.296796,0
-0.296927,0
-0.297055,0
-0.29718,0
-0.297302,0
-0.297422,0
-0.297539,0
-0.297653,0
-0.297765,0
-0.297874,0
-0.29798,0
-0.298083,0
-0.298184,0
-0.298282,0
-0.298378,0
-0.29847,0
-0.29856,0
-0.298647,0
-0.298732,0
-0.298813,0
-0.298892,0
-0.298969,0
-0.299042,0
-0.299113,0
-0.299181,0
-0.299247,0
-0.29931,0
-0.29937,0
-0.299427,0
-0.299481,0
-0.299533,0
-0.299582,0
-0.299629,0
-0.299672,0
-0.299713,0
-0.299751,0
-0.299787,0
-0.29982,0
-0.29985,0
-0.299877,0
-0.299901,0
-0.299923,0
-0.299942,0
-0.299959,0
-0.299972,0
-0.299983,0
-0.299991,0
-0.299997,0
-0.3,0
-0.3,0
-0.299997,0
-0.299991,0
-0.299983,0
-0.299972,0
-0.299959,0
-0.299942,0
-0.299923,0
-0.299901,0
-0.299877,0
-0.29985,0
-0.29982,0
-0.299787,0
-0.299751,0
-0.299713,0
-0.299672,0
-0.299629,0
-0.299582,0
-0.299533,0
-0.299481,0
-0.299427,0
-0.29937,0
-0.29931,0
-0.299247,0
-0.299181,0
-0.299113,0
-0.299042,0
-0.298969,0
-0.298893,0
-0.298813,0
-0.298732,0
-0.298647,0
-0.29856,0
-0.29847,0
-0.298377,0
-0.298282,0
-0.298184,0
-0.298083,0
-0.29798,0
-0.297874,0
-0.297765,0
-0.297653,0
-0.297539,0
-0.297422,0
-0.297302,0
-0.29718,0
-0.297055,0
-0.296927,0
-0.296796,0
-0.296663,0
-0.296527,0
-0.296389,0
-0.296247,0
-0.296103,0
-0.295956,0
-0.295807,0
-0.295655,0
-0.2955,0
-0.295343,0
-0.295183,0
-0.29502,0
-0.294854,0
-0.294686,0
-0.294515,0
-0.294342,0
-0.294165,0
-0.293987,0
-0.293805,0
-0.293621,0
-0.293434,0
-0.293244,0
-0.293052,0
-0.292857,0
-0.29266,0
-0.292459,0
-0.292256,0
-0.292051,0
-0.291842,0
-0.291632,0
-0.291418,0
-0.291202,0
-0.290983,0
-0.290762,0
-0.290537,0
-0.290311,0
-0.290081,0
-0.289849,0
-0.289614,0
-0.289377,0
-0.289137,0
-0.288894,0
-0.288649,0
-0.288402,0
-0.288151,0
-0.287898,0
-0.287642,0
-0.287384,0
-0.287123,0
-0.28686,0
-0.286594,0
-0.286325,0
-0.286053,0
-0.285779,0
-0.285503,0
-0.285224,0
-0.284942,0
-0.284657,0
-0.284371,0
-0.284081,0
-0.283789,0
-0.283494,0
-0.283197,0
-0.282897,0
-0.282595,0
-0.28229,0
-0.281982,0
-0.281672,0
-0.281359,0
-0.281044,0
-0.280726,0
-0.280406,0
-0.280083,0
-0.279758,0
-0.27943,0
-0.279099,0
-0.278766,0
-0.27843,0
-0.278092,0
-0.277752,0
-0.277409,0
-0.277063,0
-0.276714,0
-0.276364,0
-0.27601,0
-0.275655,0
-0.275297,0
-0.274935,0
-0.274572,0
-0.274207,0
-0.273838,0
-0.273468,0
-0.273095,0
-0.272718,0
-0.27234,0
-0.27196,0
-0.271577,0
-0.271191,0
-0.270802,0
-0.270412,0
-0.270019,0
-0.269624,0
-0.269226,0
-0.268825,0
-0.268422,0
-0.268017,0
-0.267609,0
-0.267199,0
-0.266786,0
-0.266371,0
-0.265954,0
-0.265534,0
-0.265112,0
-0.264687,0
-0.26426,0
-0.263831,0
-0.263399,0
-0.262965,0
-0.262528,0
-0.262089,0
-0.261647,0
-0.261204,0
-0.260758,0
-0.260309,0
-0.259858,0
-0.259405,0
-0.258949,0
-0.258491,0
-0.258031,0
-0.257568,0
-0.257103,0
-0.256635,0
-0.256166,0
-0.255694,0
-0.255219,0
-0.254742,0
-0.254263,0
-0.253782,0
-0.253299,0
-0.252812,0
-0.252324,0
-0.251834,0
-0.251341,0
-0.250846,0
-0.250348,0
-0.249848,0
-0.249347,0
-0.248843,0
-0.248336,0
-0.247827,0
-0.247316,0
-0.246803,0
-0.246288,0
-0.24577,0
-0.245249,0
-0.244727,0
-0.244203,0
-0.243676,0
-0.243148,0
-0.242616,0
-0.242083,0
-0.241548,0
-0.24101,0
-0.24047,0
-0.239928,0
-0.239384,0
-0.238837,0
-0.238289,0
-0.237738,0
-0.237185,0
-0.23663,0
-0.236073,0
-0.235513,0
-0.234952,0
-0.234389,0
-0.233822,0
-0.233254,0
-0.232684,0
-0.232112,0
-0.231538,0
-0.230961,0
-0.230383,0
-0.229803,0
-0.22922,0
-0.228635,0
-0.228048,0
-0.227459,0
-0.226868,0
-0.226276,0
-0.225681,0
-0.225083,0
-0.224484,0
-0.223883,0
-0.22328,0
-0.222674,0
-0.222066,0
-0.221457,0
-0.220846,0
-0.220233,0
-0.219618,0
-0.219,0
-0.21838,0
-0.217759,0
-0.217136,0
-0.216511,0
-0.215884,0
-0.215254,0
-0.214623,0
-0.21399,0
-0.213355,0
-0.212718,0
-0.212078,0
-0.211438,0
-0.210795,0
-0.21015,0
-0.209504,0
-0.208855,0
-0.208204,0
-0.207552,0
-0.206898,0
-0.206242,0
-0.205583,0
-0.204924,0
-0.204262,0
-0.203599,0
-0.202934,0
-0.202266,0
-0.201597,0
-0.200926,0
-0.200253,0
-0.199579,0
-0.198902,0
-0.198224,0
-0.197544,0
-0.196862,0
-0.196179,0
-0.195492,0
-0.194805,0
-0.194117,0
-0.193426,0
-0.192734,0
-0.19204,0
-0.191343,0
-0.190646,0
-0.189946,0
-0.189245,0
-0.188543,0
-0.187837,0
-0.187131,0
-0.186423,0
-0.185714,0
-0.185002,0
-0.184289,0
-0.183574,0
-0.182858,0
-0.18214,0
-0.18142,0
-0.180698,0
-0.179975,0
-0.179251,0
-0.178524,0
-0.177797,0
-0.177066,0
-0.176335,0
-0.175603,0
-0.174869,0
-0.174133,0
-0.173394,0
-0.172656,0
-0.171915,0
-0.171173,0
-0.170429,0
-0.169683,0
-0.168936,0
-0.168188,0
-0.167438,0
-0.166687,0
-0.165933,0
-0.165179,0
-0.164423,0
-0.163666,0
-0.162907,0
-0.162147,0
-0.161384,0
-0.160621,0
-0.159856,0
-0.15909,0
-0.158322,0
-0.157552,0
-0.156782,0
-0.15601,0
-0.155236,0
-0.154462,0
-0.153684,0
-0.152907,0
-0.152128,0
-0.151348,0
-0.150566,0
-0.149782,0
-0.148997,0
-0.148212,0
-0.147425,0
-0.146636,0
-0.145845,0
-0.145054,0
-0.144262,0
-0.143468,0
-0.142673,0
-0.141875,0
-0.141078,0
-0.140279,0
-0.139479,0
-0.138677,0
-0.137873,0
-0.137069,0
-0.136264,0
-0.135458,0
-0.13465,0
-0.133841,0
-0.13303,0
-0.132219,0
-0.131406,0
-0.130592,0
-0.129777,0
-0.12896,0
-0.128143,0
-0.127324,0
-0.126505,0
-0.125684,0
-0.124861,0
-0.124038,0
-0.123214,0
-0.122389,0
-0.121562,0
-0.120733,0
-0.119905,0
-0.119075,0
-0.118244,0
-0.117413,0
-0.116578,0
-0.115744,0
-0.114909,0
-0.114073,0
-0.113236,0
-0.112397,0
-0.111558,0
-0.110718,0
-0.109876,0
-0.109034,0
-0.10819,0
-0.107346,0
-0.106501,0
-0.105655,0
-0.104808,0
-0.103958,0
-0.103109,0
-0.102259,0
-0.101409,0
-0.100557,0
-0.0997043,0
-0.0988494,0
-0.097995,0
-0.0971396,0
-0.0962834,0
-0.0954263,0
-0.0945671,0
-0.0937082,0
-0.0928486,0
-0.091988,0
-0.0911267,0
-0.0902632,0
-0.0894002,0
-0.0885364,0
-0.0876717,0
-0.0868063,0
-0.0859388,0
-0.0850718,0
-0.084204,0
-0.0833355,0
-0.0824662,0
-0.0815949,0
-0.0807241,0
-0.0798525,0
-0.0789803,0
-0.0781073,0
-0.0772324,0
-0.076358,0
-0.0754829,0
-0.0746071,0
-0.0737307,0
-0.0728523,0
-0.0719745,0
-0.0710961,0
-0.070217,0
-0.0693373,0
-0.068457,0
-0.0675747,0
-0.0666931,0
-0.0658109,0
-0.0649281,0
-0.0640448,0
-0.0631595,0
-0.062275,0
-0.0613899,0
-0.0605042,0
-0.059618,0
-0.05873,0
-0.0578427,0
-0.0569549,0
-0.0560665,0
-0.0551777,0
-0.0542871,0
-0.0533972,0
-0.0525069,0
-0.0516161,0
-0.0507248,0
-0.0498318,0
-0.0489396,0
-0.048047,0
-0.047154,0
-0.0462605,0
-0.0453652,0
-0.0444709,0
-0.0435762,0
-0.0426811,0
-0.0417855,0
-0.0408884,0
-0.0399921,0
-0.0390955,0
-0.0381985,0
-0.0373011,0
-0.0364022,0
-0.0355042,0
-0.0346058,0
-0.0337072,0
-0.0328082,0
-0.031909,0
-0.0310082,0
-0.0301083,0
-0.0292082,0
-0.0283079,0
-0.0274073,0
-0.0265051,0
-0.025604,0
-0.0247027,0
-0.0238011,0
-0.0228993,0
-0.021996,0
-0.0210938,0
-0.0201915,0
-0.0192889,0
-0.0183862,0
-0.0174819,0
-0.0165789,0
-0.0156757,0
-0.0147723,0
-0.0138688,0
-0.0129639,0
-0.0120602,0
-0.0111563,0
-0.0102524,0
-0.00934832,0
-0.00844288,0
-0.00753868,0
-0.00663441,0
-0.00573008,0
-0.0048257,0
-0.00391996,0
-0.00301549,0
-0.00211101,0
-0.0012065,0
-0.000301978,0
0.000602544,0
0.00150838,0
0.00241288,0
0.00331736,0
0.00422181,0
0.00512622,0
0.0060319,0
0.00693622,0
0.00784046,0
0.00874464,0
0.00964874,0
0.0105541,0
0.011458,0
0.0123618,0
0.0132655,0
0.0141691,0
0.0150738,0
0.0159771,0
0.0168803,0
0.0177833,0
0.0186862,0
0.0195901,0
0.0204926,0
0.021395,0
0.0222971,0
0.023199,0
0.024102,0
0.0250035,0
0.0259048,0
0.0268058,0
0.0277066,0
0.0286084,0
0.0295087,0
0.0304087,0
0.0313084,0
0.0322078,0
0.033107,0
0.0340071,0
0.0349057,0
0.0358039,0
0.0367018,0
0.0375994,0
0.0384979,0
0.0393947,0
0.0402913,0
0.0411874,0
0.0420832,0
0.0429799,0
0.0438748,0
0.0447694,0
0.0456636,0
0.0465574,0
0.0474521,0
0.048345,0
0.0492375,0
0.0501295,0
0.0510211,0
0.0519135,0
0.0528041,0
0.0536943,0
0.0545839,0
0.0554731,0
0.0563631,0
0.0572512,0
0.0581389,0
0.059026,0
0.0599126,0
0.0607999,0
0.0616853,0
0.0625703,0
0.0634546,0
0.0643384,0
0.0652228,0
0.0661054,0
0.0669874,0
0.0678688,0
0.0687496,0
0.0696297,0
0.0705105,0
0.0713893,0
0.0722676,0
0.0731451,0
0.074022,0
0.0748995,0
0.075775,0
0.0766499,0
0.077524,0
0.0783975,0
0.0792715,0
0.0801435,0
0.0810148,0
0.0818853,0
0.0827551,0
0.0836254,0
0.0844937,0
0.0853612,0
0.086228,0
0.0870939,0
0.0879604,0
0.0888247,0
0.0896883,0
0.090551,0
0.091413,0
0.0922753,0
0.0931356,0
0.093995,0
0.0948535,0
0.0957112,0
0.0965693,0
0.0974252,0
0.0982803,0
0.0991344,0
0.0999877,0
0.10084,0
0.101693,0
0.102543,0
0.103393,0
0.104241,0
0.105089,0
0.105937,0
0.106783,0
0.107628,0
0.108471,0
0.109314,0
0.110157,0
0.110998,0
0.111838,0
0.112677,0
0.113515,0
0.114353,0
0.115188,0
0.116023,0
0.116857,0
0.117689,0
0.118522,0
0.119352,0
0.120182,0
0.12101,0
0.121837,0
0.122664,0
0.123489,0
0.124313,0
0.125135,0
0.125957,0
0.126778,0
0.127598,0
0.128416,0
0.129233,0
0.130048,0
0.130864,0
0.131677,0
0.132489,0
0.1333,0
0.13411,0
0.134919,0
0.135727,0
0.136533,0
0.137338,0
0.138141,0
0.138944,0
0.139746,0
0.140546,0
0.141344,0
0.142141,0
0.142937,0
0.143733,0
0.144526,0
0.145318,0
0.146109,0
0.146898,0
0.147687,0
0.148474,0
0.149259,0
0.150043,0
0.150826,0
0.151608,0
0.152388,0
0.153167,0
0.153944,0
0.154719,0
0.155495,0
0.156267,0
0.157039,0
0.157809,0
0.158577,0
0.159346,0
0.160111,0
0.160875,0
0.161638,0
0.162399,0
0.163159,0
0.163919,0
0.164675,0
0.165431,0
0.166185,0
0.166937,0
0.167689,0
0.168438,0
0.169186,0
0.169932,0
0.170677,0
0.171421,0
0.172162,0
0.172902,0
0.173641,0
0.174378,0
0.175114,0
0.175847,0
0.176579,0
0.17731,0
0.178039,0
0.178767,0
0.179493,0
0.180217,0
0.180939,0
0.18166,0
0.18238,0
0.183097,0
0.183813,0
0.184527,0
0.185239,0
0.185951,0
0.18666,0
0.187367,0
0.188072,0
0.188776,0
0.189479,0
0.19018,0
0.190879,0
0.191575,0
0.192271,0
0.192964,0
0.193657,0
0.194347,0
0.195035,0
0.195721,0
0.196406,0
0.19709,0
0.197771,0
0.19845,0
0.199128,0
0.199803,0
0.200478,0
0.20115,0
0.20182,0
0.202488,0
0.203155,0
0.20382,0
0.204483,0
0.205144,0
0.205803,0
0.20646,0
0.207117,0
0.20777,0
0.208422,0
0.209071,0
0.209719,0
0.210366,0
0.21101,0
0.211652,0
0.212292,0
0.21293,0
0.213567,0
0.214201,0
0.214834,0
0.215464,0
0.216092,0
0.216719,0
0.217344,0
0.217967,0
0.218587,0
0.219206,0
0.219822,0
0.220438,0
0.22105,0
0.221661,0
0.222269,0
0.222876,0
0.223481,0
0.224084,0
0.224684,0
0.225282,0
0.225879,0
0.226474,0
0.227066,0
0.227656,0
0.228244,0
0.22883,0
0.229415,0
0.229997,0
0.230576,0
0.231154,0
0.231729,0
0.232304,0
0.232875,0
0.233444,0
0.234011,0
0.234576,0
0.23514,0
0.2357,0
0.236259,0
0.236815,0
0.237369,0
0.237922,0
0.238472,0
0.23902,0
0.239565,0
0.240109,0
0.24065,0
0.24119,0
0.241727,0
0.242261,0
0.242794,0
0.243324,0
0.243852,0
0.244378,0
0.244902,0
0.245423,0
0.245942,0
0.24646,0
0.246974,0
0.247487,0
0.247997,0
0.248505,0
0.249011,0
0.249514,0
0.250015,0
0.250514,0
0.251011,0
0.251506,0
0.251998,0
0.252487,0
0.252975,0
0.25346,0
0.253943,0
0.254423,0
0.254902,0
0.255377,0
0.255851,0
0.256323,0
0.256792,0
0.257258,0
0.257722,0
0.258184,0
0.258644,0
0.259101,0
0.259556,0
0.260008,0
0.260458,0
0.260906,0
0.261352,0
0.261795,0
0.262235,0
0.262674,0
0.263109,0
0.263543,0
0.263974,0
0.264403,0
0.264829,0
0.265253,0
0.265675,0
0.266094,0
0.26651,0
0.266924,0
0.267336,0
0.267746,0
0.268153,0
0.268557,0
0.268959,0
0.269358,0
0.269756,0
0.27015,0
0.270543,0
0.270932,0
0.271319,0
0.271705,0
0.272087,0
0.272467,0
0.272844,0
0.273219,0
0.273591,0
0.273961,0
0.274329,0
0.274694,0
0.275056,0
0.275416,0
0.275774,0
0.276129,0
0.276481,0
0.276831,0
0.277178,0
0.277523,0
0.277866,0
0.278205,0
0.278543,0
0.278877,0
0.27921,0
0.279539,0
0.279866,0
0.280191,0
0.280513,0
0.280833,0
0.28115,0
0.281464,0
0.281776,0
0.282085,0
0.282392,0
0.282696,0
0.282997,0
0.283296,0
0.283593,0
0.283887,0
0.284178,0
0.284467,0
0.284753,0
0.285036,0
0.285317,0
0.285595,0
0.285871,0
0.286144,0
0.286414,0
0.286682,0
0.286948,0
0.28721,0
0.28747,0
0.287728,0
0.287983,0
0.288235,0
0.288485,0
0.288731,0
0.288976,0
0.289217,0
0.289457,0
0.289693,0
0.289927,0
0.290158,0
0.290386,0
0.290613,0
0.290836,0
0.291056,0
0.291274,0
0.291489,0
0.291702,0
0.291912,0
0.29212,0
0.292324,0
0.292526,0
0.292726,0
0.292922,0
0.293116,0
0.293308,0
0.293496,0
0.293683,0
0.293866,0
0.294047,0
0.294225,0
0.2944,0
0.294572,0
0.294743,0
0.29491,0
0.295074,0
0.295236,0
0.295396,0
0.295552,0
0.295706,0
0.295857,0
0.296006,0
0.296152,0
0.296295,0
0.296435,0
0.296573,0
0.296708,0
0.29684,0
0.29697,0
0.297097,0
0.297221,0
0.297342,0
0.297461,0
0.297577,0
0.297691,0
0.297801,0
0.297909,0
0.298015,0
0.298117,0
0.298217,0
0.298314,0
0.298409,0
0.2985,0
0.298589,0
0.298676,0
0.298759,0
0.29884,0
0.298918,0
0.298994,0
0.299066,0
0.299136,0
0.299204,0
0.299268,0
0.29933,0
0.299389,0
0.299445,0
0.299499,0
0.29955,0
0.299598,0
0.299644,0
0.299686,0
0.299726,0
0.299764,0
0.299798,0
0.29983,0
0.299859,0
0.299885,0
0.299909,0
0.29993,0
0.299948,0
0.299964,0
0.299976,0
0.299986,0
0.299994,0
0.299998,0
0.3,0
0.299999,0
0.299995,0
0.299989,0
0.29998,0
0.299968,0
0.299954,0
0.299936,0
0.299916,0
0.299894,0
0.299868,0
0.29984,0
0.299809,0
0.299775,0
0.299739,0
0.2997,0
0.299658,0
0.299613,0
0.299566,0
0.299516,0
0.299463,0
0.299408,0
0.29935,0
0.299289,0
0.299225,0
0.299159,0
0.29909,0
0.299018,0
0.298944,0
0.298866,0
0.298786,0
0.298704,0
0.298618,0
0.29853,0
0.29844,0
0.298346,0
0.29825,0
0.298151,0
0.298049,0
0.297945,0
0.297838,0
0.297728,0
0.297615,0
0.2975,0
0.297382,0
0.297262,0
0.297138,0
0.297012,0
0.296884,0
0.296752,0
0.296618,0
0.296481,0
0.296342,0
0.2962,0
0.296055,0
0.295907,0
0.295757,0
0.295604,0
0.295448,0
0.29529,0
0.295129,0
0.294965,0
0.294799,0
0.29463,0
0.294458,0
0.294283,0
0.294106,0
0.293926,0
0.293744,0
0.293559,0
0.293371,0
0.29318,0
0.292987,0
0.292791,0
0.292593,0
0.292392,0
0.292188,0
0.291982,0
0.291772,0
0.291561,0
0.291346,0
0.291129,0
0.290909,0
0.290687,0
0.290462,0
0.290235,0
0.290004,0
0.289771,0
0.289536,0
0.289298,0
0.289057,0
0.288813,0
0.288567,0
0.288318,0
0.288067,0
0.287813,0
0.287557,0
0.287297,0
0.287035,0
0.286771,0
0.286504,0
0.286235,0
0.285962,0
0.285687,0
0.28541,0
0.28513,0
0.284848,0
0.284562,0
0.284274,0
0.283984,0
0.283691,0
0.283396,0
0.283097,0
0.282797,0
0.282493,0
0.282188,0
0.281879,0
0.281568,0
0.281255,0
0.280939,0
0.28062,0
0.280299,0
0.279975,0
0.279649,0
0.27932,0
0.278988,0
0.278655,0
0.278318,0
0.277979,0
0.277638,0
0.277294,0
0.276947,0
0.276598,0
0.276246,0
0.275892,0
0.275536,0
0.275177,0
0.274815,0
0.274451,0
0.274084,0
0.273715,0
0.273344,0
0.27297,0
0.272592,0
0.272214,0
0.271832,0
0.271448,0
0.271062,0
0.270673,0
0.270281,0
0.269887,0
0.269491,0
0.269093,0
0.268691,0
0.268287,0
0.267881,0
0.267473,0
0.267062,0
0.266648,0
0.266233,0
0.265814,0
0.265394,0
0.264971,0
0.264545,0
0.264117,0
0.263687,0
0.263254,0
0.26282,0
0.262382,0
0.261942,0
0.2615,0
0.261055,0
0.260608,0
0.260159,0
0.259707,0
0.259253,0
0.258797,0
0.258338,0
0.257877,0
0.257413,0
0.256947,0
0.256479,0
0.256009,0
0.255536,0
0.25506,0
0.254583,0
0.254103,0
0.253621,0
0.253137,0
0.25265,0
0.252161,0
0.25167,0
0.251176,0
0.25068,0
0.250182,0
0.249681,0
0.249179,0
0.248674,0
0.248167,0
0.247657,0
0.247145,0
0.246631,0
0.246115,0
0.245597,0
0.245076,0
0.244553,0
0.244028,0
0.2435,0
0.242971,0
0.242439,0
0.241905,0
0.241369,0
0.24083,0
0.24029,0
0.239747,0
0.239202,0
0.238655,0
0.238105,0
0.237554,0
0.237001,0
0.236444,0
0.235886,0
0.235326,0
0.234764,0
0.2342,0
0.233633,0
0.233065,0
0.232494,0
0.231921,0
0.231346,0
0.230769,0
0.23019,0
0.229609,0
0.229025,0
0.22844,0
0.227852,0
0.227262,0
0.226671,0
0.226077,0
0.225482,0
0.224883,0
0.224284,0
0.223682,0
0.223078,0
0.222472,0
0.221864,0
0.221254,0
0.220642,0
0.220028,0
0.219412,0
0.218794,0
0.218173,0
0.217552,0
0.216928,0
0.216302,0
0.215674,0
0.215044,0
0.214412,0
0.213778,0
0.213143,0
0.212505,0
0.211865,0
0.211224,0
0.21058,0
0.209935,0
0.209288,0
0.208638,0
0.207987,0
0.207334,0
0.20668,0
0.206023,0
0.205364,0
0.204703,0
0.204041,0
0.203377,0
0.202711,0
0.202043,0
0.201373,0
0.200702,0
0.200029,0
0.199354,0
0.198677,0
0.197997,0
0.197317,0
0.196634,0
0.19595,0
0.195265,0
0.194576,0
0.193887,0
0.193195,0
0.192503,0
0.191808,0
0.191111,0
0.190413,0
0.189713,0
0.189011,0
0.188308,0
0.187602,0
0.186895,0
0.186187,0
0.185477,0
0.184765,0
0.18405,0
0.183335,0
0.182618,0
0.1819,0
0.18118,0
0.180457,0
0.179734,0
0.179009,0
0.178282,0
0.177554,0
0.176823,0
0.176091,0
0.175358,0
0.174623,0
0.173887,0
0.173148,0
0.172409,0
0.171668,0
0.170925,0
0.170181,0
0.169435,0
0.168687,0
0.167938,0
0.167188,0
0.166436,0
0.165683,0
0.164927,0
0.164171,0
0.163413,0
0.162654,0
0.161893,0
0.161129,0
0.160366,0
0.159601,0
0.158834,0
0.158066,0
0.157295,0
0.156524,0
0.155752,0
0.154978,0
0.154203,0
0.153425,0
0.152647,0
0.151868,0
0.151087,0
0.150305,0
0.14952,0
0.148736,0
0.147949,0
0.147162,0
0.146373,0
0.145582,0
0.14479,0
0.143997,0
0.143203,0
0.142407,0
0.141611,0
0.140812,0
0.140012,0
0.139212,0
0.13841,0
0.137607,0
0.136801,0
0.135995,0
0.135189,0
0.13438,0
0.133571,0
0.132759,0
0.131948,0
0.131135,0
0.130321,0
0.129505,0
0.128688,0
0.12787,0
0.127051,0
0.126231,0
0.12541,0
0.124587,0
0.123763,0
0.122939,0
0.122113,0
0.121286,0
0.120457,0
0.119628,0
0.118798,0
0.117967,0
0.117135,0
0.1163,0
0.115466,0
0.114631,0
0.113794,0
0.112957,0
0.112117,0
0.111278,0
0.110437,0
0.109596,0
0.108753,0
0.10791,0
0.107064,0
0.106219,0
0.105372,0
0.104525,0
0.103677,0
0.102826,0
0.101976,0
0.101125,0
0.100273,0
0.0994197,0
0.0985646,0
0.0977098,0
0.0968542,0
0.0959977,0
0.0951403,0
0.0942807,0
0.0934216,0
0.0925617,0
0.0917008,0
0.0908392,0
0.0899755,0
0.0891122,0
0.0882481,0
0.0873832,0
0.0865175,0
0.0856497,0
0.0847825,0
0.0839144,0
0.0830456,0
0.0821761,0
0.0813045,0
0.0804335,0
0.0795617,0
0.0786892,0
0.077816,0
0.0769421,0
0.0760662,0
0.0751909,0
0.0743149,0
0.0734382,0
0.0725609,0
0.0716816,0
0.070803,0
0.0699237,0
0.0690438,0
0.0681632,0
0.0672808,0
0.066399,0
0.0655166,0
0.0646336,0
0.06375,0
0.0628646,0
0.0619799,0
0.0610946,0
0.0602087,0
0.0593223,0
0.0584341,0
0.0575467,0
0.0566587,0
0.0557702,0
0.0548812,0
0.0539904,0
0.0531004,0
0.0522099,0
0.0513189,0
0.0504275,0
0.0495343,0
0.048642,0
0.0477492,0
0.046856,0
0.0459624,0
0.045067,0
0.0441726,0
0.0432777,0
0.0423824,0
0.0414868,0
0.0405908,0
0.0396931,0
0.0387963,0
0.0378992,0
0.0370018,0
0.036104,0
0.0352046,0
0.0343062,0
0.0334074,0
0.0325084,0
0.031609,0
0.0307081,0
0.0298082,0
0.028908,0
0.0280076,0
0.0271069,0
0.0262046,0
0.0253034,0
0.024402,0
0.0235004,0
0.0225985,0
0.0216952,0
0.0207929,0
0.0198905,0
0.0189878,0
0.0180851,0
0.0171808,0
0.0162777,0
0.0153744,0
0.014471,0
0.0135675,0
0.0126625,0
0.0117587,0
0.0108548,0
0.00995087,0
0.0090468,0
0.00814265,0
0.00723711,0
0.00633282,0
0.00542847,0
0.00452407,0
0.00361963,0
0.00271385,0
0.00180935,0
0.000904837,0
3.1599e-07,0
-0.000904205,0
-0.00181003,0
-0.00271453,0
-0.003619,0
-0.00452344,0
-0.00542784,0
-0.0063335,0
-0.00723779,0
-0.00814202,0
-0.00904617,0
-0.00995024,0
-0.0108555,0
-0.0117594,0
-0.0126632,0
-0.0135668,0
-0.0144704,0
-0.0153751,0
-0.0162784,0
-0.0171815,0
-0.0180844,0
-0.0189872,0
-0.0198912,0
-0.0207936,0
-0.0216958,0
-0.0225979,0
-0.0234997,0
-0.0244014,0
-0.0253041,0
-0.0262053,0
-0.0271062,0
-0.0280069,0
-0.0289074,0
-0.0298089,0
-0.0307088,0
-0.0316084,0
-0.0325077,0
-0.0334068,0
-0.0343068,0
-0.0352053,0
-0.0361034,0
-0.0370012,0
-0.0378986,0
-0.038797,0
-0.0396938,0
-0.0405902,0
-0.0414862,0
-0.0423818,0
-0.0432784,0
-0.0441732,0
-0.0450677,0
-0.0459618,0
-0.0468554,0
-0.0477499,0
-0.0486427,0
-0.049535,0
-0.0504269,0
-0.0513183,0
-0.0522106,0
-0.053101,0
-0.053991,0
-0.0548805,0
-0.0557695,0
-0.0566593,0
-0.0575473,0
-0.0584348,0
-0.0593217,0
-0.0602081,0
-0.061094,0
-0.0619805,0
-0.0628653,0
-0.0637494,0
-0.064633,0
-0.065516,0
-0.0663996,0
-0.0672814,0
-0.0681626,0
-0.0690432,0
-0.0699231,0
-0.0708036,0
-0.0716823,0
-0.0725603,0
-0.0734376,0
-0.0743143,0
-0.0751916,0
-0.0760669,0
-0.0769415,0
-0.0778154,0
-0.0786886,0
-0.0795624,0
-0.0804341,0
-0.0813052,0
-0.0821755,0
-0.083045,0
-0.0839151,0
-0.0847831,0
-0.0856504,0
-0.0865169,0
-0.0873826,0
-0.0882487,0
-0.0891128,0
-0.0899761,0
-0.0908386,0
-0.0917002,0
-0.0925611,0
-0.0934223,0
-0.0942814,0
-0.0951397,0
-0.0959971,0
-0.0968536,0
-0.0977105,0
-0.0985652,0
-0.0994191,0
-0.100272,0
-0.101124,0
-0.101976,0
-0.102827,0
-0.103676,0
-0.104524,0
-0.105372,0
-0.106219,0
-0.107065,0
-0.107909,0
-0.108753,0
-0.109595,0
-0.110438,0
-0.111278,0
-0.112118,0
-0.112956,0
-0.113794,0
-0.114631,0
-0.115467,0
-0.116301,0
-0.117134,0
-0.117967,0
-0.118799,0
-0.119629,0
-0.120458,0
-0.121286,0
-0.122112,0
-0.122939,0
-0.123764,0
-0.124587,0
-0.125409,0
-0.126231,0
-0.127051,0
-0.127871,0
-0.128688,0
-0.129505,0
-0.13032,0
-0.131134,0
-0.131948,0
-0.13276,0
-0.133571,0
-0.13438,0
-0.135188,0
-0.135996,0
-0.136802,0
-0.137606,0
-0.138409,0
-0.139211,0
-0.140013,0
-0.140812,0
-0.14161,0
-0.142407,0
-0.143202,0
-0.143998,0
-0.144791,0
-0.145582,0
-0.146372,0
-0.147161,0
-0.14795,0
-0.148736,0
-0.149521,0
-0.150304,0
-0.151087,0
-0.151868,0
-0.152648,0
-0.153426,0
-0.154202,0
-0.154978,0
-0.155751,0
-0.156525,0
-0.157296,0
-0.158065,0
-0.158833,0
-0.1596,0
-0.160366,0
-0.16113,0
-0.161892,0
-0.162653,0
-0.163412,0
-0.164171,0
-0.164928,0
-0.165682,0
-0.166436,0
-0.167187,0
-0.167939,0
-0.168688,0
-0.169435,0
-0.17018,0
-0.170925,0
-0.171668,0
-0.172409,0
-0.173149,0
-0.173887,0
-0.174623,0
-0.175359,0
-0.176092,0
-0.176823,0
-0.177553,0
-0.178281,0
-0.179009,0
-0.179734,0
-0.180458,0
-0.181179,0
-0.181899,0
-0.182619,0
-0.183336,0
-0.184051,0
-0.184764,0
-0.185476,0
-0.186186,0
-0.186896,0
-0.187602,0
-0.188307,0
-0.189011,0
-0.189712,0
-0.190413,0
-0.191111,0
-0.191808,0
-0.192502,0
-0.193195,0
-0.193887,0
-0.194576,0
-0.195264,0
-0.19595,0
-0.196634,0
-0.197317,0
-0.197998,0
-0.198676,0
-0.199353,0
-0.200028,0
-0.200702,0
-0.201374,0
-0.202043,0
-0.202711,0
-0.203377,0
-0.204042,0
-0.204704,0
-0.205364,0
-0.206023,0
-0.206679,0
-0.207335,0
-0.207988,0
-0.208639,0
-0.209288,0
-0.209935,0
-0.21058,0
-0.211224,0
-0.211865,0
-0.212505,0
-0.213142,0
-0.213778,0
-0.214412,0
-0.215044,0
-0.215674,0
-0.216302,0
-0.216927,0
-0.217552,0
-0.218174,0
-0.218794,0
-0.219412,0
-0.220028,0
-0.220642,0
-0.221254,0
-0.221864,0
-0.222472,0
-0.223078,0
-0.223682,0
-0.224284,0
-0.224884,0
-0.225481,0
-0.226077,0
-0.226671,0
-0.227263,0
-0.227852,0
-0.22844,0
-0.229025,0
-0.229609,0
-0.23019,0
-0.230769,0
-0.231346,0
-0.231921,0
-0.232494,0
-0.233065,0
-0.233633,0
-0.2342,0
-0.234764,0
-0.235326,0
-0.235887,0
-0.236445,0
-0.237,0
-0.237554,0
-0.238105,0
-0.238655,0
-0.239202,0
-0.239747,0
-0.240289,0
-0.24083,0
-0.241369,0
-0.241905,0
-0.242439,0
-0.242971,0
-0.2435,0
-0.244028,0
-0.244553,0
-0.245076,0
-0.245596,0
-0.246115,0
-0.246632,0
-0.247145,0
-0.247657,0
-0.248166,0
-0.248674,0
-0.249179,0
-0.249682,0
-0.250182,0
-0.25068,0
-0.251176,0
-0.25167,0
-0.252161,0
-0.25265,0
-0.253137,0
-0.253621,0
-0.254103,0
-0.254583,0
-0.255061,0
-0.255536,0
-0.256008,0
-0.256479,0
-0.256947,0
-0.257413,0
-0.257876,0
-0.258338,0
-0.258796,0
-0.259253,0
-0.259707,0
-0.260159,0
-0.260608,0
-0.261055,0
-0.2615,0
-0.261942,0
-0.262382,0
-0.262819,0
-0.263254,0
-0.263687,0
-0.264118,0
-0.264545,0
-0.264971,0
-0.265394,0
-0.265815,0
-0.266233,0
-0.266649,0
-0.267062,0
-0.267473,0
-0.267882,0
-0.268288,0
-0.268691,0
-0.269092,0
-0.269491,0
-0.269887,0
-0.270281,0
-0.270673,0
-0.271062,0
-0.271448,0
-0.271832,0
-0.272214,0
-0.272593,0
-0.272969,0
-0.273343,0
-0.273715,0
-0.274084,0
-0.274451,0
-0.274815,0
-0.275176,0
-0.275535,0
-0.275892,0
-0.276246,0
-0.276598,0
-0.276947,0
-0.277293,0
-0.277638,0
-0.277979,0
-0.278318,0
-0.278654,0
-0.278988,0
-0.27932,0
-0.279649,0
-0.279975,0
-0.280299,0
-0.28062,0
-0.280939,0
-0.281255,0
-0.281568,0
-0.281879,0
-0.282187,0
-0.282494,0
-0.282797,0
-0.283097,0
-0.283395,0
-0.283691,0
-0.283984,0
-0.284275,0
-0.284562,0
-0.284847,0
-0.28513,0
-0.28541,0
-0.285688,0
-0.285962,0
-0.286234,0
-0.286504,0
-0.286771,0
-0.287036,0
-0.287297,0
-0.287557,0
-0.287813,0
-0.288067,0
-0.288319,0
-0.288567,0
-0.288813,0
-0.289057,0
-0.289297,0
-0.289536,0
-0.289771,0
-0.290004,0
-0.290234,0
-0.290462,0
-0.290687,0
-0.29091,0
-0.291129,0
-0.291346,0
-0.291561,0
-0.291773,0
-0.291982,0
-0.292188,0
-0.292392,0
-0.292593,0
-0.292791,0
-0.292987,0
-0.29318,0
-0.293371,0
-0.293559,0
-0.293744,0
-0.293926,0
-0.294106,0
-0.294283,0
-0.294458,0
-0.294629,0
-0.294799,0
-0.294965,0
-0.295129,0
-0.29529,0
-0.295448,0
-0.295604,0
-0.295757,0
-0.295907,0
-0.296055,0
-0.2962,0
-0.296342,0
-0.296481,0
-0.296618,0
-0.296752,0
-0.296884,0
-0.297013,0
-0.297138,0
-0.297262,0
-0.297382,0
-0.2975,0
-0.297616,0
-0.297728,0
-0.297838,0
-0.297945,0
-0.298049,0
-0.298151,0
-0.29825,0
-0.298346,0
-0.29844,0
-0.29853,0
-0.298618,0
-0.298704,0
-0.298787,0
-0.298866,0
-0.298944,0
-0.299018,0
-0.29909,0
-0.299159,0
-0.299225,0
-0.299289,0
-0.29935,0
-0.299408,0
-0.299463,0
-0.299516,0
-0.299566,0
-0.299613,0
-0.299658,0
-0.2997,0
-0.299739,0
-0.299775,0
-0.299809,0
-0.29984,0
-0.299868,0
-0.299894,0
-0.299916,0
-0.299936,0
-0.299954,0
-0.299968,0
-0.29998,0
-0.299989,0
-0.299995,0
-0.299999,0
-0.3,0
-0.299998,0
-0.299994,0
-0.299986,0
-0.299976,0
-0.299964,0
-0.299948,0
-0.29993,0
-0.299909,0
-0.299885,0
-0.299859,0
-0.29983,0
-0.299798,0
-0.299764,0
-0.299726,0
-0.299686,0
-0.299643,0
-0.299598,0
-0.29955,0
-0.299499,0
-0.299445,0
-0.299389,0
-0.29933,0
-0.299268,0
-0.299204,0
-0.299136,0
-0.299066,0
-0.298994,0
-0.298918,0
-0.29884,0
-0.298759,0
-0.298676,0
-0.298589,0
-0.2985,0
-0.298409,0
-0.298314,0
-0.298217,0
-0.298117,0
-0.298015,0
-0.297909,0
-0.297801,0
-0.297691,0
-0.297577,0
-0.297461,0
-0.297343,0
-0.297221,0
-0.297097,0
-0.29697,0
-0.29684,0
-0.296708,0
-0.296573,0
-0.296435,0
-0.296295,0
-0.296152,0
-0.296006,0
-0.295857,0
-0.295706,0
-0.295552,0
-0.295396,0
-0.295236,0
-0.295075,0
-0.29491,0
-0.294742,0
-0.294573,0
-0.2944,0
-0.294225,0
-0.294046,0
-0.293866,0
-0.293682,0
-0.293496,0
-0.293308,0
-0.293116,0
-0.292922,0
-0.292726,0
-0.292526,0
-0.292324,0
-0.292119,0
-0.291912,0
-0.291702,0
-0.29149,0
-0.291274,0
-0.291056,0
-0.290836,0
-0.290612,0
-0.290387,0
-0.290158,0
-0.289927,0
-0.289693,0
-0.289457,0
-0.289218,0
-0.288976,0
-0.288732,0
-0.288484,0
-0.288235,0
-0.287983,0
-0.287728,0
-0.287471,0
-0.28721,0
-0.286948,0
-0.286682,0
-0.286415,0
-0.286144,0
-0.285871,0
-0.285595,0
-0.285317,0
-0.285036,0
-0.284753,0
-0.284466,0
-0.284178,0
-0.283887,0
-0.283593,0
-0.283297,0
-0.282997,0
-0.282696,0
-0.282392,0
-0.282085,0
-0.281776,0
-0.281464,0
-0.281149,0
-0.280833,0
-0.280513,0
-0.280191,0
-0.279867,0
-0.279539,0
-0.27921,0
-0.278877,0
-0.278543,0
-0.278206,0
-0.277865,0
-0.277523,0
-0.277178,0
-0.276831,0
-0.276481,0
-0.276128,0
-0.275773,0
-0.275416,0
-0.275056,0
-0.274694,0
-0.274329,0
-0.273961,0
-0.273591,0
-0.273219,0
-0.272844,0
-0.272466,0
-0.272087,0
-0.271704,0
-0.27132,0
-0.270932,0
-0.270542,0
-0.27015,0
-0.269756,0
-0.269359,0
-0.268959,0
-0.268557,0
-0.268152,0
-0.267745,0
-0.267336,0
-0.266925,0
-0.266511,0
-0.266093,0
-0.265674,0
-0.265253,0
-0.264829,0
-0.264403,0
-0.263974,0
-0.263543,0
-0.26311,0
-0.262674,0
-0.262236,0
-0.261795,0
-0.261352,0
-0.260906,0
-0.260459,0
-0.260009,0
-0.259556,0
-0.259101,0
-0.258644,0
-0.258184,0
-0.257723,0
-0.257258,0
-0.256791,0
-0.256322,0
-0.255851,0
-0.255378,0
-0.254901,0
-0.254423,0
-0.253943,0
-0.25346,0
-0.252975,0
-0.252487,0
-0.251997,0
-0.251505,0
-0.251011,0
-0.250515,0
-0.250016,0
-0.249514,0
-0.249011,0
-0.248505,0
-0.247997,0
-0.247487,0
-0.246974,0
-0.246459,0
-0.245943,0
-0.245423,0
-0.244902,0
-0.244378,0
-0.243852,0
-0.243324,0
-0.242794,0
-0.242261,0
-0.241726,0
-0.241189,0
-0.24065,0
-0.240109,0
-0.239566,0
-0.239019,0
-0.238472,0
-0.237922,0
-0.23737,0
-0.236816,0
-0.236258,0
-0.2357,0
-0.235139,0
-0.234576,0
-0.234012,0
-0.233444,0
-0.232874,0
-0.232303,0
-0.23173,0
-0.231154,0
-0.230576,0
-0.229996,0
-0.229414,0
-0.22883,0
-0.228244,0
-0.227656,0
-0.227065,0
-0.226473,0
-0.225879,0
-0.225283,0
-0.224684,0
-0.224083,0
-0.223481,0
-0.222876,0
-0.22227,0
-0.221661,0
-0.22105,0
-0.220437,0
-0.219823,0
-0.219206,0
-0.218588,0
-0.217966,0
-0.217344,0
-0.216719,0
-0.216093,0
-0.215464,0
-0.214833,0
-0.214201,0
-0.213567,0
-0.21293,0
-0.212292,0
-0.211651,0
-0.211009,0
-0.210365,0
-0.209719,0
-0.209072,0
-0.208421,0
-0.20777,0
-0.207116,0
-0.206461,0
-0.205804,0
-0.205145,0
-0.204483,0
-0.20382,0
-0.203155,0
-0.202489,0
-0.201821,0
-0.201149,0
-0.200477,0
-0.199804,0
-0.199128,0
-0.198451,0
-0.19777,0
-0.197089,0
-0.196406,0
-0.195722,0
-0.195035,0
-0.194346,0
-0.193656,0
-0.192965,0
-0.192271,0
-0.191576,0
-0.190878,0
-0.190179,0
-0.189479,0
-0.188777,0
-0.188073,0
-0.187366,0
-0.186659,0
-0.18595,0
-0.185239,0
-0.184527,0
-0.183812,0
-0.183096,0
-0.182379,0
-0.18166,0
-0.180939,0
-0.180216,0
-0.179492,0
-0.178766,0
-0.178039,0
-0.17731,0
-0.17658,0
-0.175847,0
-0.175113,0
-0.174378,0
-0.173641,0
-0.172903,0
-0.172162,0
-0.17142,0
-0.170677,0
-0.169932,0
-0.169186,0
-0.168437,0
-0.167688,0
-0.166937,0
-0.166185,0
-0.165431,0
-0.164675,0
-0.163918,0
-0.16316,0
-0.1624,0
-0.161639,0
-0.160875,0
-0.160111,0
-0.159345,0
-0.158578,0
-0.157809,0
-0.157038,0
-0.156267,0
-0.155494,0
-0.15472,0
-0.153944,0
-0.153166,0
-0.152387,0
-0.151608,0
-0.150826,0
-0.150044,0
-0.14926,0
-0.148473,0
-0.147687,0
-0.146899,0
-0.14611,0
-0.145319,0
-0.144526,0
-0.143732,0
-0.142938,0
-0.142142,0
-0.141345,0
-0.140545,0
-0.139745,0
-0.138944,0
-0.138142,0
-0.137338,0
-0.136532,0
-0.135726,0
-0.134919,0
-0.134111,0
-0.133301,0
-0.132489,0
-0.131677,0
-0.130863,0
-0.130049,0
-0.129233,0
-0.128415,0
-0.127597,0
-0.126778,0
-0.125957,0
-0.125136,0
-0.124312,0
-0.123488,0
-0.122663,0
-0.121837,0
-0.12101,0
-0.120181,0
-0.119352,0
-0.118521,0
-0.11769,0
-0.116857,0
-0.116024,0
-0.115188,0
-0.114352,0
-0.113515,0
-0.112677,0
-0.111839,0
-0.110998,0
-0.110157,0
-0.109315,0
-0.108472,0
-0.107628,0
-0.106782,0
-0.105936,0
-0.10509,0
-0.104242,0
-0.103393,0
-0.102543,0
-0.101692,0
-0.100841,0
-0.0999883,0
-0.099135,0
-0.0982796,0
-0.0974246,0
-0.0965686,0
-0.0957118,0
-0.0948541,0
-0.0939943,0
-0.0931349,0
-0.0922747,0
-0.0914136,0
-0.0905517,0
-0.0896877,0
-0.0888241,0
-0.0879597,0
-0.0870946,0
-0.0862286,0
-0.0853618,0
-0.0844931,0
-0.0836248,0
-0.0827557,0
-0.0818859,0
-0.0810154,0
-0.0801428,0
-0.0792708,0
-0.0783981,0
-0.0775246,0
-0.0766505,0
-0.0757744,0
-0.0748988,0
-0.0740226,0
-0.0731457,0
-0.0722682,0
-0.0713887,0
-0.0705098,0
-0.0696303,0
-0.0687502,0
-0.0678694,0
-0.0669867,0
-0.0661048,0
-0.0652222,0
-0.064339,0
-0.0634552,0
-0.0625696,0
-0.0616847,0
-0.0607992,0
-0.0599132,0
-0.0590266,0
-0.0581382,0
-0.0572506,0
-0.0563624,0
-0.0554737,0
-0.0545846,0
-0.0536936,0
-0.0528034,0
-0.0519128,0
-0.0510217,0
-0.0501301,0
-0.0492381,0
-0.0483443,0
-0.0474514,0
-0.046558,0
-0.0456643,0
-0.0447701,0
-0.0438742,0
-0.0429792,0
-0.0420838,0
-0.041188,0
-0.0402919,0
-0.0393941,0
-0.0384972,0
-0.0376,0
-0.0367024,0
-0.0358045,0
-0.034905,0
-0.0340065,0
-0.0331076,0
-0.0322085,0
-0.031309,0
-0.030408,0
-0.029508,0
-0.0286077,0
-0.0277072,0
-0.0268064,0
-0.0259041,0
-0.0250028,0
-0.0241013,0
-0.0231996,0
-0.0222977,0
-0.0213943,0
-0.020492,0
-0.0195895,0
-0.0186868,0
-0.0177839,0
-0.0168809,0
-0.0159764,0
-0.0150731,0
-0.0141697,0
-0.0132661,0
-0.0123624,0
-0.0114573,0
-0.0105534,0
-0.00964937,0
-0.00874527,0
-0.00784109,0
-0.00693553,0
-0.00603122,0
-0.00512685,0
-0.00422244,0
-0.00331799,0
-0.00241219,0
-0.00150769,0
-0.000603176,0
0.000301346,0
0.00120586,0
0.00211169,0
0.00301618,0
0.00392064,0
0.00482507,0
0.00572945,0
0.00663509,0
0.00753936,0
0.00844356,0
0.00934769,0
0.0102517,0
0.011157,0
0.0120608,0
0.0129646,0
0.0138682,0
0.0147717,0
0.015675,0
0.0165796,0
0.0174826,0
0.0183855,0
0.0192883,0
0.0201908,0
0.0210945,0
0.0219967,0
0.0228987,0
0.0238005,0
0.024702,0
0.0256047,0
0.0265058,0
0.0274066,0
0.0283073,0
0.0292076,0
0.030109,0
0.0310088,0
0.0319084,0
0.0328076,0
0.0337066,0
0.0346065,0
0.0355048,0
0.0364028,0
0.0373005,0
0.0381978,0
0.0390961,0
0.0399928,0
0.040889,0
0.0417849,0
0.0426804,0
0.0435769,0
0.0444716,0
0.0453659,0
0.0462598,0
0.0471533,0
0.0480477,0
0.0489403,0
0.0498325,0
0.0507242,0
0.0516155,0
0.0525063,0
0.0533979,0
0.0542877,0
0.0551771,0
0.0560659,0
0.0569543,0
0.0578434,0
0.0587306,0
0.0596174,0
0.0605036,0
0.0613893,0
0.0622757,0
0.0631602,0
0.0640441,0
0.0649275,0
0.0658103,0
0.0666938,0
0.0675754,0
0.0684563,0
0.0693367,0
0.0702164,0
0.0710968,0
0.0719752,0
0.072853,0
0.0737301,0
0.0746065,0
0.0754836,0
0.0763586,0
0.077233,0
0.0781067,0
0.0789797,0
0.0798532,0
0.0807247,0
0.0815955,0
0.0824656,0
0.0833349,0
0.0842034,0
0.0850725,0
0.0859395,0
0.0868057,0
0.0876711,0
0.0885357,0
0.0894008,0
0.0902639,0
0.091126,0
0.0919874,0
0.092848,0
0.0937089,0
0.0945677,0
0.0954257,0
0.0962828,0
0.097139,0
0.0979956,0
0.0988501,0
0.0997037,0
0.100556,0
0.101408,0
0.10226,0
0.10311,0
0.103959,0
0.104807,0
0.105654,0
0.106501,0
0.107346,0
0.108191,0
0.109034,0
0.109876,0
0.110718,0
0.111558,0
0.112398,0
0.113236,0
0.114073,0
0.11491,0
0.115745,0
0.116579,0
0.117412,0
0.118244,0
0.119075,0
0.119905,0
0.120734,0
0.121562,0
0.122388,0
0.123213,0
0.124039,0
0.124862,0
0.125683,0
0.126504,0
0.127324,0
0.128143,0
0.128961,0
0.129777,0
0.130592,0
0.131405,0
0.132219,0
0.133031,0
0.133841,0
0.13465,0
0.135457,0
0.136265,0
0.13707,0
0.137874,0
0.138677,0
0.139478,0
0.14028,0
0.141078,0
0.141876,0
0.142672,0
0.143467,0
0.144262,0
0.145055,0
0.145846,0
0.146636,0
0.147424,0
0.148211,0
0.148998,0
0.149782,0
0.150565,0
0.151347,0
0.152127,0
0.152907,0
0.153685,0
0.154461,0
0.155236,0
0.156009,0
0.156782,0
0.157553,0
0.158322,0
0.159089,0
0.159855,0
0.160621,0
0.161384,0
0.162146,0
0.162906,0
0.163665,0
0.164424,0
0.165179,0
0.165934,0
0.166687,0
0.167438,0
0.168189,0
0.168937,0
0.169684,0
0.170429,0
0.171172,0
0.171916,0
0.172656,0
0.173395,0
0.174132,0
0.174868,0
0.175603,0
0.176336,0
0.177067,0
0.177796,0
0.178524,0
0.17925,0
0.179976,0
0.180698,0
0.18142,0
0.182139,0
0.182857,0
0.183574,0
0.184289,0
0.185002,0
0.185713,0
0.186423,0
0.187132,0
0.187838,0
0.188542,0
0.189245,0
0.189946,0
0.190646,0
0.191344,0
0.192039,0
0.192733,0
0.193426,0
0.194117,0
0.194806,0
0.195493,0
0.196178,0
0.196862,0
0.197544,0
0.198224,0
0.198902,0
0.199578,0
0.200253,0
0.200926,0
0.201597,0
0.202266,0
0.202933,0
0.203598,0
0.204262,0
0.204924,0
0.205584,0
0.206242,0
0.206898,0
0.207552,0
0.208205,0
0.208855,0
0.209504,0
0.21015,0
0.210795,0
0.211438,0
0.212079,0
0.212718,0
0.213355,0
0.213989,0
0.214623,0
0.215254,0
0.215883,0
0.216511,0
0.217136,0
0.21776,0
0.218381,0
0.219,0
0.219617,0
0.220232,0
0.220847,0
0.221458,0
0.222067,0
0.222674,0
0.223279,0
0.223883,0
0.224484,0
0.225083,0
0.22568,0
0.226275,0
0.226869,0
0.22746,0
0.228048,0
0.228635,0
0.22922,0
0.229802,0
0.230383,0
0.230962,0
0.231538,0
0.232112,0
0.232684,0
0.233255,0
0.233823,0
0.234388,0
0.234952,0
0.235513,0
0.236073,0
0.23663,0
0.237185,0
0.237738,0
0.238288,0
0.238838,0
0.239384,0
0.239928,0
0.24047,0
0.24101,0
0.241548,0
0.242083,0
0.242616,0
0.243147,0
0.243676,0
0.244203,0
0.244728,0
0.24525,0
0.24577,0
0.246287,0
0.246803,0
0.247316,0
0.247827,0
0.248336,0
0.248842,0
0.249346,0
0.249849,0
0.250348,0
0.250846,0
0.251341,0
0.251833,0
0.252324,0
0.252813,0
0.253298,0
0.253782,0
0.254263,0
0.254743,0
0.255219,0
0.255693,0
0.256165,0
0.256635,0
0.257103,0
0.257568,0
0.258031,0
0.258491,0
0.258949,0
0.259405,0
0.259858,0
0.260309,0
0.260757,0
0.261203,0
0.261648,0
0.262089,0
0.262528,0
0.262965,0
0.263399,0
0.263831,0
0.26426,0
0.264687,0
0.265112,0
0.265534,0
0.265954,0
0.266372,0
0.266787,0
0.267199,0
0.267609,0
0.268017,0
0.268423,0
0.268825,0
0.269226,0
0.269623,0
0.270019,0
0.270412,0
0.270803,0
0.271191,0
0.271576,0
0.271959,0
0.272341,0
0.272719,0
0.273094,0
0.273467,0
0.273838,0
0.274207,0
0.274572,0
0.274936,0
0.275296,0
0.275655,0
0.276011,0
0.276364,0
0.276715,0
0.277063,0
0.277408,0
0.277752,0
0.278093,0
0.278431,0
0.278766,0
0.279099,0
0.27943,0
0.279758,0
0.280083,0
0.280406,0
0.280726,0
0.281044,0
0.28136,0
0.281672,0
0.281982,0
0.28229,0
0.282595,0
0.282897,0
0.283197,0
0.283494,0
0.283789,0
0.284081,0
0.284371,0
0.284658,0
0.284942,0
0.285224,0
0.285503,0
0.28578,0
0.286053,0
0.286325,0
0.286593,0
0.286859,0
0.287123,0
0.287384,0
0.287642,0
0.287898,0
0.288151,0
0.288402,0
0.28865,0
0.288895,0
0.289137,0
0.289377,0
0.289615,0
0.289849,0
0.290081,0
0.290311,0
0.290537,0
0.290761,0
0.290983,0
0.291202,0
0.291418,0
0.291632,0
0.291842,0
0.292051,0
0.292256,0
0.292459,0
0.292659,0
0.292857,0
0.293052,0
0.293244,0
0.293434,0
0.293621,0
0.293805,0
0.293987,0
0.294166,0
0.294342,0
0.294515,0
0.294686,0
0.294854,0
0.29502,0
0.295183,0
0.295343,0
0.2955,0
0.295655,0
0.295807,0
0.295957,0
0.296103,0
0.296247,0
0.296389,0
0.296527,0
0.296663,0
0.296796,0
0.296927,0
0.297055,0
0.29718,0
0.297302,0
0.297422,0
0.297539,0
0.297653,0
0.297765,0
0.297874,0
0.29798,0
0.298083,0
0.298184,0
0.298282,0
0.298378,0
0.29847,0
0.29856,0
0.298647,0
0.298732,0
0.298813,0
0.298892,0
0.298969,0
0.299042,0
0.299113,0
0.299181,0
0.299247,0
0.29931,0
0.29937,0
0.299427,0
0.299481,0
0.299533,0
0.299582,0
0.299629,0
0.299672,0
0.299713,0
0.299751,0
0.299787,0
0.29982,0
0.29985,0
0.299877,0
0.299901,0
0.299923,0
0.299942,0
0.299959,0
0.299972,0
0.299983,0
0.299991,0
0.299997,0
0.3,0
0.3,0
0.299997,0
0.299991,0
0.299983,0
0.299972,0
0.299959,0
0.299942,0
0.299923,0
0.299901,0
0.299877,0
0.29985,0
0.29982,0
0.299787,0
0.299751,0
0.299713,0
0.299672,0
0.299629,0
0.299582,0
0.299533,0
0.299481,0
0.299427,0
0.29937,0
0.29931,0
0.299247,0
0.299181,0
0.299113,0
0.299042,0
0.298969,0
0.298892,0
0.298813,0
0.298732,0
0.298647,0
0.29856,0
0.29847,0
0.298378,0
0.298282,0
0.298184,0
0.298083,0
0.29798,0
0.297874,0
0.297765,0
0.297653,0
0.297539,0
0.297422,0
0.297302,0
0.29718,0
0.297055,0
0.296927,0
0.296796,0
0.296663,0
0.296527,0
0.296389,0
0.296247,0
0.296103,0
0.295957,0
0.295807,0
0.295655,0
0.2955,0
0.295343,0
0.295183,0
0.29502,0
0.294854,0
0.294686,0
0.294515,0
0.294342,0
0.294166,0
0.293986,0
0.293805,0
0.293621,0
0.293434,0
0.293244,0
0.293052,0
0.292857,0
0.292659,0
0.292459,0
0.292256,0
0.292051,0
0.291842,0
0.291632,0
0.291418,0
0.291202,0
0.290983,0
0.290761,0
0.290537,0
0.290311,0
0.290081,0
0.289849,0
0.289614,0
0.289377,0
0.289137,0
0.288895,0
0.28865,0
0.288401,0
0.288151,0
0.287898,0
0.287642,0
0.287384,0
0.287123,0
0.286859,0
0.286593,0
0.286325,0
0.286053,0
0.285779,0
0.285503,0
0.285224,0
0.284942,0
0.284658,0
0.28437,0
0.284081,0
0.283789,0
0.283494,0
0.283197,0
0.282897,0
0.282595,0
0.28229,0
0.281982,0
0.281672,0
0.28136,0
0.281044,0
0.280726,0
0.280406,0
0.280083,0
0.279758,0
0.27943,0
0.279099,0
0.278766,0
0.278431,0
0.278093,0
0.277751,0
0.277408,0
0.277063,0
0.276715,0
0.276364,0
0.27601,0
0.275655,0
0.275296,0
0.274936,0
0.274573,0
0.274206,0
0.273838,0
0.273467,0
0.273094,0
0.272719,0
0.27234,0
0.271959,0
0.271576,0
0.271191,0
0.270803,0
0.270412,0
0.270019,0
0.269623,0
0.269226,0
0.268825,0
0.268423,0
0.268017,0
0.267609,0
0.267199,0
0.266787,0
0.266372,0
0.265954,0
0.265534,0
0.265112,0
0.264688,0
0.264261,0
0.263831,0
0.263399,0
0.262965,0
0.262528,0
0.262089,0
0.261647,0
0.261203,0
0.260757,0
0.260309,0
0.259858,0
0.259404,0
0.258949,0
0.258491,0
0.258031,0
0.257568,0
0.257102,0
0.256635,0
0.256166,0
0.255694,0
0.255219,0
0.254743,0
0.254263,0
0.253782,0
0.253298,0
0.252813,0
0.252325,0
0.251833,0
0.251341,0
0.250846,0
0.250348,0
0.249849,0
0.249346,0
0.248842,0
0.248336,0
0.247827,0
0.247316,0
0.246803,0
0.246287,0
0.24577,0
0.24525,0
0.244728,0
0.244203,0
0.243676,0
0.243148,0
0.242617,0
0.242083,0
0.241547,0
0.24101,0
0.24047,0
0.239928,0
0.239384,0
0.238837,0
0.238289,0
0.237738,0
0.237185,0
0.23663,0
0.236072,0
0.235513,0
0.234952,0
0.234388,0
0.233823,0
0.233255,0
0.232684,0
0.232112,0
0.231538,0
0.230962,0
0.230384,0
0.229802,0
0.22922,0
0.228635,0
0.228049,0
0.22746,0
0.226868,0
0.226275,0
0.22568,0
0.225083,0
0.224484,0
0.223882,0
0.223279,0
0.222674,0
0.222067,0
0.221458,0
0.220846,0
0.220233,0
0.219617,0
0.219,0
0.218381,0
0.217759,0
0.217136,0
0.216511,0
0.215884,0
0.215254,0
0.214623,0
0.21399,0
0.213355,0
0.212718,0
0.212079,0
0.211438,0
0.210795,0
0.21015,0
0.209504,0
0.208855,0
0.208205,0
0.207552,0
0.206898,0
0.206242,0
0.205584,0
0.204924,0
0.204262,0
0.203599,0
0.202933,0
0.202266,0
0.201597,0
0.200926,0
0.200253,0
0.199578,0
0.198902,0
0.198224,0
0.197543,0
0.196862,0
0.196178,0
0.195493,0
0.194806,0
0.194116,0
0.193426,0
0.192734,0
0.19204,0
0.191344,0
0.190645,0
0.189946,0
0.189245,0
0.188542,0
0.187838,0
0.187131,0
0.186423,0
0.185713,0
0.185002,0
0.184289,0
0.183575,0
0.182857,0
0.182139,0
0.18142,0
0.180699,0
0.179976,0
0.17925,0
0.178524,0
0.177796,0
0.177067,0
0.176336,0
0.175602,0
0.174868,0
0.174132,0
0.173395,0
0.172656,0
0.171915,0
0.171173,0
0.170429,0
0.169684,0
0.168937,0
0.168188,0
0.167438,0
0.166687,0
0.165934,0
0.16518,0
0.164423,0
0.163665,0
0.162907,0
0.162146,0
0.161385,0
0.16062,0
0.159855,0
0.159089,0
0.158322,0
0.157553,0
0.156782,0
0.156009,0
0.155236,0
0.154461,0
0.153685,0
0.152908,0
0.152128,0
0.151347,0
0.150566,0
0.149783,0
0.148998,0
0.148211,0
0.147424,0
0.146636,0
0.145846,0
0.145055,0
0.144261,0
0.143468,0
0.142673,0
0.141876,0
0.141079,0
0.140279,0
0.139478,0
0.138677,0
0.137874,0
0.13707,0
0.136264,0
0.135457,0
0.13465,0
0.133841,0
0.133031,0
0.132218,0
0.131406,0
0.130592,0
0.129777,0
0.128961,0
0.128142,0
0.127324,0
0.126504,0
0.125684,0
0.124862,0
0.124039,0
0.123213,0
0.122388,0
0.121562,0
0.120734,0
0.119906,0
0.119075,0
0.118244,0
0.117412,0
0.116579,0
0.115745,0
0.114909,0
0.114073,0
0.113236,0
0.112398,0
0.111559,0
0.110717,0
0.109876,0
0.109034,0
0.108191,0
0.107347,0
0.1065,0
0.105654,0
0.104807,0
0.103959,0
0.10311,0
0.102259,0
0.101408,0
0.100556,0
0.0997038,0
0.0988503,0
0.0979946,0
0.0971392,0
0.096283,0
0.0954259,0
0.0945679,0
0.0937091,0
0.0928481,0
0.0919876,0
0.0911262,0
0.090264,0
0.089401,0
0.0885359,0
0.0876713,0
0.0868058,0
0.0859396,0
0.0850726,0
0.0842036,0
0.083335,0
0.0824657,0
0.0815957,0
0.0807249,0
0.0798521,0
0.0789798,0
0.0781069,0
0.0772332,0
0.0763588,0
0.0754824,0
0.0746067,0
0.0737302,0
0.0728531,0
0.0719754,0
0.0710956,0
0.0702166,0
0.0693368,0
0.0684565,0
0.0675755,0
0.0666927,0
0.0658105,0
0.0649277,0
0.0640443,0
0.0631604,0
0.0622745,0
0.0613894,0
0.0605038,0
0.0596176,0
0.0587308,0
0.0578435,0
0.0569544,0
0.0560661,0
0.0551772,0
0.0542879,0
0.0533981,0
0.0525065,0
0.0516157,0
0.0507244,0
0.0498327,0
0.0489405,0
0.0480466,0
0.0471535,0
0.04626,0
0.0453661,0
0.0444718,0
0.0435757,0
0.0426806,0
0.0417851,0
0.0408892,0
0.0399929,0
0.039095,0
0.038198,0
0.0373007,0
0.036403,0
0.035505,0
0.0346054,0
0.0337067,0
0.0328078,0
0.0319085,0
0.031009,0
0.0301079,0
0.0292078,0
0.0283074,0
0.0274068,0
0.026506,0
0.0256048,0
0.0247022,0
0.0238006,0
0.0228989,0
0.0219969,0
0.0210947,0
0.020191,0
0.0192884,0
0.0183857,0
0.0174828,0
0.0165797,0
0.0156752,0
0.0147718,0
0.0138684,0
0.0129647,0
0.012061,0
0.0111558,0
0.0102519,0
0.00934786,0
0.00844373,0
0.00753953,0
0.00663395,0
0.00572962,0
0.00482523,0
0.00392081,0
0.00301635,0
0.00211054,0
0.00120603,0
0.000301514,0
-0.000603007,0
-0.00150752,0
-0.00241334,0
-0.00331782,0
-0.00422227,0
-0.00512669,0
-0.00603105,0
-0.00693536,0
-0.00784093,0
-0.0087451,0
-0.0096492,0
-0.0105532,0
-0.0114571,0
-0.0123622,0
-0.0132659,0
-0.0141695,0
-0.015073,0
-0.0159763,0
-0.0168808,0
-0.0177838,0
-0.0186866,0
-0.0195893,0
-0.0204918,0
-0.0213954,0
-0.0222975,0
-0.0231995,0
-0.0241012,0
-0.0250027,0
-0.0259052,0
-0.0268063,0
-0.027707,0
-0.0286076,0
-0.0295078,0
-0.0304091,0
-0.0313089,0
-0.0322083,0
-0.0331075,0
-0.0340063,0
-0.0349061,0
-0.0358044,0
-0.0367023,0
-0.0375998,0
-0.038497,0
-0.0393952,0
-0.0402917,0
-0.0411879,0
-0.0420836,0
-0.042979,0
-0.043874,0
-0.0447699,0
-0.0456641,0
-0.0465579,0
-0.0474512,0
-0.0483441,0
-0.0492379,0
-0.0501299,0
-0.0510215,0
-0.0519126,0
-0.0528033,0
-0.0536947,0
-0.0545844,0
-0.0554736,0
-0.0563622,0
-0.0572504,0
-0.0581393,0
-0.0590264,0
-0.059913,0
-0.060799,0
-0.0616845,0
-0.0625707,0
-0.0634551,0
-0.0643388,0
-0.065222,0
-0.0661046,0
-0.0669879,0
-0.0678692,0
-0.06875,0
-0.0696301,0
-0.0705096,0
-0.0713898,0
-0.072268,0
-0.0731456,0
-0.0740224,0
-0.0748987,0
-0.0757742,0
-0.0766503,0
-0.0775245,0
-0.0783979,0
-0.0792707,0
-0.0801427,0
-0.0810152,0
-0.0818858,0
-0.0827556,0
-0.0836246,0
-0.0844929,0
-0.0853617,0
-0.0862284,0
-0.0870944,0
-0.0879596,0
-0.0888239,0
-0.0896887,0
-0.0905515,0
-0.0914134,0
-0.0922745,0
-0.0931348,0
-0.0939954,0
-0.094854,0
-0.0957116,0
-0.0965685,0
-0.0974244,0
-0.0982807,0
-0.0991349,0
-0.0999881,0
-0.10084,0
-0.101692,0
-0.102544,0
-0.103393,0
-0.104242,0
-0.10509,0
-0.105936,0
-0.106783,0
-0.107628,0
-0.108472,0
-0.109315,0
-0.110157,0
-0.110997,0
-0.111838,0
-0.112677,0
-0.113515,0
-0.114352,0
-0.115187,0
-0.116023,0
-0.116857,0
-0.11769,0
-0.118521,0
-0.119351,0
-0.120182,0
-0.12101,0
-0.121837,0
-0.122663,0
-0.123488,0
-0.124313,0
-0.125136,0
-0.125957,0
-0.126778,0
-0.127597,0
-0.128416,0
-0.129233,0
-0.130049,0
-0.130863,0
-0.131677,0
-0.13249,0
-0.133301,0
-0.134111,0
-0.134919,0
-0.135726,0
-0.136534,0
-0.137338,0
-0.138142,0
-0.138944,0
-0.139745,0
-0.140545,0
-0.141345,0
-0.142142,0
-0.142938,0
-0.143732,0
-0.144526,0
-0.145319,0
-0.146109,0
-0.146899,0
-0.147687,0
-0.148473,0
-0.14926,0
-0.150044,0
-0.150826,0
-0.151608,0
-0.152387,0
-0.153167,0
-0.153944,0
-0.15472,0
-0.155494,0
-0.156267,0
-0.157039,0
-0.157809,0
-0.158578,0
-0.159345,0
-0.160111,0
-0.160876,0
-0.161639,0
-0.1624,0
-0.16316,0
-0.163918,0
-0.164676,0
-0.165431,0
-0.166185,0
-0.166937,0
-0.167688,0
-0.168438,0
-0.169186,0
-0.169932,0
-0.170677,0
-0.17142,0
-0.172162,0
-0.172903,0
-0.173641,0
-0.174378,0
-0.175113,0
-0.175847,0
-0.17658,0
-0.17731,0
-0.178039,0
-0.178766,0
-0.179492,0
-0.180217,0
-0.180939,0
-0.18166,0
-0.182379,0
-0.183096,0
-0.183813,0
-0.184527,0
-0.185239,0
-0.18595,0
-0.186659,0
-0.187367,0
-0.188073,0
-0.188777,0
-0.189479,0
-0.190179,0
-0.190879,0
-0.191576,0
-0.192271,0
-0.192964,0
-0.193656,0
-0.194347,0
-0.195035,0
-0.195722,0
-0.196406,0
-0.197089,0
-0.19777,0
-0.19845,0
-0.199128,0
-0.199804,0
-0.200477,0
-0.201149,0
-0.20182,0
-0.202489,0
-0.203155,0
-0.20382,0
-0.204483,0
-0.205145,0
-0.205804,0
-0.206461,0
-0.207116,0
-0.20777,0
-0.208422,0
-0.209072,0
-0.209719,0
-0.210365,0
-0.211009,0
-0.211652,0
-0.212292,0
-0.21293,0
-0.213566,0
-0.214201,0
-0.214834,0
-0.215464,0
-0.216093,0
-0.216719,0
-0.217344,0
-0.217967,0
-0.218588,0
-0.219206,0
-0.219823,0
-0.220437,0
-0.221051,0
-0.221661,0
-0.22227,0
-0.222876,0
-0.223481,0
-0.224083,0
-0.224684,0
-0.225283,0
-0.225879,0
-0.226473,0
-0.227065,0
-0.227656,0
-0.228244,0
-0.22883,0
-0.229414,0
-0.229996,0
-0.230577,0
-0.231154,0
-0.23173,0
-0.232303,0
-0.232874,0
-0.233444,0
-0.234011,0
-0.234576,0
-0.235139,0
-0.2357,0
-0.236259,0
-0.236815,0
-0.23737,0
-0.237922,0
-0.238472,0
-0.23902,0
-0.239566,0
-0.240109,0
-0.24065,0
-0.241189,0
-0.241727,0
-0.242261,0
-0.242794,0
-0.243324,0
-0.243852,0
-0.244378,0
-0.244902,0
-0.245423,0
-0.245942,0
-0.246459,0
-0.246974,0
-0.247487,0
-0.247997,0
-0.248505,0
-0.249011,0
-0.249514,0
-0.250016,0
-0.250514,0
-0.251011,0
-0.251505,0
-0.251997,0
-0.252487,0
-0.252975,0
-0.25346,0
-0.253943,0
-0.254423,0
-0.254902,0
-0.255378,0
-0.255851,0
-0.256322,0
-0.256791,0
-0.257258,0
-0.257722,0
-0.258184,0
-0.258644,0
-0.259101,0
-0.259556,0
-0.260009,0
-0.260459,0
-0.260906,0
-0.261352,0
-0.261795,0
-0.262236,0
-0.262674,0
-0.26311,0
-0.263543,0
-0.263974,0
-0.264403,0
-0.264829,0
-0.265253,0
-0.265674,0
-0.266093,0
-0.26651,0
-0.266925,0
-0.267336,0
-0.267745,0
-0.268152,0
-0.268557,0
-0.268959,0
-0.269359,0
-0.269756,0
-0.27015,0
-0.270543,0
-0.270932,0
-0.27132,0
-0.271704,0
-0.272087,0
-0.272467,0
-0.272844,0
-0.273219,0
-0.273591,0
-0.273961,0
-0.274329,0
-0.274694,0
-0.275056,0
-0.275416,0
-0.275773,0
-0.276129,0
-0.276481,0
-0.276831,0
-0.277178,0
-0.277523,0
-0.277865,0
-0.278206,0
-0.278543,0
-0.278877,0
-0.279209,0
-0.279539,0
-0.279867,0
-0.280191,0
-0.280513,0
-0.280832,0
-0.281149,0
-0.281464,0
-0.281776,0
-0.282085,0
-0.282392,0
-0.282696,0
-0.282998,0
-0.283296,0
-0.283593,0
-0.283887,0
-0.284178,0
-0.284467,0
-0.284753,0
-0.285036,0
-0.285317,0
-0.285595,0
-0.285871,0
-0.286144,0
-0.286415,0
-0.286682,0
-0.286948,0
-0.287211,0
-0.287471,0
-0.287728,0
-0.287983,0
-0.288235,0
-0.288484,0
-0.288732,0
-0.288976,0
-0.289217,0
-0.289456,0
-0.289693,0
-0.289927,0
-0.290158,0
-0.290387,0
-0.290612,0
-0.290836,0
-0.291056,0
-0.291274,0
-0.29149,0
-0.291702,0
-0.291912,0
-0.29212,0
-0.292324,0
-0.292526,0
-0.292726,0
-0.292922,0
-0.293116,0
-0.293308,0
-0.293496,0
-0.293682,0
-0.293866,0
-0.294047,0
-0.294225,0
-0.2944,0
-0.294573,0
-0.294742,0
-0.29491,0
-0.295075,0
-0.295236,0
-0.295396,0
-0.295552,0
-0.295706,0
-0.295857,0
-0.296006,0
-0.296152,0
-0.296295,0
-0.296435,0
-0.296573,0
-0.296708,0
-0.29684,0
-0.29697,0
-0.297097,0
-0.297221,0
-0.297343,0
-0.297461,0
-0.297577,0
-0.297691,0
-0.297802,0
-0.297909,0
-0.298015,0
-0.298117,0
-0.298217,0
-0.298314,0
-0.298409,0
-0.2985,0
-0.298589,0
-0.298676,0
-0.298759,0
-0.29884,0
-0.298918,0
-0.298994,0
-0.299066,0
-0.299136,0
-0.299204,0
-0.299268,0
-0.29933,0
-0.299389,0
-0.299445,0
-0.299499,0
-0.29955,0
-0.299598,0
-0.299643,0
-0.299686,0
-0.299726,0
-0.299764,0
-0.299798,0
-0.29983,0
-0.299859,0
-0.299885,0
-0.299909,0
-0.29993,0
-0.299948,0
-0.299964,0
-0.299976,0
-0.299986,0
-0.299994,0
-0.299998,0
-0.3,0
-0.299999,0
-0.299995,0
-0.299989,0
-0.29998,0
-0.299968,0
-0.299954,0
-0.299936,0
-0.299916,0
-0.299894,0
-0.299868,0
-0.29984,0
-0.299809,0
-0.299775,0
-0.299739,0
-0.2997,0
-0.299658,0
-0.299613,0
-0.299566,0
-0.299516,0
-0.299464,0
-0.299408,0
-0.29935,0
-0.299289,0
-0.299225,0
-0.299159,0
-0.29909,0
-0.299018,0
-0.298944,0
-0.298866,0
-0.298787,0
-0.298704,0
-0.298618,0
-0.29853,0
-0.29844,0
-0.298346,0
-0.29825,0
-0.298151,0
-0.298049,0
-0.297945,0
-0.297838,0
-0.297728,0
-0.297615,0
-0.2975,0
-0.297382,0
-0.297262,0
-0.297139,0
-0.297012,0
-0.296884,0
-0.296752,0
-0.296618,0
-0.296481,0
-0.296342,0
-0.2962,0
-0.296055,0
-0.295907,0
-0.295757,0
-0.295604,0
-0.295448,0
-0.29529,0
-0.295129,0
-0.294965,0
-0.294799,0
-0.294629,0
-0.294458,0
-0.294283,0
-0.294106,0
-0.293927,0
-0.293744,0
-0.293559,0
-0.293371,0
-0.293181,0
-0.292987,0
-0.292791,0
-0.292593,0
-0.292392,0
-0.292188,0
-0.291982,0
-0.291772,0
-0.291561,0
-0.291346,0
-0.291129,0
-0.29091,0
-0.290687,0
-0.290462,0
-0.290234,0
-0.290004,0
-0.289771,0
-0.289536,0
-0.289297,0
-0.289057,0
-0.288813,0
-0.288567,0
-0.288318,0
-0.288067,0
-0.287813,0
-0.287557,0
-0.287297,0
-0.287035,0
-0.286771,0
-0.286504,0
-0.286235,0
-0.285962,0
-0.285688,0
-0.28541,0
-0.28513,0
-0.284847,0
-0.284562,0
-0.284275,0
-0.283984,0
-0.283691,0
-0.283395,0
-0.283097,0
-0.282797,0
-0.282493,0
-0.282187,0
-0.281879,0
-0.281568,0
-0.281255,0
-0.280938,0
-0.28062,0
-0.280299,0
-0.279975,0
-0.279649,0
-0.27932,0
-0.278988,0
-0.278654,0
-0.278318,0
-0.277979,0
-0.277637,0
-0.277293,0
-0.276947,0
-0.276598,0
-0.276246,0
-0.275892,0
-0.275535,0
-0.275176,0
-0.274815,0
-0.274451,0
-0.274084,0
-0.273715,0
-0.273343,0
-0.272969,0
-0.272593,0
-0.272214,0
-0.271832,0
-0.271448,0
-0.271062,0
-0.270673,0
-0.270282,0
-0.269887,0
-0.269491,0
-0.269092,0
-0.268691,0
-0.268288,0
-0.267881,0
-0.267473,0
-0.267062,0
-0.266649,0
-0.266233,0
-0.265814,0
-0.265394,0
-0.264971,0
-0.264545,0
-0.264118,0
-0.263687,0
-0.263254,0
-0.262819,0
-0.262382,0
-0.261942,0
-0.261499,0
-0.261055,0
-0.260608,0
-0.260159,0
-0.259707,0
-0.259253,0
-0.258796,0
-0.258338,0
-0.257877,0
-0.257413,0
-0.256948,0
-0.256479,0
-0.256008,0
-0.255536,0
-0.255061,0
-0.254583,0
-0.254103,0
-0.253621,0
-0.253137,0
-0.25265,0
-0.252161,0
-0.251669,0
-0.251176,0
-0.25068,0
-0.250182,0
-0.249682,0
-0.249178,0
-0.248674,0
-0.248167,0
-0.247657,0
-0.247146,0
-0.246631,0
-0.246115,0
-0.245597,0
-0.245076,0
-0.244553,0
-0.244027,0
-0.2435,0
-0.242971,0
-0.242439,0
-0.241905,0
-0.241368,0
-0.24083,0
-0.24029,0
-0.239747,0
-0.239202,0
-0.238655,0
-0.238105,0
-0.237554,0
-0.237,0
-0.236445,0
-0.235887,0
-0.235326,0
-0.234764,0
-0.2342,0
-0.233634,0
-0.233065,0
-0.232494,0
-0.231921,0
-0.231346,0
-0.230769,0
-0.23019,0
-0.229608,0
-0.229025,0
-0.22844,0
-0.227852,0
-0.227263,0
-0.226671,0
-0.226077,0
-0.225481,0
-0.224884,0
-0.224284,0
-0.223681,0
-0.223078,0
-0.222472,0
-0.221864,0
-0.221254,0
-0.220641,0
-0.220028,0
-0.219412,0
-0.218794,0
-0.218174,0
-0.217552,0
-0.216927,0
-0.216302,0
-0.215674,0
-0.215044,0
-0.214413,0
-0.213778,0
-0.213142,0
-0.212505,0
-0.211866,0
-0.211224,0
-0.21058,0
-0.209935,0
-0.209288,0
-0.208639,0
-0.207988,0
-0.207334,0
-0.206679,0
-0.206023,0
-0.205364,0
-0.204704,0
-0.204041,0
-0.203377,0
-0.202711,0
-0.202043,0
-0.201374,0
-0.200701,0
-0.200028,0
-0.199353,0
-0.198676,0
-0.197998,0
-0.197316,0
-0.196634,0
-0.19595,0
-0.195264,0
-0.194577,0
-0.193886,0
-0.193195,0
-0.192502,0
-0.191808,0
-0.191111,0
-0.190413,0
-0.189712,0
-0.189011,0
-0.188307,0
-0.187602,0
-0.186896,0
-0.186186,0
-0.185476,0
-0.184765,0
-0.184051,0
-0.183336,0
-0.182618,0
-0.1819,0
-0.18118,0
-0.180458,0
-0.179734,0
-0.179008,0
-0.178282,0
-0.177553,0
-0.176823,0
-0.176092,0
-0.175358,0
-0.174623,0
-0.173887,0
-0.173149,0
-0.172409,0
-0.171667,0
-0.170925,0
-0.170181,0
-0.169435,0
-0.168688,0
-0.167938,0
-0.167188,0
-0.166436,0
-0.165682,0
-0.164928,0
-0.164171,0
-0.163412,0
-0.162653,0
-0.161892,0
-0.16113,0
-0.160366,0
-0.1596,0
-0.158834,0
-0.158065,0
-0.157296,0
-0.156525,0
-0.155752,0
-0.154978,0
-0.154203,0
-0.153426,0
-0.152648,0
-0.151867,0
-0.151087,0
-0.150305,0
-0.149521,0
-0.148736,0
-0.147949,0
-0.147161,0
-0.146372,0
-0.145582,0
-0.144791,0
-0.143997,0
-0.143203,0
-0.142407,0
-0.14161,0
-0.140812,0
-0.140012,0
-0.139211,0
-0.138409,0
-0.137606,0
-0.136802,0
-0.135995,0
-0.135188,0
-0.13438,0
-0.133571,0
-0.13276,0
-0.131948,0
-0.131134,0
-0.13032,0
-0.129505,0
-0.128688,0
-0.127871,0
-0.127051,0
-0.126231,0
-0.12541,0
-0.124587,0
-0.123764,0
-0.122938,0
-0.122113,0
-0.121286,0
-0.120458,0
-0.119629,0
-0.118798,0
-0.117967,0
-0.117134,0
-0.116301,0
-0.115467,0
-0.11463,0
-0.113794,0
-0.112956,0
-0.112118,0
-0.111279,0
-0.110437,0
-0.109595,0
-0.108753,0
-0.107909,0
-0.107065,0
-0.106218,0
-0.105372,0
-0.104524,0
-0.103676,0
-0.102827,0
-0.101977,0
-0.101124,0
-0.100272,0
-0.0994192,0
-0.0985654,0
-0.0977106,0
-0.0968537,0
-0.0959972,0
-0.0951398,0
-0.0942816,0
-0.0934224,0
-0.0925612,0
-0.0917004,0
-0.0908388,0
-0.0899763,0
-0.089113,0
-0.0882476,0
-0.0873827,0
-0.086517,0
-0.0856506,0
-0.0847833,0
-0.083914,0
-0.0830452,0
-0.0821756,0
-0.0813053,0
-0.0804343,0
-0.0795613,0
-0.0786888,0
-0.0778156,0
-0.0769416,0
-0.076067,0
-0.0751905,0
-0.0743145,0
-0.0734378,0
-0.0725605,0
-0.0716825,0
-0.0708025,0
-0.0699232,0
-0.0690433,0
-0.0681628,0
-0.0672816,0
-0.0663998,0
-0.0655161,0
-0.0646331,0
-0.0637496,0
-0.0628654,0
-0.0619807,0
-0.0610941,0
-0.0602083,0
-0.0593219,0
-0.058435,0
-0.0575475,0
-0.0566582,0
-0.0557697,0
-0.0548807,0
-0.0539912,0
-0.0531012,0
-0.0522094,0
-0.0513185,0
-0.050427,0
-0.0495352,0
-0.0486428,0
-0.0477488,0
-0.0468556,0
-0.0459619,0
-0.0450679,0
-0.0441734,0
-0.0432772,0
-0.042382,0
-0.0414863,0
-0.0405903,0
-0.0396939,0
-0.0387959,0
-0.0378988,0
-0.0370013,0
-0.0361036,0
-0.0352054,0
-0.034307,0
-0.033407,0
-0.0325079,0
-0.0316086,0
-0.0307089,0
-0.029809,0
-0.0289075,0
-0.0280071,0
-0.0271064,0
-0.0262055,0
-0.0253043,0
-0.0244016,0
-0.0234999,0
-0.0225981,0
-0.021696,0
-0.0207938,0
-0.01989,0
-0.0189874,0
-0.0180846,0
-0.0171816,0
-0.0162785,0
-0.0153739,0
-0.0144705,0
-0.013567,0
-0.0126634,0
-0.0117596,0
-0.0108544,0
-0.00995041,0
-0.00904634,0
-0.00814219,0
-0.00723796,0
-0.00633235,0
-0.00542801,0
-0.00452361,0
-0.00361917,0
-0.0027147,0
-0.0018102,0
-0.000904373,0
1.47462e-07,0
0.000904668,0
0.00180918,0
0.00271368,0
0.00361947,0
0.0045239,0
0.0054283,0
0.00633265,0
0.00723694,0
0.00814248,0
0.00904663,0
0.0099507,0
0.0108547,0
0.0117586,0
0.0126636,0
0.0135673,0
0.0144708,0
0.0153742,0
0.0162775,0
0.0171819,0
0.0180849,0
0.0189877,0
0.0198903,0
0.0207927,0
0.0216963,0
0.0225984,0
0.0235002,0
0.0244018,0
0.0253033,0
0.0262058,0
0.0271067,0
0.0280074,0
0.0289078,0
0.029808,0
0.0307092,0
0.0316089,0
0.0325082,0
0.0334073,0
0.034306,0
0.0352044,0
0.0361038,0
0.0370016,0
0.0378991,0
0.0387962,0
0.0396929,0
0.0405906,0
0.0414866,0
0.0423823,0
0.0432775,0
0.0441724,0
0.0450682,0
0.0459622,0
0.0468558,0
0.0477491,0
0.0486418,0
0.0495355,0
0.0504273,0
0.0513188,0
0.0522097,0
0.0531002,0
0.0539915,0
0.054881,0
0.05577,0
0.0566585,0
0.0575465,0
0.0584352,0
0.0593222,0
0.0602086,0
0.0610944,0
0.0619797,0
0.0628657,0
0.0637499,0
0.0646334,0
0.0655164,0
0.0663988,0
0.0672806,0
0.0681631,0
0.0690436,0
0.0699235,0
0.0708028,0
0.0716815,0
0.0725607,0
0.0734381,0
0.0743147,0
0.0751907,0
0.076066,0
0.0769419,0
0.0778159,0
0.0786891,0
0.0795616,0
0.0804333,0
0.0813056,0
0.0821759,0
0.0830455,0
0.0839143,0
0.0847823,0
0.0856508,0
0.0865173,0
0.087383,0
0.0882479,0
0.089112,0
0.0899766,0
0.090839,0
0.0917007,0
0.0925615,0
0.0934215,0
0.0942818,0
0.0951401,0
0.0959975,0
0.096854,0
0.0977097,0
0.0985657,0
0.0994195,0
0.100272,0
0.101125,0
0.101976,0
0.102826,0
0.103676,0
0.104525,0
0.105372,0
0.106218,0
0.107064,0
0.10791,0
0.108753,0
0.109596,0
0.110437,0
0.111278,0
0.112118,0
0.112957,0
0.113794,0
0.114631,0
0.115466,0
0.116302,0
0.117135,0
0.117967,0
0.118798,0
0.119628,0
0.120458,0
0.121286,0
0.122113,0
0.122939,0
0.123763,0
0.124588,0
0.12541,0
0.126231,0
0.127051,0
0.12787,0
0.128689,0
0.129505,0
0.13032,0
0.131135,0
0.131948,0
0.132759,0
0.133571,0
0.13438,0
0.135188,0
0.135995,0
0.136801,0
0.137606,0
0.13841,0
0.139211,0
0.140012,0
0.140811,0
0.141611,0
0.142407,0
0.143203,0
0.143997,0
0.14479,0
0.145583,0
0.146373,0
0.147162,0
0.147949,0
0.148735,0
0.149521,0
0.150305,0
0.151087,0
0.151868,0
0.152647,0
0.153426,0
0.154203,0
0.154978,0
0.155752,0
0.156524,0
0.157296,0
0.158066,0
0.158834,0
0.1596,0
0.160366,0
0.16113,0
0.161893,0
0.162653,0
0.163413,0
0.164171,0
0.164927,0
0.165683,0
0.166436,0
0.167188,0
0.167938,0
0.168687,0
0.169435,0
0.170181,0
0.170925,0
0.171668,0
0.172409,0
0.173149,0
0.173887,0
0.174623,0
0.175358,0
0.176091,0
0.176824,0
0.177554,0
0.178282,0
0.179008,0
0.179734,0
0.180458,0
0.18118,0
0.1819,0
0.182618,0
0.183335,0
0.184051,0
0.184765,0
0.185477,0
0.186187,0
0.186895,0
0.187603,0
0.188308,0
0.189011,0
0.189713,0
0.190412,0
0.19111,0
0.191808,0
0.192502,0
0.193195,0
0.193886,0
0.194576,0
0.195264,0
0.19595,0
0.196634,0
0.197316,0
0.197997,0
0.198677,0
0.199353,0
0.200028,0
0.200702,0
0.201373,0
0.202044,0
0.202711,0
0.203377,0
0.204041,0
0.204703,0
0.205365,0
0.206023,0
0.20668,0
0.207334,0
0.207987,0
0.208639,0
0.209288,0
0.209935,0
0.21058,0
0.211223,0
0.211866,0
0.212505,0
0.213143,0
0.213778,0
0.214412,0
0.215044,0
0.215674,0
0.216302,0
0.216928,0
0.217551,0
0.218173,0
0.218794,0
0.219412,0
0.220028,0
0.220642,0
0.221254,0
0.221864,0
0.222472,0
0.223078,0
0.223682,0
0.224283,0
0.224884,0
0.225482,0
0.226077,0
0.226671,0
0.227262,0
0.227853,0
0.22844,0
0.229025,0
0.229608,0
0.23019,0
0.230769,0
0.231346,0
0.231921,0
0.232494,0
0.233064,0
0.233634,0
0.2342,0
0.234764,0
0.235326,0
0.235886,0
0.236445,0
0.237001,0
0.237554,0
0.238105,0
0.238655,0
0.239202,0
0.239747,0
0.24029,0
0.24083,0
0.241368,0
0.241905,0
0.242439,0
0.242971,0
0.2435,0
0.244028,0
0.244553,0
0.245076,0
0.245597,0
0.246115,0
0.246631,0
0.247145,0
0.247657,0
0.248167,0
0.248674,0
0.249179,0
0.249681,0
0.250182,0
0.25068,0
0.251176,0
0.251669,0
0.252161,0
0.25265,0
0.253137,0
0.253621,0
0.254103,0
0.254583,0
0.255061,0
0.255536,0
0.256009,0
0.256479,0
0.256947,0
0.257413,0
0.257877,0
0.258338,0
0.258796,0
0.259253,0
0.259707,0
0.260159,0
0.260608,0
0.261055,0
0.2615,0
0.261942,0
0.262382,0
0.262819,0
0.263254,0
0.263687,0
0.264117,0
0.264546,0
0.264971,0
0.265394,0
0.265814,0
0.266232,0
0.266649,0
0.267062,0
0.267473,0
0.267881,0
0.268287,0
0.268691,0
0.269093,0
0.269491,0
0.269887,0
0.270281,0
0.270673,0
0.271062,0
0.271448,0
0.271832,0
0.272213,0
0.272593,0
0.272969,0
0.273343,0
0.273715,0
0.274084,0
0.27445,0
0.274815,0
0.275177,0
0.275536,0
0.275892,0
0.276246,0
0.276598,0
0.276947,0
0.277294,0
0.277637,0
0.277979,0
0.278318,0
0.278655,0
0.278988,0
0.27932,0
0.279648,0
0.279975,0
0.280299,0
0.28062,0
0.280938,0
0.281254,0
0.281568,0
0.281879,0
0.282188,0
0.282493,0
0.282797,0
0.283098,0
0.283396,0
0.283691,0
0.283984,0
0.284274,0
0.284562,0
0.284847,0
0.28513,0
0.28541,0
0.285687,0
0.285962,0
0.286235,0
0.286504,0
0.286771,0
0.287035,0
0.287297,0
0.287557,0
0.287813,0
0.288067,0
0.288318,0
0.288567,0
0.288813,0
0.289057,0
0.289297,0
0.289536,0
0.289771,0
0.290004,0
0.290235,0
0.290462,0
0.290687,0
0.290909,0
0.291129,0
0.291346,0
0.291561,0
0.291772,0
0.291981,0
0.292188,0
0.292392,0
0.292593,0
0.292791,0
0.292987,0
0.293181,0
0.293371,0
0.293559,0
0.293744,0
0.293926,0
0.294106,0
0.294283,0
0.294458,0
0.29463,0
0.294799,0
0.294965,0
0.295129,0
0.29529,0
0.295448,0
0.295604,0
0.295757,0
0.295907,0
0.296055,0
0.2962,0
0.296342,0
0.296481,0
0.296618,0
0.296752,0
0.296884,0
0.297012,0
0.297138,0
0.297262,0
0.297382,0
0.2975,0
0.297615,0
0.297728,0
0.297838,0
0.297945,0
0.298049,0
0.298151,0
0.29825,0
0.298346,0
0.29844,0
0.29853,0
0.298618,0
0.298704,0
0.298787,0
0.298866,0
0.298944,0
0.299018,0
0.29909,0
0.299159,0
0.299225,0
0.299289,0
0.29935,0
0.299408,0
0.299463,0
0.299516,0
0.299566,0
0.299613,0
0.299658,0
0.2997,0
0.299739,0
0.299775,0
0.299809,0
0.29984,0
0.299868,0
0.299894,0
0.299916,0
0.299936,0
0.299954,0
0.299968,0
0.29998,0
0.299989,0
0.299995,0
0.299999,0
0.3,0
0.299998,0
0.299994,0
0.299986,0
0.299976,0
0.299964,0
0.299948,0
0.29993,0
0.299909,0
0.299885,0
0.299859,0
0.29983,0
0.299798,0
0.299764,0
0.299726,0
0.299686,0
0.299644,0
0.299598,0
0.29955,0
0.299499,0
0.299445,0
0.299389,0
0.29933,0
0.299268,0
0.299204,0
0.299136,0
0.299066,0
0.298994,0
0.298918,0
0.29884,0
0.298759,0
0.298676,0
0.298589,0
0.2985,0
0.298409,0
0.298314,0
0.298217,0
0.298117,0
0.298015,0
0.297909,0
0.297801,0
0.297691,0
0.297577,0
0.297461,0
0.297342,0
0.297221,0
0.297097,0
0.29697,0
0.29684,0
0.296708,0
0.296573,0
0.296435,0
0.296295,0
0.296152,0
0.296006,0
0.295857,0
0.295706,0
0.295552,0
0.295396,0
0.295236,0
0.295074,0
0.29491,0
0.294743,0
0.294572,0
0.2944,0
0.294225,0
0.294047,0
0.293866,0
0.293682,0
0.293496,0
0.293308,0
0.293116,0
0.292922,0
0.292726,0
0.292526,0
0.292324,0
0.29212,0
0.291912,0
0.291702,0
0.291489,0
0.291274,0
0.291056,0
0.290836,0
0.290612,0
0.290386,0
0.290158,0
0.289927,0
0.289693,0
0.289456,0
0.289217,0
0.288976,0
0.288731,0
0.288485,0
0.288235,0
0.287983,0
0.287728,0
0.28747,0
0.28721,0
0.286948,0
0.286682,0
0.286414,0
0.286144,0
0.285871,0
0.285595,0
0.285317,0
0.285036,0
0.284753,0
0.284467,0
0.284178,0
0.283886,0
0.283593,0
0.283296,0
0.282997,0
0.282696,0
0.282392,0
0.282085,0
0.281776,0
0.281464,0
0.28115,0
0.280832,0
0.280513,0
0.280191,0
0.279867,0
0.279539,0
0.279209,0
0.278877,0
0.278543,0
0.278205,0
0.277866,0
0.277523,0
0.277178,0
0.276831,0
0.276481,0
0.276129,0
0.275774,0
0.275416,0
0.275056,0
0.274694,0
0.274329,0
0.273962,0
0.273591,0
0.273219,0
0.272844,0
0.272467,0
0.272087,0
0.271704,0
0.271319,0
0.270932,0
0.270543,0
0.270151,0
0.269755,0
0.269358,0
0.268959,0
0.268557,0
0.268153,0
0.267745,0
0.267336,0
0.266924,0
0.26651,0
0.266094,0
0.265674,0
0.265253,0
0.264829,0
0.264403,0
0.263974,0
0.263543,0
0.263109,0
0.262674,0
0.262236,0
0.261795,0
0.261352,0
0.260906,0
0.260459,0
0.260008,0
0.259556,0
0.259101,0
0.258644,0
0.258184,0
0.257722,0
0.257258,0
0.256792,0
0.256322,0
0.255851,0
0.255378,0
0.254902,0
0.254424,0
0.253942,0
0.25346,0
0.252975,0
0.252487,0
0.251998,0
0.251505,0
0.251011,0
0.250514,0
0.250015,0
0.249514,0
0.24901,0
0.248505,0
0.247997,0
0.247487,0
0.246974,0
0.246459,0
0.245942,0
0.245423,0
0.244902,0
0.244378,0
0.243853,0
0.243324,0
0.242794,0
0.242261,0
0.241727,0
0.24119,0
0.24065,0
0.240109,0
0.239565,0
0.23902,0
0.238472,0
0.237922,0
0.237369,0
0.236815,0
0.236259,0
0.2357,0
0.235139,0
0.234576,0
0.234011,0
0.233444,0
0.232875,0
0.232303,0
0.231729,0
0.231154,0
0.230576,0
0.229997,0
0.229414,0
0.22883,0
0.228244,0
0.227656,0
0.227066,0
0.226473,0
0.225879,0
0.225282,0
0.224684,0
0.224084,0
0.223481,0
0.222876,0
0.222269,0
0.221661,0
0.22105,0
0.220438,0
0.219822,0
0.219206,0
0.218587,0
0.217967,0
0.217344,0
0.216719,0
0.216093,0
0.215464,0
0.214834,0
0.214201,0
0.213566,0
0.21293,0
0.212292,0
0.211652,0
0.21101,0
0.210365,0
0.209719,0
0.209071,0
0.208422,0
0.20777,0
0.207116,0
0.206461,0
0.205803,0
0.205144,0
0.204483,0
0.20382,0
0.203155,0
0.202489,0
0.20182,0
0.20115,0
0.200477,0
0.199803,0
0.199128,0
0.19845,0
0.197771,0
0.19709,0
0.196406,0
0.195721,0
0.195035,0
0.194347,0
0.193657,0
0.192964,0
0.192271,0
0.191576,0
0.190879,0
0.19018,0
0.189479,0
0.188776,0
0.188073,0
0.187367,0
0.18666,0
0.18595,0
0.185239,0
0.184527,0
0.183813,0
0.183097,0
0.182379,0
0.18166,0
0.180939,0
0.180217,0
0.179493,0
0.178766,0
0.178039,0
0.17731,0
0.17658,0
0.175848,0
0.175113,0
0.174378,0
0.173641,0
0.172902,0
0.172162,0
0.171421,0
0.170677,0
0.169932,0
0.169186,0
0.168438,0
0.167689,0
0.166937,0
0.166185,0
0.165431,0
0.164676,0
0.163919,0
0.163159,0
0.1624,0
0.161638,0
0.160876,0
0.160111,0
0.159345,0
0.158578,0
0.157809,0
0.157039,0
0.156268,0
0.155494,0
0.154719,0
0.153944,0
0.153167,0
0.152388,0
0.151607,0
0.150826,0
0.150043,0
0.14926,0
0.148474,0
0.147686,0
0.146898,0
0.146109,0
0.145318,0
0.144526,0
0.143732,0
0.142937,0
0.142142,0
0.141344,0
0.140546,0
0.139746,0
0.138944,0
0.138142,0
0.137338,0
0.136533,0
0.135727,0
0.134919,0
0.13411,0
0.133301,0
0.13249,0
0.131677,0
0.130863,0
0.130048,0
0.129233,0
0.128416,0
0.127598,0
0.126777,0
0.125957,0
0.125136,0
0.124313,0
0.123489,0
0.122663,0
0.121837,0
0.12101,0
0.120182,0
0.119352,0
0.118521,0
0.117689,0
0.116857,0
0.116023,0
0.115188,0
0.114352,0
0.113515,0
0.112677,0
0.111838,0
0.110998,0
0.110157,0
0.109314,0
0.108472,0
0.107628,0
0.106783,0
0.105937,0
0.105089,0
0.104242,0
0.103393,0
0.102543,0
0.101693,0
0.10084,0
0.0999878,0
0.0991346,0
0.0982804,0
0.0974254,0
0.0965682,0
0.0957114,0
0.0948537,0
0.0939951,0
0.0931357,0
0.0922742,0
0.0914131,0
0.0905512,0
0.0896885,0
0.0888249,0
0.0879593,0
0.0870941,0
0.0862281,0
0.0853614,0
0.0844939,0
0.0836243,0
0.0827553,0
0.0818855,0
0.0810149,0
0.0801437,0
0.0792704,0
0.0783976,0
0.0775242,0
0.07665,0
0.0757752,0
0.0748997,0
0.0740222,0
0.0731453,0
0.0722677,0
0.0713895,0
0.0705106,0
0.0696299,0
0.0687497,0
0.067869,0
0.0669876,0
0.0661056,0
0.0652217,0
0.0643385,0
0.0634548,0
0.0625704,0
0.0616855,0
0.0607987,0
0.0599127,0
0.0590261,0
0.058139,0
0.0572514,0
0.056362,0
0.0554733,0
0.0545841,0
0.0536944,0
0.0528043,0
0.0519123,0
0.0510212,0
0.0501297,0
0.0492376,0
0.0483451,0
0.0474509,0
0.0465576,0
0.0456638,0
0.0447696,0
0.043875,0
0.04298,0
0.0420833,0
0.0411876,0
0.0402914,0
0.0393949,0
0.038498,0
0.0375995,0
0.036702,0
0.0358041,0
0.0349059,0
0.0340073,0
0.0331072,0
0.032208,0
0.0313086,0
0.0304088,0
0.0295088,0
0.0286073,0
0.0277067,0
0.026806,0
0.0259049,0
0.0250037,0
0.0241009,0
0.0231992,0
0.0222973,0
0.0213951,0
0.0204928,0
0.019589,0
0.0186863,0
0.0177835,0
0.0168805,0
0.0159773,0
0.0150727,0
0.0141692,0
0.0132656,0
0.012362,0
0.0114581,0
0.0105542,0
0.0096489,0
0.00874481,0
0.00784063,0
0.00693638,0
0.00603207,0
0.00512639,0
0.00422198,0
0.00331753,0
0.00241305,0
0.00150855,0
0.000602713,0
-0.000301809,0
-0.00120633,0
-0.00211084,0
-0.00301533,0
-0.0039211,0
-0.00482553,0
-0.00572991,0
-0.00663424,0
-0.00753851,0
-0.00844403,0
-0.00934815,0
-0.0102522,0
-0.0111561,0
-0.01206,0
-0.012965,0
-0.0138686,0
-0.0147721,0
-0.0156755,0
-0.0165787,0
-0.0174831,0
-0.018386,0
-0.0192887,0
-0.0201913,0
-0.0210937,0
-0.0219972,0
-0.0228992,0
-0.0238009,0
-0.0247025,0
-0.0256038,0
-0.0265049,0
-0.0274071,0
-0.0283077,0
-0.0292081,0
-0.0301082,0
-0.031008,0
-0.0319088,0
-0.0328081,0
-0.033707,0
-0.0346057,0
-0.035504,0
-0.0364033,0
-0.037301,0
-0.0381983,0
-0.0390953,0
-0.0399919,0
-0.0408895,0
-0.0417854,0
-0.0426809,0
-0.043576,0
-0.0444708,0
-0.0453664,0
-0.0462603,0
-0.0471538,0
-0.0480468,0
-0.0489395,0
-0.049833,0
-0.0507247,0
-0.0516159,0
-0.0525067,0
-0.0533971,0
-0.0542882,0
-0.0551775,0
-0.0560664,0
-0.0569547,0
-0.0578425,0
-0.0587298,0
-0.0596178,0
-0.0605041,0
-0.0613897,0
-0.0622748,0
-0.0631594,0
-0.0640446,0
-0.064928,0
-0.0658108,0
-0.066693,0
-0.0675745,0
-0.0684568,0
-0.0693371,0
-0.0702168,0
-0.0710959,0
-0.0719744,0
-0.0728534,0
-0.0737305,0
-0.074607,0
-0.0754827,0
-0.0763578,0
-0.0772335,0
-0.0781071,0
-0.0789801,0
-0.0798524,0
-0.0807239,0
-0.081596,0
-0.082466,0
-0.0833353,0
-0.0842039,0
-0.0850716,0
-0.0859399,0
-0.0868061,0
-0.0876716,0
-0.0885362,0
-0.0894,0
-0.0902643,0
-0.0911265,0
-0.0919879,0
-0.0928484,0
-0.0937081,0
-0.0945669,0
-0.0954261,0
-0.0962832,0
-0.0971395,0
-0.0979948,0
-0.0988493,0
-0.0997041,0
-0.100557,0
-0.101408,0
-0.102259,0
-0.103109,0
-0.103959,0
-0.104807,0
-0.105654,0
-0.106501,0
-0.107346,0
-0.108191,0
-0.109034,0
-0.109876,0
-0.110718,0
-0.111558,0
-0.112398,0
-0.113236,0
-0.114073,0
-0.114909,0
-0.115744,0
-0.11658,0
-0.117412,0
-0.118244,0
-0.119075,0
-0.119905,0
-0.120734,0
-0.121562,0
-0.122388,0
-0.123214,0
-0.124038,0
-0.124861,0
-0.125684,0
-0.126505,0
-0.127324,0
-0.128143,0
-0.12896,0
-0.129777,0
-0.130592,0
-0.131406,0
-0.132218,0
-0.13303,0
-0.133841,0
-0.13465,0
-0.135458,0
-0.136264,0
-0.137069,0
-0.137874,0
-0.138677,0
-0.139479,0
-0.140279,0
-0.141078,0
-0.141876,0
-0.142673,0
-0.143468,0
-0.144262,0
-0.145054,0
-0.145846,0
-0.146636,0
-0.147424,0
-0.148212,0
-0.148997,0
-0.149783,0
-0.150566,0
-0.151348,0
-0.152128,0
-0.152907,0
-0.153685,0
-0.154462,0
-0.155236,0
-0.15601,0
-0.156781,0
-0.157552,0
-0.158322,0
-0.15909,0
-0.159856,0
-0.16062,0
-0.161384,0
-0.162147,0
-0.162907,0
-0.163666,0
-0.164423,0
-0.165179,0
-0.165934,0
-0.166687,0
-0.167438,0
-0.168188,0
-0.168936,0
-0.169684,0
-0.170429,0
-0.171173,0
-0.171915,0
-0.172655,0
-0.173395,0
-0.174133,0
-0.174868,0
-0.175603,0
-0.176335,0
-0.177067,0
-0.177797,0
-0.178524,0
-0.17925,0
-0.179975,0
-0.180699,0
-0.18142,0
-0.18214,0
-0.182858,0
-0.183574,0
-0.184288,0
-0.185002,0
-0.185714,0
-0.186423,0
-0.187131,0
-0.187837,0
-0.188542,0
-0.189245,0
-0.189946,0
-0.190645,0
-0.191343,0
-0.19204,0
-0.192734,0
-0.193426,0
-0.194117,0
-0.194805,0
-0.195493,0
-0.196179,0
-0.196862,0
-0.197544,0
-0.198223,0
-0.198902,0
-0.199579,0
-0.200253,0
-0.200926,0
-0.201596,0
-0.202266,0
-0.202934,0
-0.203599,0
-0.204262,0
-0.204924,0
-0.205584,0
-0.206242,0
-0.206898,0
-0.207552,0
-0.208204,0
-0.208856,0
-0.209504,0
-0.21015,0
-0.210795,0
-0.211438,0
-0.212078,0
-0.212718,0
-0.213355,0
-0.21399,0
-0.214623,0
-0.215254,0
-0.215884,0
-0.216511,0
-0.217136,0
-0.217759,0
-0.21838,0
-0.219,0
-0.219618,0
-0.220233,0
-0.220846,0
-0.221457,0
-0.222067,0
-0.222674,0
-0.22328,0
-0.223883,0
-0.224484,0
-0.225084,0
-0.225681,0
-0.226275,0
-0.226868,0
-0.227459,0
-0.228049,0
-0.228635,0
-0.22922,0
-0.229802,0
-0.230383,0
-0.230962,0
-0.231538,0
-0.232112,0
-0.232684,0
-0.233254,0
-0.233822,0
-0.234388,0
-0.234952,0
-0.235513,0
-0.236073,0
-0.23663,0
-0.237185,0
-0.237738,0
-0.238289,0
-0.238837,0
-0.239383,0
-0.239928,0
-0.24047,0
-0.24101,0
-0.241547,0
-0.242083,0
-0.242617,0
-0.243148,0
-0.243676,0
-0.244203,0
-0.244727,0
-0.24525,0
-0.24577,0
-0.246287,0
-0.246803,0
-0.247316,0
-0.247827,0
-0.248336,0
-0.248842,0
-0.249347,0
-0.249848,0
-0.250349,0
-0.250846,0
-0.251341,0
-0.251834,0
-0.252324,0
-0.252812,0
-0.253299,0
-0.253782,0
-0.254263,0
-0.254742,0
-0.255219,0
-0.255694,0
-0.256166,0
-0.256635,0
-0.257103,0
-0.257567,0
-0.258031,0
-0.258491,0
-0.258949,0
-0.259404,0
-0.259858,0
-0.260309,0
-0.260758,0
-0.261204,0
-0.261647,0
-0.262089,0
-0.262528,0
-0.262965,0
-0.263399,0
-0.263831,0
-0.26426,0
-0.264688,0
-0.265112,0
-0.265534,0
-0.265954,0
-0.266371,0
-0.266787,0
-0.267199,0
-0.267609,0
-0.268017,0
-0.268422,0
-0.268825,0
-0.269226,0
-0.269624,0
-0.270019,0
-0.270412,0
-0.270802,0
-0.271191,0
-0.271576,0
-0.27196,0
-0.27234,0
-0.272718,0
-0.273094,0
-0.273468,0
-0.273838,0
-0.274206,0
-0.274572,0
-0.274936,0
-0.275297,0
-0.275655,0
-0.27601,0
-0.276364,0
-0.276715,0
-0.277063,0
-0.277409,0
-0.277752,0
-0.278092,0
-0.278431,0
-0.278766,0
-0.279099,0
-0.27943,0
-0.279758,0
-0.280083,0
-0.280406,0
-0.280726,0
-0.281044,0
-0.281359,0
-0.281672,0
-0.281982,0
-0.28229,0
-0.282595,0
-0.282897,0
-0.283197,0
-0.283494,0
-0.283789,0
-0.284081,0
-0.28437,0
-0.284657,0
-0.284942,0
-0.285224,0
-0.285503,0
-0.285779,0
-0.286053,0
-0.286325,0
-0.286593,0
-0.28686,0
-0.287123,0
-0.287384,0
-0.287643,0
-0.287898,0
-0.288151,0
-0.288402,0
-0.288649,0
-0.288895,0
-0.289137,0
-0.289377,0
-0.289614,0
-0.289849,0
-0.290081,0
-0.290311,0
-0.290537,0
-0.290762,0
-0.290983,0
-0.291202,0
-0.291418,0
-0.291632,0
-0.291842,0
-0.292051,0
-0.292256,0
-0.292459,0
-0.292659,0
-0.292857,0
-0.293052,0
-0.293244,0
-0.293434,0
-0.293621,0
-0.293805,0
-0.293987,0
-0.294165,0
-0.294342,0
-0.294515,0
-0.294686,0
-0.294854,0
-0.29502,0
-0.295183,0
-0.295343,0
-0.2955,0
-0.295655,0
-0.295807,0
-0.295957,0
-0.296103,0
-0.296247,0
-0.296389,0
-0.296527,0
-0.296663,0
-0.296796,0
-0.296927,0
-0.297055,0
-0.29718,0
-0.297302,0
-0.297422,0
-0.297539,0
-0.297653,0
-0.297765,0
-0.297874,0
-0.29798,0
-0.298083,0
-0.298184,0
-0.298282,0
-0.298377,0
-0.29847,0
-0.29856,0
-0.298647,0
-0.298732,0
-0.298813,0
-0.298893,0
-0.298969,0
-0.299042,0
-0.299113,0
-0.299181,0
-0.299247,0
-0.29931,0
-0.29937,0
-0.299427,0
-0.299481,0
-0.299533,0
-0.299582,0
-0.299629,0
-0.299672,0
-0.299713,0
-0.299751,0
-0.299787,0
-0.29982,0
-0.29985,0
-0.299877,0
-0.299901,0
-0.299923,0
-0.299942,0
-0.299959,0
-0.299972,0
-0.299983,0
-0.299991,0
-0.299997,0
-0.3,0
-0.3,0
-0.299997,0
-0.299991,0
-0.299983,0
-0.299972,0
-0.299959,0
-0.299942,0
-0.299923,0
-0.299901,0
-0.299877,0
-0.29985,0
-0.29982,0
-0.299787,0
-0.299751,0
-0.299713,0
-0.299672,0
-0.299629,0
-0.299582,0
-0.299533,0
-0.299481,0
-0.299427,0
-0.29937,0
-0.29931,0
-0.299247,0
-0.299181,0
-0.299113,0
-0.299042,0
-0.298969,0
-0.298892,0
-0.298813,0
-0.298732,0
-0.298647,0
-0.29856,0
-0.29847,0
-0.298378,0
-0.298282,0
-0.298184,0
-0.298083,0
-0.29798,0
-0.297874,0
-0.297765,0
-0.297653,0
-0.297539,0
-0.297422,0
-0.297302,0
-0.29718,0
-0.297055,0
-0.296927,0
-0.296796,0
-0.296663,0
-0.296527,0
-0.296389,0
-0.296247,0
-0.296103,0
-0.295957,0
-0.295807,0
-0.295655,0
-0.2955,0
-0.295343,0
-0.295183,0
-0.29502,0
-0.294854,0
-0.294686,0
-0.294515,0
-0.294342,0
-0.294166,0
-0.293987,0
-0.293805,0
-0.293621,0
-0.293434,0
-0.293244,0
-0.293052,0
-0.292857,0
-0.292659,0
-0.292459,0
-0.292256,0
-0.292051,0
-0.291843,0
-0.291631,0
-0.291418,0
-0.291202,0
-0.290983,0
-0.290762,0
-0.290538,0
-0.290311,0
-0.290081,0
-0.289849,0
-0.289615,0
-0.289377,0
-0.289137,0
-0.288895,0
-0.288649,0
-0.288402,0
-0.288151,0
-0.287898,0
-0.287642,0
-0.287384,0
-0.287123,0
-0.28686,0
-0.286593,0
-0.286325,0
-0.286053,0
-0.285779,0
-0.285503,0
-0.285223,0
-0.284942,0
-0.284658,0
-0.284371,0
-0.284081,0
-0.283789,0
-0.283494,0
-0.283197,0
-0.282897,0
-0.282595,0
-0.28229,0
-0.281982,0
-0.281672,0
-0.281359,0
-0.281044,0
-0.280727,0
-0.280406,0
-0.280083,0
-0.279758,0
-0.27943,0
-0.279099,0
-0.278766,0
-0.27843,0
-0.278092,0
-0.277752,0
-0.277409,0
-0.277063,0
-0.276714,0
-0.276364,0
-0.276011,0
-0.275655,0
-0.275296,0
-0.274936,0
-0.274572,0
-0.274207,0
-0.273838,0
-0.273467,0
-0.273094,0
-0.272718,0
-0.27234,0
-0.27196,0
-0.271576,0
-0.271191,0
-0.270803,0
-0.270412,0
-0.270019,0
-0.269623,0
-0.269225,0
-0.268825,0
-0.268422,0
-0.268017,0
-0.26761,0
-0.267199,0
-0.266787,0
-0.266372,0
-0.265954,0
-0.265535,0
-0.265112,0
-0.264687,0
-0.26426,0
-0.263831,0
-0.263399,0
-0.262964,0
-0.262528,0
-0.262089,0
-0.261648,0
-0.261204,0
-0.260757,0
-0.260309,0
-0.259858,0
-0.259405,0
-0.258949,0
-0.258491,0
-0.25803,0
-0.257568,0
-0.257103,0
-0.256636,0
-0.256165,0
-0.255693,0
-0.255219,0
-0.254743,0
-0.254264,0
-0.253782,0
-0.253298,0
-0.252812,0
-0.252324,0
-0.251834,0
-0.25134,0
-0.250845,0
-0.250348,0
-0.249849,0
-0.249347,0
-0.248843,0
-0.248336,0
-0.247827,0
-0.247316,0
-0.246803,0
-0.246288,0
-0.245769,0
-0.24525,0
-0.244728,0
-0.244203,0
-0.243677,0
-0.243147,0
-0.242616,0
-0.242083,0
-0.241548,0
-0.24101,0
-0.24047,0
-0.239928,0
-0.239384,0
-0.238838,0
-0.238289,0
-0.237738,0
-0.237185,0
-0.23663,0
-0.236073,0
-0.235514,0
-0.234951,0
-0.234388,0
-0.233822,0
-0.233255,0
-0.232685,0
-0.232112,0
-0.231538,0
-0.230962,0
-0.230383,0
-0.229803,0
-0.22922,0
-0.228635,0
-0.228048,0
-0.22746,0
-0.226869,0
-0.226276,0
-0.22568,0
-0.225083,0
-0.224484,0
-0.223883,0
-0.22328,0
-0.222674,0
-0.222067,0
-0.221458,0
-0.220846,0
-0.220233,0
-0.219617,0
-0.219,0
-0.218381,0
-0.217759,0
-0.217136,0
-0.21651,0
-0.215883,0
-0.215254,0
-0.214623,0
-0.21399,0
-0.213354,0
-0.212717,0
-0.212079,0
-0.211438,0
-0.210795,0
-0.21015,0
-0.209503,0
-0.208855,0
-0.208205,0
-0.207553,0
-0.206898,0
-0.206242,0
-0.205584,0
-0.204924,0
-0.204263,0
-0.203599,0
-0.202933,0
-0.202266,0
-0.201597,0
-0.200926,0
-0.200254,0
-0.199578,0
-0.198902,0
-0.198224,0
-0.197544,0
-0.196862,0
-0.196178,0
-0.195493,0
-0.194806,0
-0.194117,0
-0.193426,0
-0.192733,0
-0.192039,0
-0.191343,0
-0.190646,0
-0.189947,0
-0.189245,0
-0.188542,0
-0.187837,0
-0.187131,0
-0.186423,0
-0.185713,0
-0.185002,0
-0.184289,0
-0.183574,0
-0.182858,0
-0.182139,0
-0.181419,0
-0.180698,0
-0.179975,0
-0.179251,0
-0.178525,0
-0.177796,0
-0.177067,0
-0.176336,0
-0.175603,0
-0.174869,0
-0.174132,0
-0.173395,0
-0.172656,0
-0.171915,0
-0.171173,0
-0.170429,0
-0.169683,0
-0.168937,0
-0.168188,0
-0.167439,0
-0.166686,0
-0.165934,0
-0.165179,0
-0.164423,0
-0.163666,0
-0.162906,0
-0.162146,0
-0.161384,0
-0.160621,0
-0.159856,0
-0.159089,0
-0.158321,0
-0.157552,0
-0.156782,0
-0.15601,0
-0.155236,0
-0.154461,0
-0.153685,0
-0.152907,0
-0.152128,0
-0.151347,0
-0.150565,0
-0.149782,0
-0.148998,0
-0.148212,0
-0.147425,0
-0.146635,0
-0.145846,0
-0.145054,0
-0.144262,0
-0.143468,0
-0.142672,0
-0.141876,0
-0.141078,0
-0.140279,0
-0.139479,0
-0.138676,0
-0.137874,0
-0.13707,0
-0.136265,0
-0.135458,0
-0.134649,0
-0.13384,0
-0.13303,0
-0.132219,0
-0.131406,0
-0.130591,0
-0.129777,0
-0.12896,0
-0.128143,0
-0.127325,0
-0.126504,0
-0.125683,0
-0.124861,0
-0.124038,0
-0.123214,0
-0.122388,0
-0.121561,0
-0.120734,0
-0.119905,0
-0.119076,0
-0.118245,0
-0.117412,0
-0.116579,0
-0.115745,0
-0.11491,0
-0.114074,0
-0.113235,0
-0.112397,0
-0.111558,0
-0.110718,0
-0.109877,0
-0.109033,0
-0.10819,0
-0.107346,0
-0.106501,0
-0.105655,0
-0.104807,0
-0.103959,0
-0.10311,0
-0.10226,0
-0.101409,0
-0.100556,0
-0.0997034,0
-0.0988498,0
-0.0979954,0
-0.09714,0
-0.0962825,0
-0.0954254,0
-0.0945674,0
-0.0937086,0
-0.0928489,0
-0.0919871,0
-0.0911258,0
-0.0902636,0
-0.0894006,0
-0.0885367,0
-0.0876708,0
-0.0868054,0
-0.0859392,0
-0.0850722,0
-0.0842044,0
-0.0833358,0
-0.0824653,0
-0.0815952,0
-0.0807244,0
-0.0798529,0
-0.0789807,0
-0.0781064,0
-0.0772327,0
-0.0763583,0
-0.0754833,0
-0.0746075,0
-0.0737298,0
-0.0728527,0
-0.0719749,0
-0.0710965,0
-0.0702174,0
-0.0693364,0
-0.0684561,0
-0.0675751,0
-0.0666935,0
-0.0658113,0
-0.0649272,0
-0.0640439,0
-0.0631599,0
-0.0622754,0
-0.0613903,0
-0.0605033,0
-0.0596171,0
-0.0587304,0
-0.0578431,0
-0.0569553,0
-0.0560656,0
-0.0551768,0
-0.0542875,0
-0.0533976,0
-0.0525073,0
-0.0516165,0
-0.0507239,0
-0.0498322,0
-0.04894,0
-0.0480474,0
-0.0471543,0
-0.0462595,0
-0.0453656,0
-0.0444713,0
-0.0435766,0
-0.0426814,0
-0.0417846,0
-0.0408887,0
-0.0399925,0
-0.0390958,0
-0.0381989,0
-0.0373002,0
-0.0364025,0
-0.0355045,0
-0.0346062,0
-0.0337076,0
-0.0328073,0
-0.0319081,0
-0.0310085,0
-0.0301087,0
-0.0292086,0
-0.028307,0
-0.0274064,0
-0.0265055,0
-0.0256044,0
-0.0247031,0
-0.0238002,0
-0.0228984,0
-0.0219964,0
-0.0210942,0
-0.0201918,0
-0.0192893,0
-0.0183852,0
-0.0174823,0
-0.0165793,0
-0.0156761,0
-0.0147727,0
-0.0138679,0
-0.0129643,0
-0.0120605,0
-0.0111567,0
-0.0102527,0
-0.00934739,0
-0.00844327,0
-0.00753907,0
-0.0066348,0
-0.00573047,0
-0.00482477,0
-0.00392035,0
-0.00301588,0
-0.00211139,0
-0.00120689,0
-0.000301051,0
0.000603471,0
0.00150799,0
0.00241249,0
0.00331697,0
0.00422274,0
0.00512715,0
0.00603152,0
0.00693583,0
0.00784007,0
0.00874557,0
0.00964966,0
0.0105537,0
0.0114576,0
0.0123614,0
0.0132664,0
0.01417,0
0.0150734,0
0.0159767,0
0.0168799,0
0.0177829,0
0.0186871,0
0.0195898,0
0.0204923,0
0.0213946,0
0.0222967,0
0.0231999,0
0.0241016,0
0.0250031,0
0.0259044,0
0.0268054,0
0.0277075,0
0.028608,0
0.0295083,0
0.0304083,0
0.031308,0
0.0322088,0
0.0331079,0
0.0340068,0
0.0349053,0
0.0358035,0
0.0367027,0
0.0376003,0
0.0384975,0
0.0393944,0
0.0402909,0
0.0411883,0
0.0420841,0
0.0429795,0
0.0438745,0
0.0447691,0
0.0456645,0
0.0465583,0
0.0474517,0
0.0483446,0
0.0492371,0
0.0501291,0
0.051022,0
0.0519131,0
0.0528037,0
0.0536939,0
0.0545836,0
0.055474,0
0.0563627,0
0.0572509,0
0.0581385,0
0.0590256,0
0.0599135,0
0.0607995,0
0.061685,0
0.0625699,0
0.0634542,0
0.0643393,0
0.0652225,0
0.066105,0
0.066987,0
0.0678684,0
0.0687505,0
0.0696306,0
0.0705101,0
0.071389,0
0.0722672,0
0.073146,0
0.0740229,0
0.0748991,0
0.0757746,0
0.0766495,0
0.0775249,0
0.0783984,0
0.0792711,0
0.0801431,0
0.0810144,0
0.0818862,0
0.082756,0
0.0836251,0
0.0844933,0
0.0853609,0
0.0862276,0
0.0870948,0
0.08796,0
0.0888244,0
0.0896879,0
0.0905507,0
0.0914139,0
0.0922749,0
0.0931352,0
0.0939946,0
0.0948531,0
0.0957121,0
0.0965689,0
0.0974248,0
0.0982799,0
0.0991341,0
0.0999886,0
0.100841,0
0.101692,0
0.102543,0
0.103392,0
0.104242,0
0.10509,0
0.105937,0
0.106782,0
0.107627,0
0.108472,0
0.109315,0
0.110157,0
0.110998,0
0.111838,0
0.112678,0
0.113515,0
0.114352,0
0.115188,0
0.116023,0
0.116856,0
0.11769,0
0.118521,0
0.119352,0
0.120181,0
0.121009,0
0.121838,0
0.122664,0
0.123489,0
0.124312,0
0.125135,0
0.125958,0
0.126778,0
0.127597,0
0.128415,0
0.129232,0
0.130049,0
0.130864,0
0.131677,0
0.132489,0
0.1333,0
0.134111,0
0.134919,0
0.135727,0
0.136533,0
0.137338,0
0.138142,0
0.138945,0
0.139746,0
0.140545,0
0.141344,0
0.142142,0
0.142938,0
0.143733,0
0.144526,0
0.145318,0
0.14611,0
0.146899,0
0.147687,0
0.148474,0
0.149259,0
0.150043,0
0.150827,0
0.151608,0
0.152388,0
0.153166,0
0.153943,0
0.15472,0
0.155494,0
0.156267,0
0.157039,0
0.157808,0
0.158578,0
0.159345,0
0.160111,0
0.160875,0
0.161638,0
0.1624,0
0.16316,0
0.163918,0
0.164675,0
0.16543,0
0.166185,0
0.166938,0
0.167688,0
0.168438,0
0.169185,0
0.169933,0
0.170677,0
0.17142,0
0.172162,0
0.172902,0
0.173641,0
0.174378,0
0.175113,0
0.175847,0
0.176579,0
0.17731,0
0.178039,0
0.178767,0
0.179492,0
0.180216,0
0.180939,0
0.18166,0
0.182379,0
0.183097,0
0.183812,0
0.184526,0
0.18524,0
0.18595,0
0.186659,0
0.187367,0
0.188072,0
0.188777,0
0.189479,0
0.19018,0
0.190878,0
0.191575,0
0.192271,0
0.192965,0
0.193657,0
0.194346,0
0.195035,0
0.195722,0
0.196407,0
0.19709,0
0.197771,0
0.19845,0
0.199128,0
0.199804,0
0.200478,0
0.20115,0
0.20182,0
0.202489,0
0.203156,0
0.20382,0
0.204483,0
0.205144,0
0.205803,0
0.206461,0
0.207116,0
0.20777,0
0.208421,0
0.209071,0
0.20972,0
0.210366,0
0.211009,0
0.211651,0
0.212292,0
0.212931,0
0.213567,0
0.214201,0
0.214833,0
0.215464,0
0.216093,0
0.21672,0
0.217344,0
0.217966,0
0.218587,0
0.219206,0
0.219823,0
0.220437,0
0.22105,0
0.221661,0
0.22227,0
0.222876,0
0.223481,0
0.224083,0
0.224684,0
0.225283,0
0.225879,0
0.226473,0
0.227066,0
0.227656,0
0.228244,0
0.228831,0
0.229414,0
0.229996,0
0.230576,0
0.231154,0
0.23173,0
0.232303,0
0.232875,0
0.233444,0
0.234011,0
0.234577,0
0.235139,0
0.2357,0
0.236259,0
0.236815,0
0.23737,0
0.237922,0
0.238472,0
0.23902,0
0.239565,0
0.240109,0
0.24065,0
0.241189,0
0.241726,0
0.242261,0
0.242794,0
0.243324,0
0.243852,0
0.244378,0
0.244902,0
0.245424,0
0.245943,0
0.24646,0
0.246974,0
0.247486,0
0.247997,0
0.248505,0
0.249011,0
0.249514,0
0.250015,0
0.250514,0
0.251011,0
0.251505,0
0.251997,0
0.252487,0
0.252974,0
0.25346,0
0.253943,0
0.254423,0
0.254901,0
0.255377,0
0.255851,0
0.256323,0
0.256791,0
0.257258,0
0.257722,0
0.258184,0
0.258644,0
0.259101,0
0.259556,0
0.260008,0
0.260459,0
0.260907,0
0.261352,0
0.261795,0
0.262235,0
0.262674,0
0.26311,0
0.263543,0
0.263974,0
0.264403,0
0.26483,0
0.265253,0
0.265675,0
0.266094,0
0.26651,0
0.266924,0
0.267336,0
0.267746,0
0.268152,0
0.268557,0
0.268959,0
0.269359,0
0.269756,0
0.27015,0
0.270542,0
0.270932,0
0.27132,0
0.271704,0
0.272087,0
0.272467,0
0.272844,0
0.273219,0
0.273591,0
0.273961,0
0.274329,0
0.274694,0
0.275056,0
0.275416,0
0.275774,0
0.276128,0
0.276481,0
0.276831,0
0.277178,0
0.277523,0
0.277865,0
0.278205,0
0.278543,0
0.278878,0
0.27921,0
0.279539,0
0.279866,0
0.280191,0
0.280513,0
0.280833,0
0.28115,0
0.281464,0
0.281776,0
0.282085,0
0.282392,0
0.282696,0
0.282997,0
0.283296,0
0.283593,0
0.283887,0
0.284178,0
0.284466,0
0.284752,0
0.285036,0
0.285317,0
0.285595,0
0.285871,0
0.286144,0
0.286415,0
0.286683,0
0.286948,0
0.28721,0
0.28747,0
0.287728,0
0.287983,0
0.288235,0
0.288484,0
0.288731,0
0.288976,0
0.289218,0
0.289457,0
0.289693,0
0.289927,0
0.290158,0
0.290387,0
0.290612,0
0.290836,0
0.291056,0
0.291274,0
0.29149,0
0.291702,0
0.291912,0
0.292119,0
0.292324,0
0.292526,0
0.292726,0
0.292922,0
0.293116,0
0.293308,0
0.293497,0
0.293683,0
0.293866,0
0.294046,0
0.294224,0
0.2944,0
0.294573,0
0.294743,0
0.29491,0
0.295074,0
0.295237,0
0.295396,0
0.295552,0
0.295706,0
0.295857,0
0.296006,0
0.296152,0
0.296295,0
0.296435,0
0.296573,0
0.296708,0
0.29684,0
0.29697,0
0.297097,0
0.297221,0
0.297342,0
0.297461,0
0.297577,0
0.297691,0
0.297801,0
0.297909,0
0.298015,0
0.298117,0
0.298217,0
0.298314,0
0.298409,0
0.2985,0
0.298589,0
0.298676,0
0.298759,0
0.29884,0
0.298918,0
0.298994,0
0.299066,0
0.299136,0
0.299203,0
0.299268,0
0.29933,0
0.299389,0
0.299445,0
0.299499,0
0.29955,0
0.299598,0
0.299643,0
0.299686,0
0.299726,0
0.299764,0
0.299798,0
0.29983,0
0.299859,0
0.299885,0
0.299909,0
0.29993,0
0.299948,0
0.299964,0
0.299976,0
0.299986,0
0.299994,0
0.299998,0
0.3,0
0.299999,0
0.299995,0
0.299989,0
0.29998,0
0.299968,0
0.299954,0
0.299936,0
0.299916,0
0.299894,0
0.299868,0
0.29984,0
0.299809,0
0.299775,0
0.299739,0
0.2997,0
0.299658,0
0.299614,0
0.299566,0
0.299516,0
0.299463,0
0.299408,0
0.29935,0
0.299289,0
0.299225,0
0.299159,0
0.29909,0
0.299018,0
0.298944,0
0.298866,0
0.298786,0
0.298704,0
0.298618,0
0.29853,0
0.29844,0
0.298346,0
0.29825,0
0.298151,0
0.298049,0
0.297945,0
0.297838,0
0.297728,0
0.297616,0
0.2975,0
0.297382,0
0.297262,0
0.297138,0
0.297012,0
0.296884,0
0.296752,0
0.296618,0
0.296481,0
0.296342,0
0.2962,0
0.296055,0
0.295907,0
0.295757,0
0.295604,0
0.295448,0
0.29529,0
0.295129,0
0.294965,0
0.294799,0
0.29463,0
0.294458,0
0.294283,0
0.294106,0
0.293926,0
0.293744,0
0.293559,0
0.293371,0
0.29318,0
0.292987,0
0.292792,0
0.292593,0
0.292392,0
0.292188,0
0.291982,0
0.291773,0
0.291561,0
0.291346,0
0.291129,0
0.290909,0
0.290687,0
0.290462,0
0.290234,0
0.290004,0
0.289771,0
0.289536,0
0.289298,0
0.289057,0
0.288813,0
0.288567,0
0.288318,0
0.288067,0
0.287813,0
0.287556,0
0.287297,0
0.287036,0
0.286771,0
0.286504,0
0.286234,0
0.285962,0
0.285688,0
0.28541,0
0.28513,0
0.284847,0
0.284562,0
0.284274,0
0.283984,0
0.283691,0
0.283395,0
0.283097,0
0.282797,0
0.282494,0
0.282188,0
0.281879,0
0.281568,0
0.281255,0
0.280939,0
0.28062,0
0.280299,0
0.279975,0
0.279649,0
0.27932,0
0.278989,0
0.278654,0
0.278318,0
0.277979,0
0.277638,0
0.277294,0
0.276947,0
0.276598,0
0.276246,0
0.275892,0
0.275536,0
0.275176,0
0.274815,0
0.274451,0
0.274084,0
0.273715,0
0.273343,0
0.272969,0
0.272593,0
0.272214,0
0.271832,0
0.271448,0
0.271061,0
0.270673,0
0.270281,0
0.269888,0
0.269491,0
0.269092,0
0.268691,0
0.268288,0
0.267882,0
0.267473,0
0.267062,0
0.266648,0
0.266233,0
0.265815,0
0.265394,0
0.264971,0
0.264545,0
0.264117,0
0.263687,0
0.263255,0
0.262819,0
0.262382,0
0.261942,0
0.2615,0
0.261055,0
0.260608,0
0.260159,0
0.259707,0
0.259253,0
0.258797,0
0.258337,0
0.257876,0
0.257413,0
0.256947,0
0.256479,0
0.256008,0
0.255535,0
0.25506,0
0.254583,0
0.254103,0
0.253621,0
0.253136,0
0.25265,0
0.252161,0
0.25167,0
0.251176,0
0.25068,0
0.250182,0
0.249682,0
0.249179,0
0.248674,0
0.248166,0
0.247657,0
0.247145,0
0.246631,0
0.246115,0
0.245596,0
0.245076,0
0.244553,0
0.244028,0
0.243501,0
0.24297,0
0.242439,0
0.241905,0
0.241369,0
0.240831,0
0.240289,0
0.239747,0
0.239202,0
0.238655,0
0.238106,0
0.237554,0
0.237,0
0.236444,0
0.235887,0
0.235327,0
0.234765,0
0.2342,0
0.233633,0
0.233065,0
0.232494,0
0.231921,0
0.231346,0
0.230769,0
0.23019,0
0.229609,0
0.229026,0
0.228439,0
0.227852,0
0.227263,0
0.226671,0
0.226078,0
0.225481,0
0.224884,0
0.224284,0
0.223682,0
0.223078,0
0.222472,0
0.221864,0
0.221254,0
0.220642,0
0.220028,0
0.219411,0
0.218794,0
0.218174,0
0.217552,0
0.216928,0
0.216301,0
0.215674,0
0.215044,0
0.214412,0
0.213779,0
0.213142,0
0.212505,0
0.211865,0
0.211224,0
0.210581,0
0.209935,0
0.209287,0
0.208638,0
0.207987,0
0.207335,0
0.20668,0
0.206022,0
0.205364,0
0.204704,0
0.204042,0
0.203378,0
0.202711,0
0.202043,0
0.201373,0
0.200702,0
0.200029,0
0.199353,0
0.198676,0
0.197997,0
0.197317,0
0.196635,0
0.19595,0
0.195264,0
0.194576,0
0.193887,0
0.193196,0
0.192502,0
0.191807,0
0.191111,0
0.190413,0
0.189713,0
0.18901,0
0.188307,0
0.187602,0
0.186895,0
0.186187,0
0.185477,0
0.184764,0
0.184051,0
0.183336,0
0.182619,0
0.1819,0
0.181179,0
0.180457,0
0.179734,0
0.179009,0
0.178282,0
0.177553,0
0.176823,0
0.176092,0
0.175358,0
0.174624,0
0.173886,0
0.173148,0
0.172409,0
0.171668,0
0.170925,0
0.17018,0
0.169435,0
0.168687,0
0.167939,0
0.167188,0
0.166435,0
0.165682,0
0.164927,0
0.164171,0
0.163413,0
0.162653,0
0.161892,0
0.16113,0
0.160366,0
0.159601,0
0.158833,0
0.158065,0
0.157296,0
0.156525,0
0.155752,0
0.154978,0
0.154202,0
0.153426,0
0.152648,0
0.151868,0
0.151087,0
0.150304,0
0.149521,0
0.148736,0
0.14795,0
0.147162,0
0.146372,0
0.145582,0
0.14479,0
0.143997,0
0.143203,0
0.142407,0
0.14161,0
0.140812,0
0.140013,0
0.139212,0
0.138409,0
0.137606,0
0.136801,0
0.135996,0
0.135189,0
0.13438,0
0.13357,0
0.13276,0
0.131948,0
0.131135,0
0.13032,0
0.129504,0
0.128688,0
0.12787,0
0.127052,0
0.126232,0
0.125409,0
0.124587,0
0.123764,0
0.122939,0
0.122113,0
0.121285,0
0.120458,0
0.119629,0
0.118799,0
0.117967,0
0.117134,0
0.116301,0
0.115466,0
0.114631,0
0.113795,0
0.112956,0
0.112118,0
0.111278,0
0.110438,0
0.109596,0
0.108752,0
0.107909,0
0.107064,0
0.106219,0
0.105373,0
0.104524,0
0.103676,0
0.102826,0
0.101976,0
0.101125,0
0.100272,0
0.0994188,0
0.098565,0
0.0977102,0
0.0968546,0
0.0959968,0
0.0951394,0
0.0942811,0
0.093422,0
0.092562,0
0.0917012,0
0.0908383,0
0.0899758,0
0.0891126,0
0.0882485,0
0.0873836,0
0.0865166,0
0.0856501,0
0.0847828,0
0.0839148,0
0.083046,0
0.0821752,0
0.0813049,0
0.0804339,0
0.0795621,0
0.0786896,0
0.0778151,0
0.0769412,0
0.0760666,0
0.0751913,0
0.0743153,0
0.0734373,0
0.07256,0
0.071682,0
0.0708034,0
0.0699241,0
0.0690429,0
0.0681623,0
0.0672811,0
0.0663994,0
0.065517,0
0.0646327,0
0.0637491,0
0.062865,0
0.0619802,0
0.061095,0
0.0602091,0
0.0593214,0
0.0584345,0
0.057547,0
0.0566591,0
0.0557706,0
0.0548803,0
0.0539907,0
0.0531007,0
0.0522103,0
0.0513193,0
0.0504266,0
0.0495347,0
0.0486424,0
0.0477496,0
0.0468564,0
0.0459615,0
0.0450674,0
0.044173,0
0.0432781,0
0.0423828,0
0.0414859,0
0.0405899,0
0.0396935,0
0.0387967,0
0.0378996,0
0.0370009,0
0.0361031,0
0.035205,0
0.0343066,0
0.0334078,0
0.0325075,0
0.0316081,0
0.0307085,0
0.0298086,0
0.0289084,0
0.0280079,0
0.0271059,0
0.026205,0
0.0253038,0
0.0244024,0
0.0235008,0
0.0225976,0
0.0216956,0
0.0207933,0
0.0198909,0
0.0189882,0
0.0180841,0
0.0171812,0
0.0162781,0
0.0153748,0
0.0144714,0
0.0135665,0
0.0126629,0
0.0117591,0
0.0108552,0
0.00995126,0
0.00904587,0
0.00814172,0
0.0072375,0
0.00633321,0
0.00542886,0
0.00452315,0
0.00361871,0
0.00271424,0
0.00180974,0
0.000905227,0
-6.10915e-07,0
-0.000905132,0
-0.00180964,0
-0.00271414,0
-0.00361861,0
-0.00452437,0
-0.00542876,0
-0.00633311,0
-0.0072374,0
-0.00814163,0
-0.00904578,0
-0.00995116,0
-0.0108551,0
-0.011759,0
-0.0126628,0
-0.0135665,0
-0.0144713,0
-0.0153747,0
-0.016278,0
-0.0171811,0
-0.018084,0
-0.0189881,0
-0.0198908,0
-0.0207932,0
-0.0216955,0
-0.0225975,0
-0.0235007,0
-0.0244023,0
-0.0253037,0
-0.0262049,0
-0.0271058,0
-0.0280079,0
-0.0289083,0
-0.0298085,0
-0.0307084,0
-0.031608,0
-0.0325087,0
-0.0334077,0
-0.0343065,0
-0.0352049,0
-0.036103,0
-0.0370021,0
-0.0378995,0
-0.0387966,0
-0.0396934,0
-0.0405898,0
-0.0414858,0
-0.0423827,0
-0.043278,0
-0.0441729,0
-0.0450673,0
-0.0459614,0
-0.0468563,0
-0.0477495,0
-0.0486423,0
-0.0495346,0
-0.0504265,0
-0.0513192,0
-0.0522102,0
-0.0531007,0
-0.0539907,0
-0.0548802,0
-0.0557705,0
-0.056659,0
-0.0575469,0
-0.0584344,0
-0.0593213,0
-0.060209,0
-0.0610949,0
-0.0619802,0
-0.0628649,0
-0.063749,0
-0.0646339,0
-0.0655169,0
-0.0663993,0
-0.067281,0
-0.0681622,0
-0.0690441,0
-0.069924,0
-0.0708033,0
-0.0716819,0
-0.0725599,0
-0.0734385,0
-0.0743152,0
-0.0751912,0
-0.0760665,0
-0.0769411,0
-0.077815,0
-0.0786895,0
-0.079562,0
-0.0804338,0
-0.0813048,0
-0.0821751,0
-0.0830459,0
-0.0839147,0
-0.0847828,0
-0.08565,0
-0.0865165,0
-0.0873835,0
-0.0882484,0
-0.0891125,0
-0.0899758,0
-0.0908382,0
-0.0917011,0
-0.0925619,0
-0.0934219,0
-0.094281,0
-0.0951393,0
-0.0959979,0
-0.0968545,0
-0.0977101,0
-0.0985649,0
-0.0994187,0
-0.100273,0
-0.101125,0
-0.101976,0
-0.102826,0
-0.103676,0
-0.104525,0
-0.105372,0
-0.106219,0
-0.107064,0
-0.107909,0
-0.108752,0
-0.109596,0
-0.110438,0
-0.111278,0
-0.112118,0
-0.112956,0
-0.113795,0
-0.114631,0
-0.115466,0
-0.116301,0
-0.117134,0
-0.117967,0
-0.118799,0
-0.119629,0
-0.120457,0
-0.121285,0
-0.122113,0
-0.122939,0
-0.123763,0
-0.124587,0
-0.125409,0
-0.126231,0
-0.127051,0
-0.12787,0
-0.128688,0
-0.129504,0
-0.130321,0
-0.131135,0
-0.131948,0
-0.13276,0
-0.13357,0
-0.134381,0
-0.135189,0
-0.135996,0
-0.136801,0
-0.137606,0
-0.13841,0
-0.139212,0
-0.140012,0
-0.140812,0
-0.14161,0
-0.142407,0
-0.143203,0
-0.143997,0
-0.14479,0
-0.145582,0
-0.146372,0
-0.147162,0
-0.14795,0
-0.148736,0
-0.149521,0
-0.150304,0
-0.151087,0
-0.151868,0
-0.152648,0
-0.153425,0
-0.154202,0
-0.154978,0
-0.155752,0
-0.156525,0
-0.157295,0
-0.158065,0
-0.158834,0
-0.159601,0
-0.160366,0
-0.16113,0
-0.161892,0
-0.162654,0
-0.163413,0
-0.164171,0
-0.164927,0
-0.165682,0
-0.166436,0
-0.167188,0
-0.167939,0
-0.168687,0
-0.169434,0
-0.17018,0
-0.170925,0
-0.171668,0
-0.172409,0
-0.173148,0
-0.173886,0
-0.174624,0
-0.175358,0
-0.176091,0
-0.176823,0
-0.177553,0
-0.178282,0
-0.179009,0
-0.179734,0
-0.180457,0
-0.181179,0
-0.1819,0
-0.182619,0
-0.183335,0
-0.184051,0
-0.184764,0
-0.185477,0
-0.186187,0
-0.186895,0
-0.187602,0
-0.188307,0
-0.189011,0
-0.189713,0
-0.190413,0
-0.191111,0
-0.191807,0
-0.192503,0
-0.193196,0
-0.193887,0
-0.194576,0
-0.195264,0
-0.195951,0
-0.196635,0
-0.197317,0
-0.197997,0
-0.198676,0
-0.199353,0
-0.200029,0
-0.200702,0
-0.201373,0
-0.202043,0
-0.202711,0
-0.203377,0
-0.204041,0
-0.204704,0
-0.205364,0
-0.206022,0
-0.20668,0
-0.207335,0
-0.207987,0
-0.208638,0
-0.209287,0
-0.209935,0
-0.21058,0
-0.211224,0
-0.211865,0
-0.212505,0
-0.213143,0
-0.213779,0
-0.214412,0
-0.215044,0
-0.215674,0
-0.216302,0
-0.216928,0
-0.217552,0
-0.218174,0
-0.218794,0
-0.219412,0
-0.220028,0
-0.220642,0
-0.221254,0
-0.221864,0
-0.222472,0
-0.223078,0
-0.223682,0
-0.224284,0
-0.224883,0
-0.225481,0
-0.226078,0
-0.226671,0
-0.227263,0
-0.227852,0
-0.228439,0
-0.229026,0
-0.229609,0
-0.23019,0
-0.230769,0
-0.231346,0
-0.231921,0
-0.232494,0
-0.233065,0
-0.233633,0
-0.2342,0
-0.234765,0
-0.235327,0
-0.235887,0
-0.236444,0
-0.237,0
-0.237554,0
-0.238106,0
-0.238655,0
-0.239202,0
-0.239747,0
-0.24029,0
-0.24083,0
-0.241369,0
-0.241905,0
-0.242439,0
-0.24297,0
-0.243501,0
-0.244028,0
-0.244553,0
-0.245076,0
-0.245596,0
-0.246115,0
-0.246631,0
-0.247145,0
-0.247657,0
-0.248166,0
-0.248674,0
-0.249179,0
-0.249681,0
-0.250182,0
-0.25068,0
-0.251176,0
-0.25167,0
-0.252161,0
-0.25265,0
-0.253136,0
-0.253621,0
-0.254103,0
-0.254583,0
-0.25506,0
-0.255535,0
-0.256009,0
-0.256479,0
-0.256947,0
-0.257413,0
-0.257876,0
-0.258338,0
-0.258797,0
-0.259253,0
-0.259707,0
-0.260159,0
-0.260608,0
-0.261055,0
-0.2615,0
-0.261942,0
-0.262382,0
-0.262819,0
-0.263255,0
-0.263687,0
-0.264117,0
-0.264545,0
-0.26497,0
-0.265394,0
-0.265815,0
-0.266233,0
-0.266648,0
-0.267062,0
-0.267473,0
-0.267882,0
-0.268288,0
-0.268691,0
-0.269092,0
-0.269491,0
-0.269888,0
-0.270281,0
-0.270673,0
-0.271061,0
-0.271448,0
-0.271832,0
-0.272214,0
-0.272593,0
-0.272969,0
-0.273344,0
-0.273715,0
-0.274084,0
-0.274451,0
-0.274815,0
-0.275177,0
-0.275536,0
-0.275892,0
-0.276246,0
-0.276598,0
-0.276947,0
-0.277294,0
-0.277638,0
-0.277979,0
-0.278318,0
-0.278654,0
-0.278989,0
-0.27932,0
-0.279649,0
-0.279975,0
-0.280298,0
-0.28062,0
-0.280939,0
-0.281255,0
-0.281568,0
-0.281879,0
-0.282188,0
-0.282493,0
-0.282797,0
-0.283097,0
-0.283395,0
-0.283691,0
-0.283984,0
-0.284274,0
-0.284562,0
-0.284847,0
-0.28513,0
-0.28541,0
-0.285687,0
-0.285962,0
-0.286234,0
-0.286504,0
-0.286771,0
-0.287036,0
-0.287297,0
-0.287556,0
-0.287813,0
-0.288067,0
-0.288318,0
-0.288567,0
-0.288813,0
-0.289056,0
-0.289298,0
-0.289536,0
-0.289771,0
-0.290004,0
-0.290234,0
-0.290462,0
-0.290687,0
-0.290909,0
-0.291129,0
-0.291346,0
-0.291561,0
-0.291773,0
-0.291982,0
-0.292188,0
-0.292392,0
-0.292593,0
-0.292792,0
-0.292987,0
-0.29318,0
-0.293371,0
-0.293559,0
-0.293744,0
-0.293926,0
-0.294106,0
-0.294283,0
-0.294458,0
-0.29463,0
-0.294799,0
-0.294965,0
-0.295129,0
-0.29529,0
-0.295448,0
-0.295604,0
-0.295757,0
-0.295907,0
-0.296055,0
-0.2962,0
-0.296342,0
-0.296481,0
-0.296618,0
-0.296752,0
-0.296884,0
-0.297012,0
-0.297138,0
-0.297262,0
-0.297382,0
-0.2975,0
-0.297615,0
-0.297728,0
-0.297838,0
-0.297945,0
-0.298049,0
-0.298151,0
-0.29825,0
-0.298346,0
-0.29844,0
-0.29853,0
-0.298618,0
-0.298704,0
-0.298786,0
-0.298866,0
-0.298944,0
-0.299018,0
-0.29909,0
-0.299159,0
-0.299225,0
-0.299289,0
-0.29935,0
-0.299408,0
-0.299463,0
-0.299516,0
-0.299566,0
-0.299614,0
-0.299658,0
-0.2997,0
-0.299739,0
-0.299775,0
-0.299809,0
-0.29984,0
-0.299868,0
-0.299894,0
-0.299916,0
-0.299936,0
-0.299954,0
-0.299968,0
-0.29998,0
-0.299989,0
-0.299995,0
-0.299999,0
-0.3,0
-0.299998,0
-0.299994,0
-0.299986,0
-0.299976,0
-0.299964,0
-0.299948,0
-0.29993,0
-0.299909,0
-0.299885,0
-0.299859,0
-0.29983,0
-0.299798,0
-0.299764,0
-0.299726,0
-0.299686,0
-0.299643,0
-0.299598,0
-0.29955,0
-0.299499,0
-0.299445,0
-0.299389,0
-0.29933,0
-0.299268,0
-0.299204,0
-0.299136,0
-0.299066,0
-0.298994,0
-0.298918,0
-0.29884,0
-0.298759,0
-0.298676,0
-0.298589,0
-0.2985,0
-0.298409,0
-0.298314,0
-0.298217,0
-0.298117,0
-0.298015,0
-0.297909,0
-0.297801,0
-0.297691,0
-0.297577,0
-0.297461,0
-0.297342,0
-0.297221,0
-0.297097,0
-0.29697,0
-0.29684,0
-0.296708,0
-0.296573,0
-0.296435,0
-0.296295,0
-0.296152,0
-0.296006,0
-0.295857,0
-0.295706,0
-0.295552,0
-0.295396,0
-0.295236,0
-0.295074,0
-0.29491,0
-0.294743,0
-0.294573,0
-0.2944,0
-0.294224,0
-0.294046,0
-0.293866,0
-0.293683,0
-0.293497,0
-0.293308,0
-0.293116,0
-0.292922,0
-0.292726,0
-0.292526,0
-0.292324,0
-0.292119,0
-0.291912,0
-0.291702,0
-0.29149,0
-0.291274,0
-0.291056,0
-0.290836,0
-0.290612,0
-0.290387,0
-0.290158,0
-0.289927,0
-0.289693,0
-0.289457,0
-0.289218,0
-0.288976,0
-0.288731,0
-0.288484,0
-0.288235,0
-0.287983,0
-0.287728,0
-0.28747,0
-0.28721,0
-0.286948,0
-0.286683,0
-0.286415,0
-0.286144,0
-0.285871,0
-0.285595,0
-0.285317,0
-0.285036,0
-0.284752,0
-0.284466,0
-0.284178,0
-0.283887,0
-0.283593,0
-0.283296,0
-0.282997,0
-0.282696,0
-0.282392,0
-0.282085,0
-0.281776,0
-0.281464,0
-0.28115,0
-0.280833,0
-0.280513,0
-0.280191,0
-0.279866,0
-0.279539,0
-0.27921,0
-0.278878,0
-0.278542,0
-0.278205,0
-0.277865,0
-0.277523,0
-0.277178,0
-0.276831,0
-0.276481,0
-0.276129,0
-0.275774,0
-0.275416,0
-0.275056,0
-0.274694,0
-0.274329,0
-0.273961,0
-0.273592,0
-0.273219,0
-0.272844,0
-0.272467,0
-0.272087,0
-0.271705,0
-0.27132,0
-0.270932,0
-0.270542,0
-0.27015,0
-0.269756,0
-0.269359,0
-0.268959,0
-0.268557,0
-0.268152,0
-0.267746,0
-0.267336,0
-0.266924,0
-0.26651,0
-0.266094,0
-0.265675,0
-0.265253,0
-0.264829,0
-0.264403,0
-0.263974,0
-0.263543,0
-0.26311,0
-0.262673,0
-0.262235,0
-0.261795,0
-0.261352,0
-0.260907,0
-0.260458,0
-0.260008,0
-0.259556,0
-0.259101,0
-0.258644,0
-0.258185,0
-0.257722,0
-0.257258,0
-0.256791,0
-0.256323,0
-0.255851,0
-0.255377,0
-0.254901,0
-0.254423,0
-0.253943,0
-0.25346,0
-0.252974,0
-0.252487,0
-0.251997,0
-0.251505,0
-0.251011,0
-0.250514,0
-0.250015,0
-0.249514,0
-0.249011,0
-0.248505,0
-0.247997,0
-0.247487,0
-0.246974,0
-0.24646,0
-0.245943,0
-0.245423,0
-0.244902,0
-0.244378,0
-0.243852,0
-0.243324,0
-0.242793,0
-0.242261,0
-0.241726,0
-0.24119,0
-0.240651,0
-0.240109,0
-0.239565,0
-0.23902,0
-0.238472,0
-0.237922,0
-0.23737,0
-0.236815,0
-0.236259,0
-0.2357,0
-0.235139,0
-0.234577,0
-0.234011,0
-0.233444,0
-0.232875,0
-0.232303,0
-0.23173,0
-0.231154,0
-0.230576,0
-0.229996,0
-0.229415,0
-0.228831,0
-0.228244,0
-0.227656,0
-0.227066,0
-0.226473,0
-0.225879,0
-0.225282,0
-0.224684,0
-0.224083,0
-0.223481,0
-0.222876,0
-0.222269,0
-0.221661,0
-0.22105,0
-0.220438,0
-0.219823,0
-0.219206,0
-0.218587,0
-0.217967,0
-0.217344,0
-0.21672,0
-0.216093,0
-0.215464,0
-0.214833,0
-0.214201,0
-0.213567,0
-0.212931,0
-0.212292,0
-0.211652,0
-0.21101,0
-0.210366,0
-0.20972,0
-0.209071,0
-0.208421,0
-0.20777,0
-0.207116,0
-0.206461,0
-0.205803,0
-0.205144,0
-0.204483,0
-0.20382,0
-0.203156,0
-0.202488,0
-0.20182,0
-0.20115,0
-0.200478,0
-0.199804,0
-0.199127,0
-0.19845,0
-0.197771,0
-0.19709,0
-0.196407,0
-0.195721,0
-0.195035,0
-0.194347,0
-0.193657,0
-0.192965,0
-0.192271,0
-0.191575,0
-0.190878,0
-0.19018,0
-0.189479,0
-0.188777,0
-0.188072,0
-0.187367,0
-0.186659,0
-0.18595,0
-0.18524,0
-0.184526,0
-0.183812,0
-0.183097,0
-0.182379,0
-0.18166,0
-0.180939,0
-0.180216,0
-0.179492,0
-0.178767,0
-0.17804,0
-0.17731,0
-0.176579,0
-0.175847,0
-0.175114,0
-0.174378,0
-0.17364,0
-0.172902,0
-0.172162,0
-0.171421,0
-0.170677,0
-0.169932,0
-0.169186,0
-0.168438,0
-0.167689,0
-0.166938,0
-0.166184,0
-0.165431,0
-0.164675,0
-0.163918,0
-0.16316,0
-0.1624,0
-0.161638,0
-0.160875,0
-0.160111,0
-0.159345,0
-0.158578,0
-0.157809,0
-0.157039,0
-0.156267,0
-0.155494,0
-0.15472,0
-0.153943,0
-0.153166,0
-0.152388,0
-0.151608,0
-0.150827,0
-0.150043,0
-0.149259,0
-0.148474,0
-0.147687,0
-0.146899,0
-0.146109,0
-0.145318,0
-0.144526,0
-0.143733,0
-0.142938,0
-0.142141,0
-0.141344,0
-0.140545,0
-0.139746,0
-0.138945,0
-0.138141,0
-0.137338,0
-0.136533,0
-0.135727,0
-0.13492,0
-0.134111,0
-0.1333,0
-0.132489,0
-0.131677,0
-0.130864,0
-0.130049,0
-0.129232,0
-0.128415,0
-0.127597,0
-0.126778,0
-0.125958,0
-0.125135,0
-0.124312,0
-0.123489,0
-0.122664,0
-0.121838,0
-0.121009,0
-0.120181,0
-0.119352,0
-0.118522,0
-0.11769,0
-0.116856,0
-0.116023,0
-0.115188,0
-0.114352,0
-0.113516,0
-0.112677,0
-0.111838,0
-0.110998,0
-0.110157,0
-0.109315,0
-0.108471,0
-0.107627,0
-0.106783,0
-0.105937,0
-0.10509,0
-0.104241,0
-0.103393,0
-0.102543,0
-0.101692,0
-0.100841,0
-0.0999886,0
-0.0991341,0
-0.09828,0
-0.0974249,0
-0.096569,0
-0.0957122,0
-0.0948532,0
-0.0939947,0
-0.0931353,0
-0.092275,0
-0.0914139,0
-0.0905508,0
-0.089688,0
-0.0888245,0
-0.0879601,0
-0.0870949,0
-0.0862277,0
-0.085361,0
-0.0844934,0
-0.0836252,0
-0.0827561,0
-0.081885,0
-0.0810145,0
-0.0801432,0
-0.0792712,0
-0.0783985,0
-0.0775237,0
-0.0766496,0
-0.0757747,0
-0.0748992,0
-0.074023,0
-0.0731448,0
-0.0722673,0
-0.071389,0
-0.0705102,0
-0.0696307,0
-0.0687506,0
-0.0678685,0
-0.0669871,0
-0.0661051,0
-0.0652226,0
-0.0643394,0
-0.0634543,0
-0.06257,0
-0.0616851,0
-0.0607996,0
-0.0599136,0
-0.0590257,0
-0.0581386,0
-0.0572509,0
-0.0563628,0
-0.0554741,0
-0.0545837,0
-0.053694,0
-0.0528038,0
-0.0519132,0
-0.0510221,0
-0.0501292,0
-0.0492372,0
-0.0483447,0
-0.0474518,0
-0.0465584,0
-0.0456633,0
-0.0447692,0
-0.0438746,0
-0.0429796,0
-0.0420842,0
-0.0411871,0
-0.040291,0
-0.0393945,0
-0.0384976,0
-0.0376004,0
-0.0367028,0
-0.0358036,0
-0.0349054,0
-0.0340069,0
-0.033108,0
-0.0322089,0
-0.0313081,0
-0.0304084,0
-0.0295084,0
-0.0286081,0
-0.0277076,0
-0.0268055,0
-0.0259045,0
-0.0250032,0
-0.0241017,0
-0.0232,0
-0.0222968,0
-0.0213947,0
-0.0204924,0
-0.0195899,0
-0.0186872,0
-0.017783,0
-0.01688,0
-0.0159768,0
-0.0150735,0
-0.0141701,0
-0.0132652,0
-0.0123615,0
-0.0114577,0
-0.0105538,0
-0.00964976,0
-0.00874435,0
-0.00784017,0
-0.00693592,0
-0.00603161,0
-0.00512724,0
-0.00422152,0
-0.00331707,0
-0.00241258,0
-0.00150808,0
-0.000603566,0
0.000300956,0
0.00120679,0
0.0021113,0
0.00301579,0
0.00392025,0
0.00482468,0
0.00573037,0
0.0066347,0
0.00753897,0
0.00844317,0
0.0093473,0
0.0102527,0
0.0111566,0
0.0120604,0
0.0129642,0
0.0138678,0
0.0147726,0
0.015676,0
0.0165792,0
0.0174822,0
0.0183851,0
0.0192892,0
0.0201918,0
0.0210941,0
0.0219963,0
0.0228983,0
0.0238014,0
0.024703,0
0.0256043,0
0.0265054,0
0.0274063,0
0.0283082,0
0.0292085,0
0.0301086,0
0.0310085,0
0.031908,0
0.0328072,0
0.0337075,0
0.0346061,0
0.0355044,0
0.0364025,0
0.0373001,0
0.0381988,0
0.0390957,0
0.0399924,0
0.0408886,0
0.0417845,0
0.0426814,0
0.0435765,0
0.0444712,0
0.0453655,0
0.0462595,0
0.0471542,0
0.0480473,0
0.0489399,0
0.0498321,0
0.0507238,0
0.0516164,0
0.0525072,0
0.0533975,0
0.0542874,0
0.0551767,0
0.0560668,0
0.0569552,0
0.057843,0
0.0587303,0
0.059617,0
0.0605045,0
0.0613902,0
0.0622753,0
0.0631598,0
0.0640438,0
0.0649284,0
0.0658112,0
0.0666934,0
0.067575,0
0.068456,0
0.0693363,0
0.0702173,0
0.0710964,0
0.0719748,0
0.0728526,0
0.0737297,0
0.0746074,0
0.0754832,0
0.0763583,0
0.0772326,0
0.0781063,0
0.0789806,0
0.0798528,0
0.0807243,0
0.0815951,0
0.0824652,0
0.0833358,0
0.0842043,0
0.0850721,0
0.0859391,0
0.0868053,0
0.087672,0
0.0885366,0
0.0894005,0
0.0902635,0
0.0911257,0
0.0919883,0
0.0928488,0
0.0937085,0
0.0945674,0
0.0954253,0
0.0962837,0
0.0971399,0
0.0979953,0
0.0988497,0
0.0997033,0
0.100556,0
0.101409,0
0.10226,0
0.10311,0
0.103959,0
0.104807,0
0.105655,0
0.106501,0
0.107346,0
0.10819,0
0.109033,0
0.109877,0
0.110718,0
0.111558,0
0.112397,0
0.113235,0
0.114074,0
0.11491,0
0.115745,0
0.116579,0
0.117412,0
0.118245,0
0.119075,0
0.119905,0
0.120734,0
0.121561,0
0.122389,0
0.123214,0
0.124038,0
0.124861,0
0.125683,0
0.126505,0
0.127325,0
0.128143,0
0.12896,0
0.129776,0
0.130593,0
0.131406,0
0.132219,0
0.13303,0
0.13384,0
0.134649,0
0.135458,0
0.136264,0
0.13707,0
0.137874,0
0.138676,0
0.139479,0
0.140279,0
0.141078,0
0.141876,0
0.142672,0
0.143468,0
0.144262,0
0.145054,0
0.145845,0
0.146635,0
0.147425,0
0.148212,0
0.148998,0
0.149782,0
0.150565,0
0.151348,0
0.152128,0
0.152907,0
0.153685,0
0.154461,0
0.155237,0
0.15601,0
0.156782,0
0.157552,0
0.158321,0
0.15909,0
0.159856,0
0.160621,0
0.161384,0
0.162146,0
0.162906,0
0.163666,0
0.164423,0
0.165179,0
0.165933,0
0.166686,0
0.167439,0
0.168188,0
0.168937,0
0.169683,0
0.170428,0
0.171173,0
0.171915,0
0.172656,0
0.173395,0
0.174132,0
0.174869,0
0.175603,0
0.176336,0
0.177067,0
0.177796,0
0.178525,0
0.179251,0
0.179975,0
0.180698,0
0.181419,0
0.18214,0
0.182858,0
0.183574,0
0.184289,0
0.185002,0
0.185714,0
0.186423,0
0.187131,0
0.187837,0
0.188542,0
0.189246,0
0.189947,0
0.190646,0
0.191343,0
0.192039,0
0.192733,0
0.193426,0
0.194117,0
0.194806,0
0.195493,0
0.196178,0
0.196862,0
0.197544,0
0.198224,0
0.198902,0
0.199578,0
0.200253,0
0.200926,0
0.201597,0
0.202266,0
0.202933,0
0.203599,0
0.204262,0
0.204924,0
0.205584,0
0.206242,0
0.206898,0
0.207552,0
0.208205,0
0.208855,0
0.209503,0
0.210151,0
0.210795,0
0.211438,0
0.212079,0
0.212717,0
0.213355,0
0.21399,0
0.214623,0
0.215254,0
0.215883,0
0.21651,0
0.217136,0
0.217759,0
0.218381,0
0.219,0
0.219617,0
0.220233,0
0.220846,0
0.221457,0
0.222067,0
0.222674,0
0.22328,0
0.223883,0
0.224484,0
0.225083,0
0.22568,0
0.226276,0
0.226869,0
0.227459,0
0.228048,0
0.228635,0
0.22922,0
0.229803,0
0.230383,0
0.230961,0
0.231538,0
0.232113,0
0.232685,0
0.233255,0
0.233822,0
0.234388,0
0.234952,0
0.235514,0
0.236073,0
0.23663,0
0.237185,0
0.237738,0
0.238289,0
0.238837,0
0.239384,0
0.239928,0
0.24047,0
0.24101,0
0.241548,0
0.242083,0
0.242616,0
0.243147,0
0.243677,0
0.244203,0
0.244727,0
0.24525,0
0.245769,0
0.246288,0
0.246803,0
0.247316,0
0.247827,0
0.248336,0
0.248843,0
0.249347,0
0.249849,0
0.250348,0
0.250845,0
0.251341,0
0.251834,0
0.252324,0
0.252812,0
0.253298,0
0.253782,0
0.254264,0
0.254742,0
0.255219,0
0.255693,0
0.256166,0
0.256636,0
0.257103,0
0.257568,0
0.25803,0
0.258491,0
0.258949,0
0.259405,0
0.259858,0
0.260309,0
0.260757,0
0.261204,0
0.261648,0
0.262089,0
0.262528,0
0.262964,0
0.263399,0
0.263831,0
0.26426,0
0.264687,0
0.265112,0
0.265535,0
0.265954,0
0.266372,0
0.266787,0
0.267199,0
0.26761,0
0.268017,0
0.268422,0
0.268825,0
0.269225,0
0.269624,0
0.270019,0
0.270412,0
0.270803,0
0.271191,0
0.271577,0
0.27196,0
0.27234,0
0.272718,0
0.273094,0
0.273467,0
0.273838,0
0.274207,0
0.274572,0
0.274936,0
0.275296,0
0.275655,0
0.276011,0
0.276364,0
0.276714,0
0.277063,0
0.277409,0
0.277752,0
0.278092,0
0.27843,0
0.278766,0
0.279099,0
0.27943,0
0.279758,0
0.280083,0
0.280406,0
0.280727,0
0.281044,0
0.281359,0
0.281672,0
0.281982,0
0.28229,0
0.282595,0
0.282897,0
0.283197,0
0.283494,0
0.283789,0
0.284081,0
0.284371,0
0.284657,0
0.284942,0
0.285224,0
0.285503,0
0.285779,0
0.286053,0
0.286325,0
0.286593,0
0.28686,0
0.287123,0
0.287384,0
0.287642,0
0.287898,0
0.288151,0
0.288402,0
0.288649,0
0.288895,0
0.289137,0
0.289377,0
0.289615,0
0.289849,0
0.290081,0
0.290311,0
0.290538,0
0.290762,0
0.290983,0
0.291202,0
0.291418,0
0.291632,0
0.291843,0
0.292051,0
0.292256,0
0.292459,0
0.29266,0
0.292857,0
0.293052,0
0.293244,0
0.293434,0
0.293621,0
0.293805,0
0.293987,0
0.294165,0
0.294342,0
0.294515,0
0.294686,0
0.294854,0
0.29502,0
0.295183,0
0.295343,0
0.2955,0
0.295655,0
0.295807,0
0.295957,0
0.296103,0
0.296247,0
0.296389,0
0.296527,0
0.296663,0
0.296796,0
0.296927,0
0.297055,0
0.29718,0
0.297302,0
0.297422,0
0.297539,0
0.297653,0
0.297765,0
0.297874,0
0.29798,0
0.298083,0
0.298184,0
0.298282,0
0.298378,0
0.29847,0
0.29856,0
0.298647,0
0.298732,0
0.298813,0
0.298892,0
0.298969,0
0.299042,0
0.299113,0
0.299181,0
0.299247,0
0.29931,0
0.29937,0
0.299427,0
0.299481,0
0.299533,0
0.299582,0
0.299629,0
0.299672,0
0.299713,0
0.299751,0
0.299787,0
0.29982,0
0.29985,0
0.299877,0
0.299901,0
0.299923,0
0.299942,0
0.299959,0
0.299972,0
0.299983,0
0.299991,0
0.299997,0
0.3,0
0.3,0
0.299997,0
0.299991,0
0.299983,0
0.299972,0
0.299959,0
0.299942,0
0.299923,0
0.299901,0
0.299877,0
0.29985,0
0.29982,0
0.299787,0
0.299751,0
0.299713,0
0.299672,0
0.299629,0
0.299582,0
0.299533,0
0.299481,0
0.299427,0
0.29937,0
0.29931,0
0.299247,0
0.299181,0
0.299113,0
0.299042,0
0.298969,0
0.298893,0
0.298813,0
0.298732,0
0.298647,0
0.29856,0
0.29847,0
0.298377,0
0.298282,0
0.298184,0
0.298083,0
0.29798,0
0.297874,0
0.297765,0
0.297653,0
0.297539,0
0.297422,0
0.297302,0
0.29718,0
0.297055,0
0.296927,0
0.296796,0
0.296663,0
0.296527,0
0.296389,0
0.296247,0
0.296103,0
0.295957,0
0.295807,0
0.295655,0
0.2955,0
0.295343,0
0.295183,0
0.29502,0
0.294854,0
0.294686,0
0.294515,0
0.294342,0
0.294165,0
0.293987,0
0.293805,0
0.293621,0
0.293434,0
0.293244,0
0.293052,0
0.292857,0
0.292659,0
0.292459,0
0.292256,0
0.292051,0
0.291842,0
0.291632,0
0.291418,0
0.291202,0
0.290983,0
0.290762,0
0.290537,0
0.290311,0
0.290081,0
0.289849,0
0.289614,0
0.289377,0
0.289137,0
0.288895,0
0.288649,0
0.288402,0
0.288151,0
0.287898,0
0.287643,0
0.287384,0
0.287123,0
0.28686,0
0.286594,0
0.286325,0
0.286053,0
0.285779,0
0.285503,0
0.285224,0
0.284942,0
0.284657,0
0.284371,0
0.284081,0
0.283789,0
0.283494,0
0.283197,0
0.282897,0
0.282595,0
0.28229,0
0.281982,0
0.281672,0
0.281359,0
0.281044,0
0.280726,0
0.280406,0
0.280083,0
0.279758,0
0.27943,0
0.279099,0
0.278766,0
0.278431,0
0.278092,0
0.277752,0
0.277409,0
0.277063,0
0.276715,0
0.276364,0
0.27601,0
0.275655,0
0.275297,0
0.274936,0
0.274572,0
0.274206,0
0.273838,0
0.273468,0
0.273094,0
0.272718,0
0.27234,0
0.27196,0
0.271577,0
0.271191,0
0.270802,0
0.270412,0
0.270019,0
0.269624,0
0.269226,0
0.268825,0
0.268422,0
0.268017,0
0.267609,0
0.267199,0
0.266786,0
0.266371,0
0.265954,0
0.265534,0
0.265112,0
0.264687,0
0.26426,0
0.263831,0
0.263399,0
0.262965,0
0.262528,0
0.262089,0
0.261647,0
0.261204,0
0.260758,0
0.260309,0
0.259858,0
0.259404,0
0.258949,0
0.258491,0
0.258031,0
0.257568,0
0.257103,0
0.256635,0
0.256166,0
0.255694,0
0.255219,0
0.254742,0
0.254263,0
0.253782,0
0.253299,0
0.252812,0
0.252324,0
0.251834,0
0.251341,0
0.250846,0
0.250348,0
0.249848,0
0.249347,0
0.248842,0
0.248336,0
0.247827,0
0.247316,0
0.246803,0
0.246287,0
0.24577,0
0.24525,0
0.244727,0
0.244203,0
0.243676,0
0.243148,0
0.242617,0
0.242083,0
0.241548,0
0.24101,0
0.24047,0
0.239928,0
0.239384,0
0.238837,0
0.238289,0
0.237738,0
0.237185,0
0.23663,0
0.236073,0
0.235513,0
0.234952,0
0.234389,0
0.233822,0
0.233254,0
0.232684,0
0.232112,0
0.231538,0
0.230961,0
0.230383,0
0.229803,0
0.22922,0
0.228635,0
0.228048,0
0.227459,0
0.226868,0
0.226276,0
0.225681,0
0.225083,0
0.224484,0
0.223883,0
0.22328,0
0.222674,0
0.222067,0
0.221457,0
0.220846,0
0.220233,0
0.219618,0
0.219,0
0.21838,0
0.217759,0
0.217136,0
0.216511,0
0.215884,0
0.215254,0
0.214623,0
0.21399,0
0.213355,0
0.212718,0
0.212078,0
0.211438,0
0.210795,0
0.21015,0
0.209504,0
0.208855,0
0.208204,0
0.207552,0
0.206898,0
0.206242,0
0.205583,0
0.204924,0
0.204262,0
0.203599,0
0.202934,0
0.202266,0
0.201597,0
0.200926,0
0.200253,0
0.199579,0
0.198903,0
0.198224,0
0.197544,0
0.196862,0
0.196179,0
0.195493,0
0.194805,0
0.194117,0
0.193426,0
0.192734,0
0.19204,0
0.191343,0
0.190645,0
0.189946,0
0.189245,0
0.188543,0
0.187837,0
0.187131,0
0.186423,0
0.185714,0
0.185002,0
0.184288,0
0.183574,0
0.182858,0
0.18214,0
0.18142,0
0.180698,0
0.179975,0
0.179251,0
0.178524,0
0.177797,0
0.177066,0
0.176335,0
0.175603,0
0.174869,0
0.174133,0
0.173394,0
0.172655,0
0.171915,0
0.171173,0
0.170429,0
0.169684,0
0.168936,0
0.168188,0
0.167438,0
0.166687,0
0.165934,0
0.165179,0
0.164423,0
0.163666,0
0.162907,0
0.162147,0
0.161384,0
0.16062,0
0.159856,0
0.15909,0
0.158322,0
0.157552,0
0.156781,0
0.15601,0
0.155236,0
0.154462,0
0.153684,0
0.152907,0
0.152128,0
0.151348,0
0.150566,0
0.149782,0
0.148997,0
0.148212,0
0.147425,0
0.146636,0
0.145845,0
0.145054,0
0.144262,0
0.143468,0
0.142673,0
0.141877,0
0.141078,0
0.140279,0
0.139479,0
0.138677,0
0.137874,0
0.137069,0
0.136264,0
0.135458,0
0.13465,0
0.133841,0
0.13303,0
0.132218,0
0.131406,0
0.130592,0
0.129777,0
0.12896,0
0.128143,0
0.127324,0
0.126505,0
0.125684,0
0.124861,0
0.124038,0
0.123214,0
0.122388,0
0.121562,0
0.120733,0
0.119905,0
0.119075,0
0.118244,0
0.117413,0
0.116578,0
0.115744,0
0.114909,0
0.114073,0
0.113236,0
0.112397,0
0.111558,0
0.110718,0
0.109876,0
0.109034,0
0.108191,0
0.107346,0
0.106501,0
0.105655,0
0.104807,0
0.103959,0
0.103109,0
0.102259,0
0.101409,0
0.100557,0
0.0997042,0
0.0988494,0
0.0979949,0
0.0971396,0
0.0962833,0
0.0954262,0
0.094567,0
0.0937082,0
0.0928485,0
0.091988,0
0.0911266,0
0.0902631,0
0.0894001,0
0.0885363,0
0.0876716,0
0.0868062,0
0.0859387,0
0.0850717,0
0.0842039,0
0.0833354,0
0.0824661,0
0.0815948,0
0.080724,0
0.0798525,0
0.0789802,0
0.0781072,0
0.0772336,0
0.0763579,0
0.0754828,0
0.0746071,0
0.0737306,0
0.0728535,0
0.0719744,0
0.071096,0
0.0702169,0
0.0693372,0
0.0684569,0
0.0675746,0
0.066693,0
0.0658109,0
0.0649281,0
0.0640447,0
0.0631594,0
0.0622749,0
0.0613898,0
0.0605041,0
0.0596179,0
0.0587299,0
0.0578426,0
0.0569548,0
0.0560665,0
0.0551776,0
0.054287,0
0.0533972,0
0.0525068,0
0.051616,0
0.0507248,0
0.0498318,0
0.0489396,0
0.0480469,0
0.0471539,0
0.0462604,0
0.0453665,0
0.0444708,0
0.0435761,0
0.042681,0
0.0417855,0
0.0408896,0
0.039992,0
0.0390954,0
0.0381984,0
0.0373011,0
0.0364034,0
0.0355041,0
0.0346058,0
0.0337071,0
0.0328082,0
0.0319089,0
0.0310081,0
0.0301083,0
0.0292082,0
0.0283078,0
0.0274072,0
0.026505,0
0.0256039,0
0.0247026,0
0.023801,0
0.0228992,0
0.021996,0
0.0210938,0
0.0201914,0
0.0192888,0
0.0183861,0
0.0174819,0
0.0165788,0
0.0156756,0
0.0147722,0
0.0138687,0
0.0129638,0
0.0120601,0
0.0111562,0
0.0102523,0
0.00934825,0
0.00844412,0
0.00753861,0
0.00663434,0
0.00573001,0
0.00482562,0
0.0039212,0
0.00301542,0
0.00211093,0
0.00120642,0
0.000301904,0
-0.000602618,0
-0.00150845,0
-0.00241295,0
-0.00331743,0
-0.00422188,0
-0.0051263,0
-0.00603198,0
-0.00693629,0
-0.00784054,0
-0.00874471,0
-0.00964881,0
-0.0105541,0
-0.011458,0
-0.0123619,0
-0.0132656,0
-0.0141691,0
-0.0150739,0
-0.0159772,0
-0.0168804,0
-0.0177834,0
-0.0186862,0
-0.0195902,0
-0.0204927,0
-0.021395,0
-0.0222972,0
-0.0231991,0
-0.0241008,0
-0.0250036,0
-0.0259048,0
-0.0268059,0
-0.0277066,0
-0.0286072,0
-0.0295088,0
-0.0304088,0
-0.0313085,0
-0.0322079,0
-0.0331071,0
-0.0340072,0
-0.0349058,0
-0.035804,0
-0.0367019,0
-0.0375994,0
-0.038498,0
-0.0393948,0
-0.0402913,0
-0.0411875,0
-0.0420832,0
-0.0429799,0
-0.0438749,0
-0.0447695,0
-0.0456637,0
-0.0465575,0
-0.0474521,0
-0.048345,0
-0.0492375,0
-0.0501296,0
-0.0510211,0
-0.0519135,0
-0.0528042,0
-0.0536943,0
-0.054584,0
-0.0554732,0
-0.0563632,0
-0.0572513,0
-0.0581389,0
-0.0590261,0
-0.0599126,0
-0.0607987,0
-0.0616854,0
-0.0625703,0
-0.0634547,0
-0.0643384,0
-0.0652216,0
-0.0661055,0
-0.0669875,0
-0.0678689,0
-0.0687496,0
-0.0696298,0
-0.0705106,0
-0.0713894,0
-0.0722676,0
-0.0731452,0
-0.0740221,0
-0.0748996,0
-0.0757751,0
-0.0766499,0
-0.0775241,0
-0.0783975,0
-0.0792715,0
-0.0801436,0
-0.0810148,0
-0.0818854,0
-0.0827552,0
-0.0836255,0
-0.0844938,0
-0.0853613,0
-0.0862281,0
-0.087094,0
-0.0879604,0
-0.0888248,0
-0.0896884,0
-0.0905511,0
-0.091413,0
-0.0922741,0
-0.0931356,0
-0.093995,0
-0.0948536,0
-0.0957113,0
-0.0965681,0
-0.0974253,0
-0.0982803,0
-0.0991345,0
-0.0999878,0
-0.10084,0
-0.101693,0
-0.102543,0
-0.103393,0
-0.104241,0
-0.105089,0
-0.105937,0
-0.106783,0
-0.107628,0
-0.108472,0
-0.109314,0
-0.110157,0
-0.110998,0
-0.111838,0
-0.112677,0
-0.113515,0
-0.114353,0
-0.115188,0
-0.116023,0
-0.116857,0
-0.117689,0
-0.118522,0
-0.119352,0
-0.120182,0
-0.12101,0
-0.121837,0
-0.122664,0
-0.123489,0
-0.124313,0
-0.125135,0
-0.125957,0
-0.126777,0
-0.127598,0
-0.128416,0
-0.129233,0
-0.130048,0
-0.130863,0
-0.131677,0
-0.13249,0
-0.1333,0
-0.13411,0
-0.134919,0
-0.135727,0
-0.136533,0
-0.137338,0
-0.138142,0
-0.138944,0
-0.139746,0
-0.140546,0
-0.141344,0
-0.142141,0
-0.142937,0
-0.143733,0
-0.144526,0
-0.145318,0
-0.146109,0
-0.146898,0
-0.147687,0
-0.148474,0
-0.149259,0
-0.150043,0
-0.150826,0
-0.151608,0
-0.152388,0
-0.153167,0
-0.153944,0
-0.154719,0
-0.155494,0
-0.156267,0
-0.157039,0
-0.157809,0
-0.158577,0
-0.159345,0
-0.160111,0
-0.160876,0
-0.161638,0
-0.1624,0
-0.163159,0
-0.163919,0
-0.164676,0
-0.165431,0
-0.166185,0
-0.166937,0
-0.167689,0
-0.168438,0
-0.169186,0
-0.169932,0
-0.170677,0
-0.171421,0
-0.172162,0
-0.172902,0
-0.173641,0
-0.174378,0
-0.175114,0
-0.175848,0
-0.17658,0
-0.17731,0
-0.178039,0
-0.178767,0
-0.179493,0
-0.180217,0
-0.180939,0
-0.18166,0
-0.18238,0
-0.183097,0
-0.183813,0
-0.184527,0
-0.185239,0
-0.18595,0
-0.18666,0
-0.187367,0
-0.188072,0
-0.188776,0
-0.189478,0
-0.19018,0
-0.190879,0
-0.191576,0
-0.192271,0
-0.192964,0
-0.193657,0
-0.194347,0
-0.195035,0
-0.195721,0
-0.196406,0
-0.19709,0
-0.197771,0
-0.19845,0
-0.199128,0
-0.199803,0
-0.200478,0
-0.20115,0
-0.20182,0
-0.202488,0
-0.203155,0
-0.203821,0
-0.204483,0
-0.205144,0
-0.205803,0
-0.20646,0
-0.207117,0
-0.20777,0
-0.208422,0
-0.209071,0
-0.209719,0
-0.210365,0
-0.21101,0
-0.211652,0
-0.212292,0
-0.21293,0
-0.213566,0
-0.214201,0
-0.214834,0
-0.215464,0
-0.216092,0
-0.216719,0
-0.217344,0
-0.217967,0
-0.218587,0
-0.219206,0
-0.219822,0
-0.220438,0
-0.22105,0
-0.221661,0
-0.222269,0
-0.222876,0
-0.223481,0
-0.224084,0
-0.224684,0
-0.225282,0
-0.225879,0
-0.226474,0
-0.227066,0
-0.227656,0
-0.228244,0
-0.22883,0
-0.229415,0
-0.229997,0
-0.230576,0
-0.231154,0
-0.231729,0
-0.232303,0
-0.232875,0
-0.233444,0
-0.234011,0
-0.234576,0
-0.235139,0
-0.2357,0
-0.236259,0
-0.236815,0
-0.237369,0
-0.237921,0
-0.238472,0
-0.23902,0
-0.239565,0
-0.240109,0
-0.24065,0
-0.24119,0
-0.241727,0
-0.242261,0
-0.242794,0
-0.243324,0
-0.243852,0
-0.244378,0
-0.244902,0
-0.245423,0
-0.245942,0
-0.24646,0
-0.246974,0
-0.247487,0
-0.247997,0
-0.248505,0
-0.249011,0
-0.249514,0
-0.250015,0
-0.250514,0
-0.251011,0
-0.251506,0
-0.251998,0
-0.252487,0
-0.252975,0
-0.25346,0
-0.253942,0
-0.254424,0
-0.254902,0
-0.255377,0
-0.255851,0
-0.256322,0
-0.256792,0
-0.257258,0
-0.257722,0
-0.258184,0
-0.258644,0
-0.259101,0
-0.259556,0
-0.260008,0
-0.260458,0
-0.260906,0
-0.261352,0
-0.261795,0
-0.262236,0
-0.262674,0
-0.263109,0
-0.263543,0
-0.263974,0
-0.264403,0
-0.264829,0
-0.265253,0
-0.265675,0
-0.266094,0
-0.26651,0
-0.266924,0
-0.267336,0
-0.267746,0
-0.268153,0
-0.268557,0
-0.268959,0
-0.269358,0
-0.269755,0
-0.27015,0
-0.270543,0
-0.270932,0
-0.271319,0
-0.271704,0
-0.272087,0
-0.272467,0
-0.272844,0
-0.273219,0
-0.273591,0
-0.273962,0
-0.274329,0
-0.274694,0
-0.275056,0
-0.275416,0
-0.275774,0
-0.276129,0
-0.276481,0
-0.276831,0
-0.277178,0
-0.277523,0
-0.277866,0
-0.278205,0
-0.278543,0
-0.278877,0
-0.27921,0
-0.279539,0
-0.279866,0
-0.280191,0
-0.280513,0
-0.280833,0
-0.28115,0
-0.281464,0
-0.281776,0
-0.282085,0
-0.282392,0
-0.282696,0
-0.282997,0
-0.283296,0
-0.283593,0
-0.283886,0
-0.284178,0
-0.284467,0
-0.284753,0
-0.285036,0
-0.285317,0
-0.285595,0
-0.285871,0
-0.286144,0
-0.286414,0
-0.286682,0
-0.286948,0
-0.28721,0
-0.28747,0
-0.287728,0
-0.287983,0
-0.288235,0
-0.288485,0
-0.288731,0
-0.288976,0
-0.289217,0
-0.289457,0
-0.289693,0
-0.289927,0
-0.290158,0
-0.290386,0
-0.290613,0
-0.290836,0
-0.291056,0
-0.291274,0
-0.291489,0
-0.291702,0
-0.291912,0
-0.29212,0
-0.292324,0
-0.292526,0
-0.292725,0
-0.292922,0
-0.293116,0
-0.293308,0
-0.293496,0
-0.293682,0
-0.293866,0
-0.294047,0
-0.294225,0
-0.2944,0
-0.294573,0
-0.294742,0
-0.29491,0
-0.295075,0
-0.295236,0
-0.295396,0
-0.295552,0
-0.295706,0
-0.295857,0
-0.296006,0
-0.296152,0
-0.296295,0
-0.296435,0
-0.296573,0
-0.296708,0
-0.29684,0
-0.29697,0
-0.297097,0
-0.297221,0
-0.297342,0
-0.297461,0
-0.297577,0
-0.297691,0
-0.297801,0
-0.297909,0
-0.298015,0
-0.298117,0
-0.298217,0
-0.298314,0
-0.298409,0
-0.298501,0
-0.298589,0
-0.298676,0
-0.298759,0
-0.29884,0
-0.298918,0
-0.298994,0
-0.299066,0
-0.299136,0
-0.299204,0
-0.299268,0
-0.29933,0
-0.299389,0
-0.299445,0
-0.299499,0
-0.29955,0
-0.299598,0
-0.299644,0
-0.299686,0
-0.299726,0
-0.299764,0
-0.299798,0
-0.29983,0
-0.299859,0
-0.299885,0
-0.299909,0
-0.29993,0
-0.299948,0
-0.299964,0
-0.299976,0
-0.299986,0
-0.299994,0
-0.299998,0
-0.3,0
-0.299999,0
-0.299995,0
-0.299989,0
-0.29998,0
-0.299968,0
-0.299954,0
-0.299936,0
-0.299916,0
-0.299894,0
-0.299868,0
-0.29984,0
-0.299809,0
-0.299775,0
-0.299739,0
-0.2997,0
-0.299658,0
-0.299613,0
-0.299566,0
-0.299516,0
-0.299464,0
-0.299408,0
-0.29935,0
-0.299289,0
-0.299225,0
-0.299159,0
-0.29909,0
-0.299018,0
-0.298944,0
-0.298866,0
-0.298787,0
-0.298704,0
-0.298619,0
-0.29853,0
-0.298439,0
-0.298346,0
-0.29825,0
-0.298151,0
-0.298049,0
-0.297945,0
-0.297838,0
-0.297728,0
-0.297616,0
-0.2975,0
-0.297382,0
-0.297262,0
-0.297138,0
-0.297013,0
-0.296884,0
-0.296752,0
-0.296618,0
-0.296481,0
-0.296342,0
-0.2962,0
-0.296055,0
-0.295907,0
-0.295757,0
-0.295604,0
-0.295448,0
-0.29529,0
-0.295129,0
-0.294965,0
-0.294799,0
-0.29463,0
-0.294458,0
-0.294283,0
-0.294106,0
-0.293927,0
-0.293744,0
-0.293559,0
-0.293371,0
-0.29318,0
-0.292987,0
-0.292791,0
-0.292593,0
-0.292392,0
-0.292188,0
-0.291982,0
-0.291772,0
-0.29156,0
-0.291346,0
-0.291129,0
-0.29091,0
-0.290687,0
-0.290462,0
-0.290235,0
-0.290004,0
-0.289771,0
-0.289536,0
-0.289297,0
-0.289057,0
-0.288813,0
-0.288567,0
-0.288318,0
-0.288067,0
-0.287813,0
-0.287556,0
-0.287298,0
-0.287035,0
-0.286772,0
-0.286504,0
-0.286234,0
-0.285962,0
-0.285687,0
-0.28541,0
-0.28513,0
-0.284847,0
-0.284562,0
-0.284274,0
-0.283984,0
-0.283691,0
-0.283395,0
-0.283098,0
-0.282797,0
-0.282494,0
-0.282188,0
-0.281879,0
-0.281568,0
-0.281255,0
-0.280939,0
-0.28062,0
-0.280298,0
-0.279975,0
-0.279648,0
-0.27932,0
-0.278988,0
-0.278654,0
-0.278318,0
-0.277979,0
-0.277638,0
-0.277294,0
-0.276947,0
-0.276598,0
-0.276246,0
-0.275893,0
-0.275536,0
-0.275176,0
-0.274815,0
-0.27445,0
-0.274085,0
-0.273715,0
-0.273343,0
-0.272969,0
-0.272592,0
-0.272214,0
-0.271832,0
-0.271448,0
-0.271062,0
-0.270672,0
-0.270282,0
-0.269887,0
-0.269491,0
-0.269093,0
-0.268691,0
-0.268288,0
-0.267881,0
-0.267472,0
-0.267062,0
-0.266648,0
-0.266233,0
-0.265814,0
-0.265393,0
-0.264971,0
-0.264545,0
-0.264118,0
-0.263687,0
-0.263254,0
-0.262819,0
-0.262381,0
-0.261942,0
-0.2615,0
-0.261054,0
-0.260608,0
-0.260158,0
-0.259707,0
-0.259253,0
-0.258797,0
-0.258338,0
-0.257876,0
-0.257413,0
-0.256947,0
-0.25648,0
-0.256009,0
-0.255535,0
-0.255061,0
-0.254583,0
-0.254104,0
-0.253621,0
-0.253136,0
-0.25265,0
-0.252161,0
-0.25167,0
-0.251176,0
-0.25068,0
-0.250182,0
-0.249681,0
-0.249179,0
-0.248674,0
-0.248166,0
-0.247657,0
-0.247145,0
-0.246632,0
-0.246115,0
-0.245596,0
-0.245076,0
-0.244553,0
-0.244028,0
-0.2435,0
-0.24297,0
-0.242439,0
-0.241905,0
-0.241369,0
-0.24083,0
-0.240289,0
-0.239747,0
-0.239202,0
-0.238655,0
-0.238105,0
-0.237553,0
-0.237001,0
-0.236444,0
-0.235887,0
-0.235326,0
-0.234764,0
-0.2342,0
-0.233633,0
-0.233065,0
-0.232494,0
-0.23192,0
-0.231346,0
-0.230769,0
-0.23019,0
-0.229608,0
-0.229024,0
-0.22844,0
-0.227852,0
-0.227263,0
-0.226671,0
-0.226076,0
-0.225482,0
-0.224883,0
-0.224284,0
-0.223682,0
-0.223077,0
-0.222472,0
-0.221863,0
-0.221254,0
-0.220642,0
-0.220027,0
-0.219412,0
-0.218793,0
-0.218174,0
-0.217552,0
-0.216929,0
-0.216302,0
-0.215673,0
-0.215045,0
-0.214412,0
-0.213779,0
-0.213143,0
-0.212504,0
-0.211866,0
-0.211224,0
-0.210581,0
-0.209935,0
-0.209287,0
-0.208639,0
-0.207987,0
-0.207335,0
-0.20668,0
-0.206022,0
-0.205365,0
-0.204703,0
-0.204042,0
-0.203377,0
-0.20271,0
-0.202044,0
-0.201373,0
-0.200703,0
-0.200028,0
-0.199352,0
-0.198677,0
-0.197997,0
-0.197318,0
-0.196634,0
-0.195949,0
-0.195264,0
-0.194576,0
-0.193888,0
-0.193195,0
-0.192502,0
-0.191808,0
-0.191111,0
-0.190413,0
-0.189713,0
-0.18901,0
-0.188308,0
-0.187602,0
-0.186896,0
-0.186187,0
-0.185476,0
-0.184765,0
-0.18405,0
-0.183336,0
-0.182618,0
-0.181899,0
-0.18118,0
-0.180457,0
-0.179735,0
-0.179009,0
-0.178281,0
-0.177554,0
-0.176823,0
-0.176092,0
-0.175358,0
-0.174622,0
-0.173887,0
-0.173148,0
-0.17241,0
-0.171668,0
-0.170924,0
-0.170181,0
-0.169434,0
-0.168688,0
-0.167938,0
-0.167187,0
-0.166436,0
-0.165682,0
-0.164928,0
-0.164171,0
-0.163414,0
-0.162653,0
-0.161892,0
-0.16113,0
-0.160366,0
-0.159602,0
-0.158834,0
-0.158065,0
-0.157296,0
-0.156524,0
-0.155753,0
-0.154978,0
-0.154202,0
-0.153426,0
-0.152647,0
-0.151869,0
-0.151087,0
-0.150304,0
-0.149521,0
-0.148735,0
-0.14795,0
-0.147162,0
-0.146372,0
-0.145583,0
-0.14479,0
-0.143998,0
-0.143203,0
-0.142406,0
-0.141611,0
-0.140811,0
-0.140013,0
-0.139212,0
-0.138408,0
-0.137607,0
-0.136801,0
-0.135997,0
-0.135188,0
-0.134379,0
-0.133571,0
-0.132759,0
-0.131949,0
-0.131135,0
-0.130319,0
-0.129505,0
-0.128688,0
-0.127871,0
-0.127051,0
-0.12623,0
-0.12541,0
-0.124587,0
-0.123764,0
-0.122939,0
-0.122112,0
-0.121286,0
-0.120457,0
-0.119629,0
-0.118798,0
-0.117966,0
-0.117135,0
-0.1163,0
-0.115467,0
-0.114631,0
-0.113793,0
-0.112957,0
-0.112117,0
-0.111279,0
-0.110437,0
-0.109594,0
-0.108753,0
-0.107908,0
-0.107065,0
-0.106219,0
-0.105371,0
-0.104525,0
-0.103675,0
-0.102827,0
-0.101976,0
-0.101126,0
-0.100273,0
-0.0994184,0
-0.0985658,0
-0.0977098,0
-0.0968554,0
-0.0959976,0
-0.0951389,0
-0.0942819,0
-0.0934216,0
-0.0925628,0
-0.0917008,0
-0.0908379,0
-0.0899767,0
-0.0891121,0
-0.0882493,0
-0.0873831,0
-0.0865161,0
-0.0856509,0
-0.0847824,0
-0.0839156,0
-0.0830456,0
-0.0821748,0
-0.0813057,0
-0.0804334,0
-0.0795629,0
-0.0786892,0
-0.0778147,0
-0.076942,0
-0.0760661,0
-0.0751921,0
-0.0743148,0
-0.0734369,0
-0.0725608,0
-0.0716816,0
-0.0708042,0
-0.0699236,0
-0.0690424,0
-0.0681631,0
-0.0672807,0
-0.0664002,0
-0.0655165,0
-0.0646322,0
-0.06375,0
-0.0628645,0
-0.0619811,0
-0.0610945,0
-0.0602074,0
-0.0593223,0
-0.058434,0
-0.0575479,0
-0.0566586,0
-0.0557688,0
-0.0548811,0
-0.0539903,0
-0.0531016,0
-0.0522098,0
-0.0513176,0
-0.0504274,0
-0.0495343,0
-0.0486432,0
-0.0477492,0
-0.0468546,0
-0.0459623,0
-0.045067,0
-0.0441738,0
-0.0432776,0
-0.0423811,0
-0.0414867,0
-0.0405894,0
-0.0396943,0
-0.0387963,0
-0.0378979,0
-0.0370017,0
-0.0361026,0
-0.0352058,0
-0.0343061,0
-0.0334087,0
-0.0325083,0
-0.0316077,0
-0.0307093,0
-0.0298081,0
-0.0289092,0
-0.0280075,0
-0.0271055,0
-0.0262058,0
-0.0253034,0
-0.0244033,0
-0.0235003,0
-0.0225971,0
-0.0216964,0
-0.0207928,0
-0.0198917,0
-0.0189878,0
-0.0180837,0
-0.017182,0
-0.0162776,0
-0.0153756,0
-0.0144709,0
-0.0135661,0
-0.0126637,0
-0.0117587,0
-0.0108561,0
-0.0099508,0
-0.00904541,0
-0.00814258,0
-0.00723703,0
-0.00633406,0
-0.0054284,0
-0.00452268,0
-0.00361956,0
-0.00271377,0
-0.00181059,0
-0.000904763,0
1.07437e-06,0
0.000904279,0
0.00181011,0
0.00271329,0
0.00361908,0
0.00452483,0
0.00542791,0
0.00633358,0
0.00723655,0
0.00814209,0
0.00904756,0
0.00995031,0
0.0108556,0
0.0117582,0
0.0126633,0
0.0135682,0
0.0144704,0
0.0153752,0
0.0162771,0
0.0171815,0
0.0180858,0
0.0189873,0
0.0198912,0
0.0207924,0
0.0216959,0
0.0225993,0
0.0234998,0
0.0244028,0
0.0253029,0
0.0262054,0
0.0271076,0
0.028007,0
0.0289088,0
0.0298076,0
0.0307088,0
0.0316098,0
0.0325078,0
0.0334082,0
0.0343056,0
0.0352053,0
0.0361022,0
0.0370012,0
0.0379,0
0.0387958,0
0.0396938,0
0.0405889,0
0.0414863,0
0.0423832,0
0.0432772,0
0.0441733,0
0.0450665,0
0.0459618,0
0.0468568,0
0.0477487,0
0.0486427,0
0.0495338,0
0.050427,0
0.0513197,0
0.0522093,0
0.0531011,0
0.0539898,0
0.0548806,0
0.0557709,0
0.0566581,0
0.0575474,0
0.0584336,0
0.0593218,0
0.0602095,0
0.061094,0
0.0619806,0
0.062864,0
0.0637495,0
0.0646343,0
0.065516,0
0.0663997,0
0.0672802,0
0.0681627,0
0.0690445,0
0.0699232,0
0.0708037,0
0.0716811,0
0.0725604,0
0.073439,0
0.0743144,0
0.0751916,0
0.0760657,0
0.0769416,0
0.0778167,0
0.0786887,0
0.0795624,0
0.0804329,0
0.0813053,0
0.0821768,0
0.0830451,0
0.0839152,0
0.0847819,0
0.0856505,0
0.0865182,0
0.0873826,0
0.0882488,0
0.0891116,0
0.0899762,0
0.0908399,0
0.0917003,0
0.0925624,0
0.0934211,0
0.0942815,0
0.095141,0
0.0959971,0
0.0968549,0
0.0977093,0
0.0985653,0
0.0994179,0
0.100272,0
0.101125,0
0.101975,0
0.102827,0
0.103675,0
0.104524,0
0.105373,0
0.106218,0
0.107065,0
0.107908,0
0.108753,0
0.109596,0
0.110437,0
0.111278,0
0.112117,0
0.112956,0
0.113795,0
0.11463,0
0.115467,0
0.1163,0
0.117134,0
0.117968,0
0.118798,0
0.119629,0
0.120457,0
0.121286,0
0.122114,0
0.122938,0
0.123764,0
0.124586,0
0.12541,0
0.126232,0
0.127051,0
0.127871,0
0.128687,0
0.129505,0
0.130321,0
0.131134,0
0.131948,0
0.132759,0
0.133571,0
0.134381,0
0.135188,0
0.135996,0
0.136801,0
0.137606,0
0.13841,0
0.139211,0
0.140013,0
0.140811,0
0.14161,0
0.142408,0
0.143202,0
0.143998,0
0.14479,0
0.145582,0
0.146374,0
0.147161,0
0.14795,0
0.148735,0
0.149521,0
0.150306,0
0.151087,0
0.151869,0
0.152647,0
0.153426,0
0.154204,0
0.154978,0
0.155753,0
0.156524,0
0.157296,0
0.158066,0
0.158833,0
0.159601,0
0.160365,0
0.16113,0
0.161891,0
0.162653,0
0.163413,0
0.16417,0
0.164928,0
0.165681,0
0.166436,0
0.167189,0
0.167938,0
0.168688,0
0.169434,0
0.170181,0
0.170926,0
0.171667,0
0.172409,0
0.173148,0
0.173887,0
0.174624,0
0.175358,0
0.176092,0
0.176822,0
0.177553,0
0.178283,0
0.179008,0
0.179734,0
0.180457,0
0.181179,0
0.181901,0
0.182618,0
0.183336,0
0.18405,0
0.184764,0
0.185477,0
0.186186,0
0.186896,0
0.187601,0
0.188307,0
0.189012,0
0.189712,0
0.190413,0
0.19111,0
0.191808,0
0.192503,0
0.193195,0
0.193887,0
0.194576,0
0.195264,0
0.195951,0
0.196634,0
0.197317,0
0.197997,0
0.198676,0
0.199354,0
0.200028,0
0.200702,0
0.201373,0
0.202043,0
0.202712,0
0.203377,0
0.204042,0
0.204703,0
0.205364,0
0.206024,0
0.206679,0
0.207335,0
0.207987,0
0.208639,0
0.209289,0
0.209935,0
0.210581,0
0.211223,0
0.211865,0
0.212506,0
0.213142,0
0.213779,0
0.214412,0
0.215044,0
0.215673,0
0.216302,0
0.216928,0
0.217551,0
0.218174,0
0.218793,0
0.219412,0
0.220028,0
0.220641,0
0.221254,0
0.221863,0
0.222472,0
0.223079,0
0.223681,0
0.224284,0
0.224883,0
0.225481,0
0.226078,0
0.226671,0
0.227263,0
0.227851,0
0.22844,0
0.229026,0
0.229608,0
0.23019,0
0.230768,0
0.231346,0
0.231922,0
0.232494,0
0.233065,0
0.233633,0
0.2342,0
0.234765,0
0.235326,0
0.235887,0
0.236444,0
0.237,0
0.237555,0
0.238105,0
0.238655,0
0.239201,0
0.239747,0
0.24029,0
0.24083,0
0.241369,0
0.241904,0
0.242439,0
0.242971,0
0.2435,0
0.244028,0
0.244552,0
0.245076,0
0.245597,0
0.246115,0
0.246632,0
0.247145,0
0.247657,0
0.248167,0
0.248674,0
0.249179,0
0.249681,0
0.250182,0
0.250681,0
0.251176,0
0.25167,0
0.25216,0
0.25265,0
0.253137,0
0.253621,0
0.254104,0
0.254583,0
0.255061,0
0.255536,0
0.256008,0
0.256479,0
0.256947,0
0.257413,0
0.257876,0
0.258338,0
0.258797,0
0.259253,0
0.259707,0
0.260158,0
0.260608,0
0.261056,0
0.261499,0
0.261942,0
0.262381,0
0.262819,0
0.263255,0
0.263687,0
0.264118,0
0.264545,0
0.264971,0
0.265394,0
0.265814,0
0.266233,0
0.266648,0
0.267062,0
0.267473,0
0.267881,0
0.268288,0
0.268691,0
0.269092,0
0.269492,0
0.269887,0
0.270282,0
0.270672,0
0.271062,0
0.271449,0
0.271832,0
0.272214,0
0.272592,0
0.272969,0
0.273344,0
0.273715,0
0.274084,0
0.27445,0
0.274815,0
0.275177,0
0.275535,0
0.275892,0
0.276246,0
0.276598,0
0.276947,0
0.277293,0
0.277638,0
0.277979,0
0.278318,0
0.278655,0
0.278988,0
0.27932,0
0.279648,0
0.279975,0
0.280299,0
0.28062,0
0.280939,0
0.281254,0
0.281568,0
0.28188,0
0.282187,0
0.282494,0
0.282796,0
0.283097,0
0.283396,0
0.283691,0
0.283984,0
0.284274,0
0.284562,0
0.284848,0
0.28513,0
0.28541,0
0.285687,0
0.285962,0
0.286234,0
0.286504,0
0.286771,0
0.287035,0
0.287297,0
0.287556,0
0.287813,0
0.288067,0
0.288318,0
0.288567,0
0.288813,0
0.289057,0
0.289298,0
0.289536,0
0.289771,0
0.290004,0
0.290234,0
0.290462,0
0.290687,0
0.29091,0
0.291129,0
0.291346,0
0.291561,0
0.291772,0
0.291982,0
0.292188,0
0.292392,0
0.292593,0
0.292791,0
0.292987,0
0.29318,0
0.293371,0
0.293559,0
0.293744,0
0.293926,0
0.294106,0
0.294283,0
0.294458,0
0.294629,0
0.294799,0
0.294965,0
0.295129,0
0.29529,0
0.295448,0
0.295604,0
0.295757,0
0.295907,0
0.296055,0
0.2962,0
0.296342,0
0.296481,0
0.296618,0
0.296752,0
0.296884,0
0.297013,0
0.297138,0
0.297262,0
0.297383,0
0.2975,0
0.297616,0
0.297728,0
0.297838,0
0.297945,0
0.298049,0
0.298151,0
0.29825,0
0.298346,0
0.29844,0
0.29853,0
0.298619,0
0.298704,0
0.298787,0
0.298867,0
0.298944,0
0.299018,0
0.29909,0
0.299159,0
0.299225,0
0.299289,0
0.29935,0
0.299408,0
0.299464,0
0.299516,0
0.299566,0
0.299614,0
0.299658,0
0.2997,0
0.299739,0
0.299775,0
0.299809,0
0.29984,0
0.299868,0
0.299894,0
0.299916,0
0.299936,0
0.299954,0
0.299968,0
0.29998,0
0.299989,0
0.299995,0
0.299999,0
0.3,0
0.299998,0
0.299994,0
0.299986,0
0.299976,0
0.299964,0
0.299948,0
0.29993,0
0.299909,0
0.299885,0
0.299859,0
0.29983,0
0.299798,0
0.299763,0
0.299726,0
0.299686,0
0.299644,0
0.299598,0
0.29955,0
0.299499,0
0.299445,0
0.299389,0
0.29933,0
0.299268,0
0.299204,0
0.299136,0
0.299066,0
0.298994,0
0.298918,0
0.29884,0
0.298759,0
0.298676,0
0.298589,0
0.2985,0
0.298409,0
0.298314,0
0.298217,0
0.298117,0
0.298015,0
0.297909,0
0.297801,0
0.297691,0
0.297577,0
0.297461,0
0.297343,0
0.297221,0
0.297097,0
0.29697,0
0.29684,0
0.296708,0
0.296573,0
0.296435,0
0.296295,0
0.296152,0
0.296006,0
0.295857,0
0.295706,0
0.295552,0
0.295396,0
0.295236,0
0.295074,0
0.29491,0
0.294742,0
0.294573,0
0.2944,0
0.294224,0
0.294047,0
0.293866,0
0.293683,0
0.293496,0
0.293308,0
0.293117,0
0.292922,0
0.292726,0
0.292526,0
0.292324,0
0.29212,0
0.291912,0
0.291702,0
0.29149,0
0.291274,0
0.291056,0
0.290836,0
0.290613,0
0.290387,0
0.290158,0
0.289927,0
0.289693,0
0.289457,0
0.289218,0
0.288976,0
0.288732,0
0.288484,0
0.288235,0
0.287983,0
0.287728,0
0.287471,0
0.28721,0
0.286948,0
0.286682,0
0.286414,0
0.286144,0
0.285871,0
0.285596,0
0.285317,0
0.285036,0
0.284753,0
0.284466,0
0.284178,0
0.283887,0
0.283592,0
0.283296,0
0.282997,0
0.282696,0
0.282392,0
0.282085,0
0.281776,0
0.281464,0
0.28115,0
0.280833,0
0.280513,0
0.280191,0
0.279866,0
0.27954,0
0.27921,0
0.278877,0
0.278543,0
0.278205,0
0.277866,0
0.277523,0
0.277179,0
0.276831,0
0.276481,0
0.276129,0
0.275773,0
0.275417,0
0.275056,0
0.274693,0
0.274329,0
0.273961,0
0.273592,0
0.273219,0
0.272844,0
0.272467,0
0.272087,0
0.271705,0
0.27132,0
0.270932,0
0.270543,0
0.27015,0
0.269756,0
0.269359,0
0.268959,0
0.268557,0
0.268152,0
0.267746,0
0.267336,0
0.266924,0
0.26651,0
0.266093,0
0.265675,0
0.265253,0
0.264829,0
0.264403,0
0.263974,0
0.263544,0
0.26311,0
0.262673,0
0.262236,0
0.261795,0
0.261352,0
0.260906,0
0.260458,0
0.260009,0
0.259556,0
0.259102,0
0.258644,0
0.258184,0
0.257722,0
0.257258,0
0.256792,0
0.256322,0
0.255851,0
0.255378,0
0.254901,0
0.254424,0
0.253943,0
0.253459,0
0.252975,0
0.252487,0
0.251998,0
0.251505,0
0.25101,0
0.250514,0
0.250015,0
0.249515,0
0.249011,0
0.248504,0
0.247997,0
0.247486,0
0.246975,0
0.246459,0
0.245942,0
0.245423,0
0.244901,0
0.244379,0
0.243852,0
0.243325,0
0.242794,0
0.242261,0
0.241727,0
0.241189,0
0.240651,0
0.240109,0
0.239565,0
0.23902,0
0.238472,0
0.237923,0
0.23737,0
0.236815,0
0.236259,0
0.2357,0
0.23514,0
0.234576,0
0.234011,0
0.233444,0
0.232874,0
0.232304,0
0.23173,0
0.231153,0
0.230577,0
0.229996,0
0.229415,0
0.22883,0
0.228244,0
0.227656,0
0.227065,0
0.226474,0
0.225879,0
0.225282,0
0.224684,0
0.224083,0
0.223481,0
0.222876,0
0.222269,0
0.221661,0
0.22105,0
0.220438,0
0.219823,0
0.219205,0
0.218588,0
0.217966,0
0.217345,0
0.216719,0
0.216092,0
0.215464,0
0.214833,0
0.214202,0
0.213567,0
0.212929,0
0.212292,0
0.211651,0
0.21101,0
0.210365,0
0.209718,0
0.209072,0
0.208421,0
0.207771,0
0.207116,0
0.20646,0
0.205804,0
0.205144,0
0.204484,0
0.20382,0
0.203154,0
0.202489,0
0.20182,0
0.20115,0
0.200477,0
0.199805,0
0.199128,0
0.19845,0
0.197771,0
0.197089,0
0.196407,0
0.195722,0
0.195034,0
0.194347,0
0.193656,0
0.192966,0
0.192271,0
0.191575,0
0.190879,0
0.190179,0
0.18948,0
0.188777,0
0.188072,0
0.187367,0
0.186659,0
0.185951,0
0.185239,0
0.184526,0
0.183813,0
0.183096,0
0.18238,0
0.18166,0
0.180938,0
0.180217,0
0.179492,0
0.178767,0
0.178039,0
0.177309,0
0.17658,0
0.175847,0
0.175114,0
0.174378,0
0.17364,0
0.172903,0
0.172162,0
0.171421,0
0.170677,0
0.169931,0
0.169186,0
0.168437,0
0.167689,0
0.166937,0
0.166184,0
0.165431,0
0.164675,0
0.163919,0
0.16316,0
0.162399,0
0.161639,0
0.160875,0
0.160112,0
0.159345,0
0.158577,0
0.157809,0
0.157038,0
0.156268,0
0.155494,0
0.154719,0
0.153944,0
0.153166,0
0.152389,0
0.151608,0
0.150825,0
0.150044,0
0.149259,0
0.148475,0
0.147687,0
0.146898,0
0.146109,0
0.145318,0
0.144527,0
0.143732,0
0.142939,0
0.142142,0
0.141344,0
0.140546,0
0.139745,0
0.138945,0
0.138142,0
0.137337,0
0.136534,0
0.135726,0
0.13492,0
0.134111,0
0.1333,0
0.13249,0
0.131677,0
0.130865,0
0.130049,0
0.129232,0
0.128416,0
0.127597,0
0.126779,0
0.125957,0
0.125135,0
0.124313,0
0.123488,0
0.122665,0
0.121837,0
0.121009,0
0.120182,0
0.119351,0
0.118522,0
0.11769,0
0.116856,0
0.116023,0
0.115188,0
0.114353,0
0.113515,0
0.112676,0
0.111839,0
0.110997,0
0.110158,0
0.109315,0
0.108471,0
0.107628,0
0.106782,0
0.105938,0
0.10509,0
0.104241,0
0.103393,0
0.102542,0
0.101693,0
0.100841,0
0.099987,0
0.099135,0
0.0982795,0
0.0974257,0
0.0965686,0
0.0957105,0
0.094854,0
0.0939943,0
0.0931361,0
0.0922746,0
0.0914122,0
0.0905516,0
0.0896876,0
0.0888253,0
0.0879596,0
0.0870932,0
0.0862285,0
0.0853605,0
0.0844943,0
0.0836247,0
0.0827544,0
0.0818859,0
0.081014,0
0.080144,0
0.0792707,0
0.0783993,0
0.0775246,0
0.0766491,0
0.0757756,0
0.0748988,0
0.0740238,0
0.0731457,0
0.0722668,0
0.0713899,0
0.0705097,0
0.0696315,0
0.0687501,0
0.0678681,0
0.066988,0
0.0661047,0
0.0652234,0
0.0643389,0
0.0634539,0
0.0625708,0
0.0616846,0
0.0608004,0
0.0599131,0
0.0590252,0
0.0581394,0
0.0572505,0
0.0563636,0
0.0554737,0
0.0545832,0
0.0536948,0
0.0528034,0
0.051914,0
0.0510216,0
0.0501287,0
0.049238,0
0.0483442,0
0.0474526,0
0.046558,0
0.0456629,0
0.04477,0
0.0438741,0
0.0429804,0
0.0420837,0
0.0411866,0
0.0402918,0
0.039394,0
0.0384984,0
0.0375999,0
0.036701,0
0.0358045,0
0.0349049,0
0.0340077,0
0.0331075,0
0.0322071,0
0.031309,0
0.0304079,0
0.0295092,0
0.0286077,0
0.0277058,0
0.0268063,0
0.025904,0
0.0250041,0
0.0241013,0
0.0231982,0
0.0222976,0
0.0213942,0
0.0204932,0
0.0195894,0
0.0186854,0
0.0177839,0
0.0168795,0
0.0159777,0
0.0150731,0
0.0141683,0
0.013266,0
0.012361,0
0.0114585,0
0.0105533,0
0.00965061,0
0.0087452,0
0.0078397,0
0.00693677,0
0.00603115,0
0.0051281,0
0.00422237,0
0.0033166,0
0.00241344,0
0.00150762,0
0.000604419,0
-0.00030142,0
-0.00120726,0
-0.00211045,0
-0.00301625,0
-0.0039194,0
-0.00482514,0
-0.00573084,0
-0.00663385,0
-0.00753944,0
-0.00844232,0
-0.00934776,0
-0.0102531,0
-0.0111557,0
-0.0120609,0
-0.0129633,0
-0.0138683,0
-0.0147731,0
-0.0156751,0
-0.0165796,0
-0.0174814,0
-0.0183856,0
-0.0192897,0
-0.0201909,0
-0.0210946,0
-0.0219955,0
-0.0228988,0
-0.0238019,0
-0.0247021,0
-0.0256048,0
-0.0265045,0
-0.0274067,0
-0.0283086,0
-0.0292077,0
-0.0301091,0
-0.0310076,0
-0.0319084,0
-0.032809,0
-0.0337066,0
-0.0346066,0
-0.0355036,0
-0.0364029,0
-0.0373019,0
-0.0381979,0
-0.0390962,0
-0.0399915,0
-0.0408891,0
-0.0417863,0
-0.0426805,0
-0.0435769,0
-0.0444704,0
-0.045366,0
-0.0462612,0
-0.0471534,0
-0.0480478,0
-0.0489391,0
-0.0498326,0
-0.0507256,0
-0.0516156,0
-0.0525077,0
-0.0533967,0
-0.0542878,0
-0.0551785,0
-0.056066,0
-0.0569556,0
-0.0578421,0
-0.0587307,0
-0.0596162,0
-0.0605037,0
-0.0613906,0
-0.0622744,0
-0.0631603,0
-0.0640429,0
-0.0649276,0
-0.0658117,0
-0.0666926,0
-0.0675754,0
-0.0684551,0
-0.0693368,0
-0.0702178,0
-0.0710955,0
-0.0719753,0
-0.0728518,0
-0.0737301,0
-0.0746079,0
-0.0754824,0
-0.0763587,0
-0.0772318,0
-0.0781068,0
-0.078981,0
-0.079852,0
-0.0807248,0
-0.0815943,0
-0.0824656,0
-0.0833362,0
-0.0842035,0
-0.0850725,0
-0.0859383,0
-0.0868057,0
-0.0876724,0
-0.0885358,0
-0.0894009,0
-0.0902627,0
-0.0911261,0
-0.0919887,0
-0.092848,0
-0.093709,0
-0.0945665,0
-0.0954258,0
-0.0962841,0
-0.0971391,0
-0.0979957,0
-0.0988489,0
-0.0997037,0
-0.100558,0
-0.101408,0
-0.10226,0
-0.103109,0
-0.103959,0
-0.104808,0
-0.105654,0
-0.106501,0
-0.107345,0
-0.108191,0
-0.109035,0
-0.109876,0
-0.110718,0
-0.111557,0
-0.112398,0
-0.113237,0
-0.114073,0
-0.11491,0
-0.115744,0
-0.116579,0
-0.117413,0
-0.118244,0
-0.119076,0
-0.119904,0
-0.120734,0
-0.121563,0
-0.122388,0
-0.123214,0
-0.124037,0
-0.124862,0
-0.125682,0
-0.126504,0
-0.127325,0
-0.128142,0
-0.128961,0
-0.129776,0
-0.130592,0
-0.131407,0
-0.132218,0
-0.133031,0
-0.13384,0
-0.13465,0
-0.135458,0
-0.136264,0
-0.13707,0
-0.137873,0
-0.138677,0
-0.139479,0
-0.140278,0
-0.141078,0
-0.141875,0
-0.142672,0
-0.143469,0
-0.144261,0
-0.145055,0
-0.145845,0
-0.146636,0
-0.147425,0
-0.148211,0
-0.148998,0
-0.149781,0
-0.150566,0
-0.151348,0
-0.152127,0
-0.152908,0
-0.153684,0
-0.154461,0
-0.155237,0
-0.156009,0
-0.156782,0
-0.157552,0
-0.158322,0
-0.15909,0
-0.159855,0
-0.160621,0
-0.161383,0
-0.162146,0
-0.162908,0
-0.163665,0
-0.164424,0
-0.165178,0
-0.165934,0
-0.166688,0
-0.167438,0
-0.168189,0
-0.168936,0
-0.169684,0
-0.17043,0
-0.171172,0
-0.171916,0
-0.172655,0
-0.173395,0
-0.174133,0
-0.174868,0
-0.175603,0
-0.176335,0
-0.177067,0
-0.177797,0
-0.178524,0
-0.179251,0
-0.179975,0
-0.180699,0
-0.181421,0
-0.182139,0
-0.182858,0
-0.183573,0
-0.184289,0
-0.185001,0
-0.185713,0
-0.186424,0
-0.187131,0
-0.187838,0
-0.188541,0
-0.189245,0
-0.189947,0
-0.190645,0
-0.191344,0
-0.192038,0
-0.192733,0
-0.193427,0
-0.194116,0
-0.194806,0
-0.195492,0
-0.196178,0
-0.196863,0
-0.197543,0
-0.198224,0
-0.198901,0
-0.199578,0
-0.200254,0
-0.200925,0
-0.201597,0
-0.202265,0
-0.202933,0
-0.203599,0
-0.204262,0
-0.204924,0
-0.205583,0
-0.206242,0
-0.206899,0
-0.207552,0
-0.208205,0
-0.208854,0
-0.209504,0
-0.210151,0
-0.210795,0
-0.211438,0
-0.212078,0
-0.212718,0
-0.213356,0
-0.213989,0
-0.214623,0
-0.215253,0
-0.215883,0
-0.216511,0
-0.217136,0
-0.21776,0
-0.21838,0
-0.219,0
-0.219618,0
-0.220233,0
-0.220847,0
-0.221457,0
-0.222067,0
-0.222675,0
-0.223279,0
-0.223883,0
-0.224483,0
-0.225083,0
-0.225681,0
-0.226275,0
-0.226869,0
-0.227459,0
-0.228048,0
-0.228636,0
-0.22922,0
-0.229803,0
-0.230383,0
-0.230962,0
-0.231539,0
-0.232112,0
-0.232685,0
-0.233254,0
-0.233823,0
-0.234387,0
-0.234952,0
-0.235514,0
-0.236072,0
-0.23663,0
-0.237184,0
-0.237738,0
-0.238289,0
-0.238837,0
-0.239384,0
-0.239927,0
-0.24047,0
-0.241011,0
-0.241547,0
-0.242083,0
-0.242616,0
-0.243147,0
-0.243677,0
-0.244203,0
-0.244728,0
-0.245249,0
-0.24577,0
-0.246288,0
-0.246803,0
-0.247316,0
-0.247827,0
-0.248336,0
-0.248843,0
-0.249346,0
-0.249849,0
-0.250348,0
-0.250846,0
-0.251341,0
-0.251833,0
-0.252324,0
-0.252812,0
-0.253298,0
-0.253783,0
-0.254263,0
-0.254743,0
-0.255219,0
-0.255694,0
-0.256166,0
-0.256635,0
-0.257103,0
-0.257567,0
-0.258031,0
-0.258491,0
-0.258949,0
-0.259405,0
-0.259857,0
-0.260309,0
-0.260758,0
-0.261203,0
-0.261648,0
-0.262088,0
-0.262528,0
-0.262965,0
-0.263399,0
-0.263831,0
-0.26426,0
-0.264687,0
-0.265113,0
-0.265534,0
-0.265955,0
-0.266371,0
-0.266787,0
-0.2672,0
-0.267609,0
-0.268017,0
-0.268422,0
-0.268825,0
-0.269226,0
-0.269623,0
-0.270019,0
-0.270412,0
-0.270803,0
-0.27119,0
-0.271576,0
-0.27196,0
-0.27234,0
-0.272719,0
-0.273094,0
-0.273467,0
-0.273839,0
-0.274206,0
-0.274573,0
-0.274935,0
-0.275296,0
-0.275655,0
-0.27601,0
-0.276364,0
-0.276714,0
-0.277063,0
-0.277409,0
-0.277751,0
-0.278093,0
-0.27843,0
-0.278766,0
-0.2791,0
-0.279429,0
-0.279758,0
-0.280083,0
-0.280406,0
-0.280727,0
-0.281044,0
-0.28136,0
-0.281672,0
-0.281982,0
-0.28229,0
-0.282595,0
-0.282897,0
-0.283197,0
-0.283494,0
-0.283789,0
-0.284081,0
-0.284371,0
-0.284657,0
-0.284942,0
-0.285224,0
-0.285503,0
-0.28578,0
-0.286053,0
-0.286325,0
-0.286594,0
-0.286859,0
-0.287123,0
-0.287384,0
-0.287642,0
-0.287898,0
-0.288151,0
-0.288402,0
-0.288649,0
-0.288895,0
-0.289138,0
-0.289377,0
-0.289615,0
-0.289849,0
-0.290081,0
-0.290311,0
-0.290537,0
-0.290762,0
-0.290983,0
-0.291202,0
-0.291418,0
-0.291632,0
-0.291843,0
-0.292051,0
-0.292256,0
-0.292459,0
-0.292659,0
-0.292857,0
-0.293052,0
-0.293244,0
-0.293434,0
-0.293621,0
-0.293805,0
-0.293986,0
-0.294166,0
-0.294342,0
-0.294515,0
-0.294686,0
-0.294854,0
-0.29502,0
-0.295183,0
-0.295343,0
-0.2955,0
-0.295655,0
-0.295807,0
-0.295956,0
-0.296103,0
-0.296247,0
-0.296389,0
-0.296527,0
-0.296663,0
-0.296796,0
-0.296927,0
-0.297055,0
-0.29718,0
-0.297302,0
-0.297422,0
-0.297539,0
-0.297653,0
-0.297765,0
-0.297874,0
-0.29798,0
-0.298084,0
-0.298184,0
-0.298282,0
-0.298377,0
-0.29847,0
-0.29856,0
-0.298647,0
-0.298732,0
-0.298813,0
-0.298892,0
-0.298969,0
-0.299042,0
-0.299113,0
-0.299181,0
-0.299247,0
-0.29931,0
-0.29937,0
-0.299427,0
-0.299481,0
-0.299533,0
-0.299582,0
-0.299629,0
-0.299672,0
-0.299713,0
-0.299751,0
-0.299787,0
-0.29982,0
-0.29985,0
-0.299877,0
-0.299901,0
-0.299923,0
-0.299942,0
-0.299959,0
-0.299972,0
-0.299983,0
-0.299991,0
-0.299997,0
-0.3,0
-0.3,0
-0.299997,0
-0.299991,0
-0.299983,0
-0.299972,0
-0.299959,0
-0.299942,0
-0.299923,0
-0.299901,0
-0.299877,0
-0.29985,0
-0.29982,0
-0.299787,0
-0.299751,0
-0.299713,0
-0.299672,0
-0.299629,0
-0.299582,0
-0.299533,0
-0.299481,0
-0.299427,0
-0.29937,0
-0.29931,0
-0.299247,0
-0.299181,0
-0.299113,0
-0.299042,0
-0.298969,0
-0.298892,0
-0.298813,0
-0.298732,0
-0.298647,0
-0.29856,0
-0.29847,0
-0.298377,0
-0.298282,0
-0.298184,0
-0.298084,0
-0.29798,0
-0.297874,0
-0.297765,0
-0.297653,0
-0.297539,0
-0.297422,0
-0.297302,0
-0.29718,0
-0.297055,0
-0.296927,0
-0.296796,0
-0.296663,0
-0.296527,0
-0.296389,0
-0.296247,0
-0.296103,0
-0.295956,0
-0.295807,0
-0.295655,0
-0.295501,0
-0.295343,0
-0.295183,0
-0.29502,0
-0.294854,0
-0.294686,0
-0.294515,0
-0.294342,0
-0.294166,0
-0.293986,0
-0.293805,0
-0.293621,0
-0.293434,0
-0.293244,0
-0.293052,0
-0.292857,0
-0.292659,0
-0.292459,0
-0.292256,0
-0.292051,0
-0.291843,0
-0.291632,0
-0.291418,0
-0.291202,0
-0.290983,0
-0.290762,0
-0.290537,0
-0.290311,0
-0.290081,0
-0.289849,0
-0.289615,0
-0.289377,0
-0.289138,0
-0.288895,0
-0.288649,0
-0.288402,0
-0.288151,0
-0.287898,0
-0.287642,0
-0.287384,0
-0.287123,0
-0.286859,0
-0.286594,0
-0.286325,0
-0.286053,0
-0.28578,0
-0.285503,0
-0.285224,0
-0.284942,0
-0.284657,0
-0.284371,0
-0.284081,0
-0.283789,0
-0.283494,0
-0.283197,0
-0.282897,0
-0.282595,0
-0.28229,0
-0.281982,0
-0.281672,0
-0.28136,0
-0.281044,0
-0.280727,0
-0.280406,0
-0.280083,0
-0.279758,0
-0.279429,0
-0.2791,0
-0.278766,0
-0.27843,0
-0.278093,0
-0.277751,0
-0.277409,0
-0.277063,0
-0.276714,0
-0.276364,0
-0.27601,0
-0.275655,0
-0.275296,0
-0.274935,0
-0.274573,0
-0.274206,0
-0.273839,0
-0.273467,0
-0.273094,0
-0.272719,0
-0.27234,0
-0.27196,0
-0.271576,0
-0.27119,0
-0.270803,0
-0.270412,0
-0.270019,0
-0.269623,0
-0.269225,0
-0.268825,0
-0.268422,0
-0.268017,0
-0.267609,0
-0.2672,0
-0.266787,0
-0.266371,0
-0.265955,0
-0.265534,0
-0.265113,0
-0.264687,0
-0.26426,0
-0.263831,0
-0.263399,0
-0.262965,0
-0.262528,0
-0.262088,0
-0.261648,0
-0.261203,0
-0.260758,0
-0.260309,0
-0.259857,0
-0.259405,0
-0.258949,0
-0.258491,0
-0.258031,0
-0.257567,0
-0.257103,0
-0.256635,0
-0.256166,0
-0.255694,0
-0.255219,0
-0.254743,0
-0.254263,0
-0.253783,0
-0.253298,0
-0.252812,0
-0.252324,0
-0.251833,0
-0.251341,0
-0.250846,0
-0.250348,0
-0.249849,0
-0.249346,0
-0.248843,0
-0.248336,0
-0.247827,0
-0.247316,0
-0.246803,0
-0.246288,0
-0.24577,0
-0.245249,0
-0.244728,0
-0.244203,0
-0.243677,0
-0.243147,0
-0.242616,0
-0.242083,0
-0.241547,0
-0.241011,0
-0.24047,0
-0.239927,0
-0.239384,0
-0.238837,0
-0.238289,0
-0.237738,0
-0.237184,0
-0.23663,0
-0.236072,0
-0.235514,0
-0.234952,0
-0.234387,0
-0.233823,0
-0.233254,0
-0.232685,0
-0.232112,0
-0.231537,0
-0.230962,0
-0.230383,0
-0.229803,0
-0.22922,0
-0.228636,0
-0.228048,0
-0.227459,0
-0.226869,0
-0.226275,0
-0.225681,0
-0.225083,0
-0.224483,0
-0.223883,0
-0.223279,0
-0.222675,0
-0.222067,0
-0.221457,0
-0.220847,0
-0.220233,0
-0.219618,0
-0.219,0
-0.21838,0
-0.21776,0
-0.217136,0
-0.216511,0
-0.215883,0
-0.215254,0
-0.214623,0
-0.21399,0
-0.213356,0
-0.212718,0
-0.212078,0
-0.211438,0
-0.210795,0
-0.210151,0
-0.209504,0
-0.208854,0
-0.208205,0
-0.207552,0
-0.206899,0
-0.206242,0
-0.205583,0
-0.204924,0
-0.204262,0
-0.203599,0
-0.202933,0
-0.202265,0
-0.201597,0
-0.200925,0
-0.200254,0
-0.199578,0
-0.198901,0
-0.198224,0
-0.197543,0
-0.196863,0
-0.196178,0
-0.195492,0
-0.194806,0
-0.194116,0
-0.193427,0
-0.192733,0
-0.192038,0
-0.191344,0
-0.190645,0
-0.189947,0
-0.189245,0
-0.188541,0
-0.187838,0
-0.187131,0
-0.186424,0
-0.185713,0
-0.185001,0
-0.184289,0
-0.183573,0
-0.182858,0
-0.182139,0
-0.181419,0
-0.180699,0
-0.179975,0
-0.179251,0
-0.178524,0
-0.177797,0
-0.177067,0
-0.176335,0
-0.175603,0
-0.174868,0
-0.174133,0
-0.173395,0
-0.172655,0
-0.171916,0
-0.171173,0
-0.17043,0
-0.169684,0
-0.168936,0
-0.168189,0
-0.167438,0
-0.166688,0
-0.165934,0
-0.165178,0
-0.164424,0
-0.163665,0
-0.162908,0
-0.162146,0
-0.161383,0
-0.160621,0
-0.159855,0
-0.15909,0
-0.158322,0
-0.157552,0
-0.156782,0
-0.156009,0
-0.155237,0
-0.154461,0
-0.153684,0
-0.152908,0
-0.152128,0
-0.151348,0
-0.150566,0
-0.149781,0
-0.148998,0
-0.148211,0
-0.147425,0
-0.146636,0
-0.145845,0
-0.145055,0
-0.144261,0
-0.143469,0
-0.142672,0
-0.141875,0
-0.141079,0
-0.140278,0
-0.139479,0
-0.138677,0
-0.137873,0
-0.13707,0
-0.136264,0
-0.135458,0
-0.13465,0
-0.13384,0
-0.133031,0
-0.132218,0
-0.131407,0
-0.130592,0
-0.129776,0
-0.128961,0
-0.128142,0
-0.127325,0
-0.126504,0
-0.125682,0
-0.124862,0
-0.124037,0
-0.123214,0
-0.122388,0
-0.12156,0
-0.120734,0
-0.119904,0
-0.119076,0
-0.118244,0
-0.117413,0
-0.116579,0
-0.115744,0
-0.11491,0
-0.114073,0
-0.113237,0
-0.112398,0
-0.111557,0
-0.110718,0
-0.109876,0
-0.109035,0
-0.108191,0
-0.107345,0
-0.106501,0
-0.105654,0
-0.104808,0
-0.103959,0
-0.103109,0
-0.10226,0
-0.101408,0
-0.100558,0
-0.0997037,0
-0.0988489,0
-0.0979957,0
-0.0971391,0
-0.0962841,0
-0.0954258,0
-0.0945666,0
-0.093709,0
-0.092848,0
-0.0919888,0
-0.0911261,0
-0.0902627,0
-0.0894009,0
-0.0885358,0
-0.0876725,0
-0.0868058,0
-0.0859383,0
-0.0850725,0
-0.0842035,0
-0.0833362,0
-0.0824657,0
-0.0815943,0
-0.0807248,0
-0.079852,0
-0.078981,0
-0.0781068,0
-0.0772318,0
-0.0763587,0
-0.0754824,0
-0.0746079,0
-0.0737302,0
-0.0728518,0
-0.0719753,0
-0.0710956,0
-0.0702178,0
-0.0693368,0
-0.0684552,0
-0.0675755,0
-0.0666926,0
-0.0658117,0
-0.0649276,0
-0.064043,0
-0.0631603,0
-0.0622745,0
-0.0613906,0
-0.0605037,0
-0.0596162,0
-0.0587307,0
-0.0578422,0
-0.0569556,0
-0.056066,0
-0.0551759,0
-0.0542878,0
-0.0533967,0
-0.0525077,0
-0.0516156,0
-0.0507256,0
-0.0498326,0
-0.0489391,0
-0.0480478,0
-0.0471534,0
-0.0462612,0
-0.045366,0
-0.0444704,0
-0.043577,0
-0.0426805,0
-0.0417863,0
-0.0408891,0
-0.0399916,0
-0.0390962,0
-0.0381979,0
-0.0373019,0
-0.0364029,0
-0.0355036,0
-0.0346066,0
-0.0337067,0
-0.032809,0
-0.0319085,0
-0.0310076,0
-0.0301091,0
-0.0292077,0
-0.0283087,0
-0.0274067,0
-0.0265046,0
-0.0256048,0
-0.0247021,0
-0.0238019,0
-0.0228988,0
-0.0219955,0
-0.0210946,0
-0.0201909,0
-0.0192897,0
-0.0183856,0
-0.0174814,0
-0.0165797,0
-0.0156751,0
-0.0147731,0
-0.0138683,0
-0.0129633,0
-0.0120609,0
-0.0111558,0
-0.0102531,0
-0.00934778,0
-0.00844234,0
-0.00753946,0
-0.00663387,0
-0.00573086,0
-0.00482516,0
-0.00391942,0
-0.00301627,0
-0.00211047,0
-0.00120728,0
-0.000301441,0
0.000604398,0
0.0015076,0
0.00241342,0
0.00331658,0
0.00422235,0
0.00512808,0
0.00603113,0
0.00693675,0
0.00783968,0
0.00874518,0
0.00965059,0
0.0105533,0
0.0114585,0
0.012361,0
0.013266,0
0.0141709,0
0.015073,0
0.0159777,0
0.0168795,0
0.0177838,0
0.0186854,0
0.0195894,0
0.0204932,0
0.0213942,0
0.0222976,0
0.0231982,0
0.0241012,0
0.025004,0
0.025904,0
0.0268063,0
0.0277058,0
0.0286076,0
0.0295092,0
0.0304079,0
0.0313089,0
0.0322071,0
0.0331075,0
0.0340077,0
0.0349049,0
0.0358044,0
0.036701,0
0.0375999,0
0.0384984,0
0.039394,0
0.0402918,0
0.0411866,0
0.0420837,0
0.0429804,0
0.0438741,0
0.04477,0
0.0456629,0
0.0465579,0
0.0474526,0
0.0483442,0
0.049238,0
0.0501287,0
0.0510216,0
0.051914,0
0.0528033,0
0.0536948,0
0.0545832,0
0.0554736,0
0.0563636,0
0.0572505,0
0.0581394,0
0.0590252,0
0.0599131,0
0.0608004,0
0.0616846,0
0.0625708,0
0.0634538,0
0.0643389,0
0.0652234,0
0.0661047,0
0.0669879,0
0.067868,0
0.0687501,0
0.0696315,0
0.0705097,0
0.0713899,0
0.0722668,0
0.0731456,0
0.0740238,0
0.0748987,0
0.0757755,0
0.0766491,0
0.0775245,0
0.0783993,0
0.0792707,0
0.080144,0
0.081014,0
0.0818858,0
0.0827544,0
0.0836247,0
0.0844942,0
0.0853605,0
0.0862285,0
0.0870932,0
0.0879596,0
0.0888253,0
0.0896876,0
0.0905516,0
0.0914122,0
0.0922746,0
0.0931361,0
0.0939942,0
0.094854,0
0.0957105,0
0.0965685,0
0.0974257,0
0.0982795,0
0.0991349,0
0.0999869,0
0.100841,0
0.101693,0
0.102542,0
0.103393,0
0.104241,0
0.10509,0
0.105938,0
0.106782,0
0.107628,0
0.108471,0
0.109315,0
0.110158,0
0.110997,0
0.111839,0
0.112676,0
0.113515,0
0.114353,0
0.115188,0
0.116023,0
0.116856,0
0.11769,0
0.118522,0
0.119351,0
0.120182,0
0.121009,0
0.121837,0
0.122665,0
0.123488,0
0.124313,0
0.125135,0
0.125957,0
0.126779,0
0.127597,0
0.128416,0
0.129232,0
0.130049,0
0.130864,0
0.131677,0
0.13249,0
0.1333,0
0.134111,0
0.13492,0
0.135726,0
0.136534,0
0.137337,0
0.138142,0
0.138945,0
0.139745,0
0.140546,0
0.141343,0
0.142142,0
0.142939,0
0.143732,0
0.144527,0
0.145318,0
0.146109,0
0.146898,0
0.147687,0
0.148475,0
0.149259,0
0.150044,0
0.150825,0
0.151608,0
0.152389,0
0.153166,0
0.153944,0
0.154719,0
0.155494,0
0.156268,0
0.157038,0
0.157809,0
0.158577,0
0.159345,0
0.160112,0
0.160875,0
0.161639,0
0.162399,0
0.16316,0
0.163919,0
0.164675,0
0.165431,0
0.166184,0
0.166937,0
0.167689,0
0.168437,0
0.169186,0
0.169931,0
0.170677,0
0.171421,0
0.172162,0
0.172903,0
0.17364,0
0.174378,0
0.175114,0
0.175847,0
0.17658,0
0.177309,0
0.178039,0
0.178767,0
0.179492,0
0.180217,0
0.180938,0
0.18166,0
0.18238,0
0.183096,0
0.183813,0
0.184526,0
0.185239,0
0.185951,0
0.186659,0
0.187367,0
0.188072,0
0.188777,0
0.18948,0
0.190179,0
0.190879,0
0.191575,0
0.192271,0
0.192966,0
0.193656,0
0.194347,0
0.195034,0
0.195722,0
0.196407,0
0.197089,0
0.197771,0
0.198449,0
0.199128,0
0.199805,0
0.200477,0
0.20115,0
0.20182,0
0.202489,0
0.203154,0
0.20382,0
0.204484,0
0.205144,0
0.205804,0
0.20646,0
0.207116,0
0.207771,0
0.208421,0
0.209072,0
0.209718,0
0.210365,0
0.21101,0
0.211651,0
0.212292,0
0.212929,0
0.213567,0
0.214202,0
0.214833,0
0.215464,0
0.216092,0
0.216719,0
0.217345,0
0.217966,0
0.218588,0
0.219205,0
0.219823,0
0.220438,0
0.22105,0
0.221661,0
0.222269,0
0.222876,0
0.223481,0
0.224083,0
0.224684,0
0.225282,0
0.225879,0
0.226474,0
0.227065,0
0.227656,0
0.228243,0
0.22883,0
0.229415,0
0.229996,0
0.230577,0
0.231153,0
0.23173,0
0.232304,0
0.232874,0
0.233444,0
0.234011,0
0.234576,0
0.23514,0
0.2357,0
0.236259,0
0.236815,0
0.23737,0
0.237923,0
0.238472,0
0.23902,0
0.239565,0
0.240109,0
0.240651,0
0.241189,0
0.241727,0
0.242261,0
0.242794,0
0.243325,0
0.243852,0
0.244379,0
0.244901,0
0.245423,0
0.245943,0
0.246459,0
0.246975,0
0.247486,0
0.247997,0
0.248504,0
0.249011,0
0.249515,0
0.250015,0
0.250514,0
0.25101,0
0.251505,0
0.251998,0
0.252487,0
0.252975,0
0.253459,0
0.253943,0
0.254424,0
0.254901,0
0.255378,0
0.25585,0
0.256322,0
0.256792,0
0.257258,0
0.257722,0
0.258184,0
0.258644,0
0.259102,0
0.259556,0
0.260009,0
0.260458,0
0.260906,0
0.261352,0
0.261795,0
0.262236,0
0.262673,0
0.26311,0
0.263544,0
0.263974,0
0.264403,0
0.264829,0
0.265253,0
0.265675,0
0.266093,0
0.26651,0
0.266924,0
0.267336,0
0.267746,0
0.268152,0
0.268557,0
0.268958,0
0.269359,0
0.269756,0
0.27015,0
0.270543,0
0.270932,0
0.27132,0
0.271705,0
0.272087,0
0.272467,0
0.272844,0
0.273219,0
0.273592,0
0.273961,0
0.274329,0
0.274693,0
0.275056,0
0.275417,0
0.275773,0
0.276129,0
0.276481,0
0.276831,0
0.277179,0
0.277523,0
0.277866,0
0.278205,0
0.278543,0
0.278878,0
0.27921,0
0.27954,0
0.279866,0
0.280191,0
0.280513,0
0.280833,0
0.28115,0
0.281464,0
0.281776,0
0.282085,0
0.282392,0
0.282696,0
0.282997,0
0.283296,0
0.283592,0
0.283887,0
0.284178,0
0.284466,0
0.284753,0
0.285036,0
0.285317,0
0.285596,0
0.285871,0
0.286144,0
0.286414,0
0.286682,0
0.286948,0
0.28721,0
0.287471,0
0.287728,0
0.287983,0
0.288235,0
0.288484,0
0.288732,0
0.288976,0
0.289218,0
0.289457,0
0.289693,0
0.289927,0
0.290158,0
0.290387,0
0.290613,0
0.290836,0
0.291056,0
0.291274,0
0.29149,0
0.291702,0
0.291912,0
0.29212,0
0.292324,0
0.292526,0
0.292726,0
0.292922,0
0.293116,0
0.293308,0
0.293496,0
0.293683,0
0.293866,0
0.294047,0
0.294224,0
0.2944,0
0.294573,0
0.294742,0
0.29491,0
0.295074,0
0.295236,0
0.295396,0
0.295552,0
0.295706,0
0.295857,0
0.296006,0
0.296152,0
0.296295,0
0.296435,0
0.296573,0
0.296708,0
0.29684,0
0.29697,0
0.297097,0
0.297221,0
0.297343,0
0.297461,0
0.297577,0
0.297691,0
0.297801,0
0.297909,0
0.298015,0
0.298117,0
0.298217,0
0.298314,0
0.298409,0
0.2985,0
0.298589,0
0.298676,0
0.298759,0
0.29884,0
0.298918,0
0.298994,0
0.299066,0
0.299136,0
0.299204,0
0.299268,0
0.29933,0
0.299389,0
0.299445,0
0.299499,0
0.29955,0
0.299598,0
0.299644,0
0.299686,0
0.299726,0
0.299763,0
0.299798,0
0.29983,0
0.299859,0
0.299885,0
0.299909,0
0.29993,0
0.299948,0
0.299964,0
0.299976,0
0.299986,0
0.299994,0
0.299998,0
0.3,0
0.299999,0
0.299995,0
0.299989,0
0.29998,0
0.299968,0
0.299954,0
0.299936,0
0.299916,0
0.299894,0
0.299868,0
0.29984,0
0.299809,0
0.299775,0
0.299739,0
0.2997,0
0.299658,0
0.299614,0
0.299566,0
0.299516,0
0.299464,0
0.299408,0
0.29935,0
0.299289,0
0.299225,0
0.299159,0
0.29909,0
0.299018,0
0.298944,0
0.298866,0
0.298787,0
0.298704,0
0.298619,0
0.29853,0
0.29844,0
0.298346,0
0.29825,0
0.298151,0
0.298049,0
0.297945,0
0.297838,0
0.297728,0
0.297616,0
0.2975,0
0.297383,0
0.297262,0
0.297138,0
0.297013,0
0.296884,0
0.296752,0
0.296618,0
0.296481,0
0.296342,0
0.2962,0
0.296055,0
0.295907,0
0.295757,0
0.295604,0
0.295448,0
0.29529,0
0.295129,0
0.294965,0
0.294799,0
0.294629,0
0.294458,0
0.294283,0
0.294106,0
0.293926,0
0.293744,0
0.293559,0
0.293371,0
0.29318,0
0.292987,0
0.292791,0
0.292593,0
0.292392,0
0.292188,0
0.291982,0
0.291772,0
0.291561,0
0.291346,0
0.291129,0
0.29091,0
0.290687,0
0.290462,0
0.290234,0
0.290004,0
0.289771,0
0.289536,0
0.289298,0
0.289057,0
0.288813,0
0.288567,0
0.288318,0
0.288067,0
0.287813,0
0.287556,0
0.287297,0
0.287035,0
0.286771,0
0.286504,0
0.286234,0
0.285962,0
0.285687,0
0.28541,0
0.28513,0
0.284847,0
0.284562,0
0.284274,0
0.283984,0
0.283691,0
0.283396,0
0.283097,0
0.282796,0
0.282494,0
0.282187,0
0.28188,0
0.281568,0
0.281254,0
0.280939,0
0.28062,0
0.280299,0
0.279975,0
0.279648,0
0.27932,0
0.278988,0
0.278655,0
0.278318,0
0.277979,0
0.277638,0
0.277293,0
0.276947,0
0.276598,0
0.276246,0
0.275892,0
0.275535,0
0.275177,0
0.274815,0
0.27445,0
0.274084,0
0.273715,0
0.273344,0
0.272969,0
0.272592,0
0.272214,0
0.271832,0
0.271449,0
0.271062,0
0.270672,0
0.270282,0
0.269887,0
0.269492,0
0.269092,0
0.268691,0
0.268288,0
0.267881,0
0.267473,0
0.267062,0
0.266648,0
0.266233,0
0.265814,0
0.265394,0
0.264971,0
0.264545,0
0.264118,0
0.263687,0
0.263255,0
0.262819,0
0.262381,0
0.261942,0
0.261499,0
0.261056,0
0.260608,0
0.260158,0
0.259707,0
0.259253,0
0.258797,0
0.258338,0
0.257876,0
0.257413,0
0.256947,0
0.256479,0
0.256008,0
0.255535,0
0.255061,0
0.254583,0
0.254104,0
0.253621,0
0.253137,0
0.25265,0
0.25216,0
0.25167,0
0.251176,0
0.250681,0
0.250182,0
0.249681,0
0.249179,0
0.248674,0
0.248167,0
0.247657,0
0.247145,0
0.246632,0
0.246115,0
0.245597,0
0.245076,0
0.244552,0
0.244028,0
0.2435,0
0.242971,0
0.242439,0
0.241904,0
0.241369,0
0.24083,0
0.24029,0
0.239747,0
0.239201,0
0.238655,0
0.238105,0
0.237555,0
0.237,0
0.236444,0
0.235887,0
0.235326,0
0.234765,0
0.2342,0
0.233633,0
0.233065,0
0.232494,0
0.231922,0
0.231346,0
0.230768,0
0.23019,0
0.229608,0
0.229026,0
0.22844,0
0.227852,0
0.227263,0
0.226671,0
0.226078,0
0.225481,0
0.224883,0
0.224284,0
0.223681,0
0.223079,0
0.222472,0
0.221863,0
0.221254,0
0.220641,0
0.220028,0
0.219412,0
0.218793,0
0.218174,0
0.217551,0
0.216928,0
0.216302,0
0.215673,0
0.215044,0
0.214412,0
0.213779,0
0.213142,0
0.212506,0
0.211865,0
0.211223,0
0.210581,0
0.209935,0
0.209289,0
0.208639,0
0.207987,0
0.207335,0
0.206679,0
0.206024,0
0.205364,0
0.204703,0
0.204042,0
0.203377,0
0.202712,0
0.202043,0
0.201373,0
0.200702,0
0.200028,0
0.199354,0
0.198676,0
0.197997,0
0.197317,0
0.196634,0
0.195951,0
0.195264,0
0.194576,0
0.193887,0
0.193195,0
0.192503,0
0.191808,0
0.19111,0
0.190413,0
0.189712,0
0.189012,0
0.188307,0
0.187601,0
0.186896,0
0.186186,0
0.185477,0
0.184764,0
0.18405,0
0.183336,0
0.182618,0
0.181901,0
0.181179,0
0.180457,0
0.179734,0
0.179008,0
0.178283,0
0.177553,0
0.176822,0
0.176092,0
0.175358,0
0.174624,0
0.173887,0
0.173148,0
0.172409,0
0.171667,0
0.170926,0
0.170181,0
0.169434,0
0.168688,0
0.167938,0
0.167189,0
0.166436,0
0.165681,0
0.164928,0
0.16417,0
0.163413,0
0.162653,0
0.161891,0
0.16113,0
0.160365,0
0.159601,0
0.158833,0
0.158066,0
0.157296,0
0.156524,0
0.155753,0
0.154978,0
0.154204,0
0.153426,0
0.152647,0
0.151869,0
0.151087,0
0.150306,0
0.149521,0
0.148735,0
0.14795,0
0.147161,0
0.146374,0
0.145582,0
0.14479,0
0.143998,0
0.143202,0
0.142408,0
0.14161,0
0.140811,0
0.140013,0
0.139211,0
0.13841,0
0.137606,0
0.136801,0
0.135996,0
0.135188,0
0.134381,0
0.133571,0
0.132759,0
0.131948,0
0.131134,0
0.130321,0
0.129505,0
0.128687,0
0.127871,0
0.127051,0
0.126232,0
0.12541,0
0.124586,0
0.123764,0
0.122938,0
0.122114,0
0.121286,0
0.120457,0
0.119629,0
0.118798,0
0.117968,0
0.117134,0
0.1163,0
0.115467,0
0.11463,0
0.113795,0
0.112956,0
0.112117,0
0.111278,0
0.110437,0
0.109596,0
0.108753,0
0.107908,0
0.107065,0
0.106218,0
0.105373,0
0.104524,0
0.103675,0
0.102827,0
0.101975,0
0.101125,0
0.100272,0
0.0994179,0
0.0985653,0
0.0977093,0
0.0968549,0
0.0959971,0
0.095141,0
0.0942815,0
0.0934211,0
0.0925624,0
0.0917003,0
0.0908399,0
0.0899762,0
0.0891117,0
0.0882488,0
0.0873827,0
0.0865182,0
0.0856505,0
0.084782,0
0.0839152,0
0.0830451,0
0.0821768,0
0.0813053,0
0.080433,0
0.0795625,0
0.0786887,0
0.0778168,0
0.0769416,0
0.0760657,0
0.0751917,0
0.0743144,0
0.073439,0
0.0725604,0
0.0716811,0
0.0708037,0
0.0699232,0
0.0690445,0
0.0681627,0
0.0672802,0
0.0663997,0
0.0655161,0
0.0646344,0
0.0637495,0
0.0628641,0
0.0619806,0
0.061094,0
0.0602095,0
0.0593218,0
0.0584336,0
0.0575474,0
0.0566581,0
0.0557709,0
0.0548806,0
0.0539898,0
0.0531011,0
0.0522094,0
0.0513197,0
0.050427,0
0.0495338,0
0.0486428,0
0.0477487,0
0.0468568,0
0.0459619,0
0.0450665,0
0.0441733,0
0.0432772,0
0.0423832,0
0.0414863,0
0.040589,0
0.0396939,0
0.0387958,0
0.0379,0
0.0370013,0
0.0361022,0
0.0352054,0
0.0343056,0
0.0334082,0
0.0325078,0
0.0316072,0
0.0307089,0
0.0298076,0
0.0289088,0
0.028007,0
0.0271076,0
0.0262054,0
0.0253029,0
0.0244028,0
0.0234998,0
0.0225993,0
0.0216959,0
0.0207924,0
0.0198912,0
0.0189873,0
0.0180858,0
0.0171816,0
0.0162771,0
0.0153752,0
0.0144705,0
0.0135682,0
0.0126633,0
0.0117582,0
0.0108556,0
0.00995033,0
0.00904758,0
0.00814211,0
0.00723657,0
0.0063336,0
0.00542793,0
0.00452485,0
0.0036191,0
0.00271331,0
0.00181013,0
0.0009043,0
1.09543e-06,0
-0.000904742,0
-0.00181057,0
-0.00271375,0
-0.00361954,0
-0.00452266,0
-0.00542838,0
-0.00633404,0
-0.00723701,0
-0.00814256,0
-0.00904539,0
-0.00995077,0
-0.0108561,0
-0.0117586,0
-0.0126637,0
-0.0135661,0
-0.0144709,0
-0.0153756,0
-0.0162776,0
-0.017182,0
-0.0180836,0
-0.0189878,0
-0.0198917,0
-0.0207928,0
-0.0216964,0
-0.0225971,0
-0.0235003,0
-0.0244032,0
-0.0253033,0
-0.0262058,0
-0.0271055,0
-0.0280075,0
-0.0289092,0
-0.0298081,0
-0.0307093,0
-0.0316076,0
-0.0325083,0
-0.0334086,0
-0.0343061,0
-0.0352058,0
-0.0361026,0
-0.0370017,0
-0.0379005,0
-0.0387963,0
-0.0396943,0
-0.0405894,0
-0.0414867,0
-0.0423811,0
-0.0432776,0
-0.0441738,0
-0.0450669,0
-0.0459623,0
-0.0468546,0
-0.0477491,0
-0.0486432,0
-0.0495342,0
-0.0504274,0
-0.0513175,0
-0.0522098,0
-0.0531016,0
-0.0539903,0
-0.0548811,0
-0.0557688,0
-0.0566586,0
-0.0575479,0
-0.058434,0
-0.0593222,0
-0.0602073,0
-0.0610945,0
-0.0619811,0
-0.0628645,0
-0.0637499,0
-0.0646322,0
-0.0655165,0
-0.0664002,0
-0.0672807,0
-0.0681631,0
-0.0690424,0
-0.0699236,0
-0.0708042,0
-0.0716815,0
-0.0725608,0
-0.0734369,0
-0.0743148,0
-0.0751921,0
-0.0760661,0
-0.076942,0
-0.0778147,0
-0.0786891,0
-0.0795629,0
-0.0804334,0
-0.0813057,0
-0.0821747,0
-0.0830455,0
-0.0839156,0
-0.0847824,0
-0.0856509,0
-0.0865161,0
-0.0873831,0
-0.0882493,0
-0.0891121,0
-0.0899766,0
-0.0908379,0
-0.0917008,0
-0.0925628,0
-0.0934215,0
-0.0942819,0
-0.0951389,0
-0.0959976,0
-0.0968553,0
-0.0977097,0
-0.0985657,0
-0.0994183,0
-0.100273,0
-0.101126,0
-0.101976,0
-0.102827,0
-0.103675,0
-0.104525,0
-0.105373,0
-0.106219,0
-0.107065,0
-0.107908,0
-0.108753,0
-0.109594,0
-0.110437,0
-0.111279,0
-0.112117,0
-0.112957,0
-0.113793,0
-0.114631,0
-0.115467,0
-0.1163,0
-0.117135,0
-0.117966,0
-0.118798,0
-0.119629,0
-0.120457,0
-0.121286,0
-0.122112,0
-0.122939,0
-0.123764,0
-0.124587,0
-0.12541,0
-0.12623,0
-0.127051,0
-0.127871,0
-0.128688,0
-0.129505,0
-0.130319,0
-0.131135,0
-0.131949,0
-0.132759,0
-0.133571,0
-0.134379,0
-0.135188,0
-0.135996,0
-0.136801,0
-0.137607,0
-0.138408,0
-0.139212,0
-0.140013,0
-0.140811,0
-0.141611,0
-0.142406,0
-0.143203,0
-0.143998,0
-0.14479,0
-0.145583,0
-0.146372,0
-0.147162,0
-0.14795,0
-0.148735,0
-0.149521,0
-0.150304,0
-0.151087,0
-0.151869,0
-0.152647,0
-0.153426,0
-0.154202,0
-0.154978,0
-0.155753,0
-0.156524,0
-0.157296,0
-0.158065,0
-0.158834,0
-0.159602,0
-0.160366,0
-0.16113,0
-0.161892,0
-0.162653,0
-0.163414,0
-0.164171,0
-0.164928,0
-0.165682,0
-0.166436,0
-0.167189,0
-0.167938,0
-0.168688,0
-0.169434,0
-0.170181,0
-0.170924,0
-0.171668,0
-0.17241,0
-0.173148,0
-0.173887,0
-0.174622,0
-0.175358,0
-0.176092,0
-0.176823,0
-0.177554,0
-0.178281,0
-0.179009,0
-0.179735,0
-0.180457,0
-0.18118,0
-0.181899,0
-0.182618,0
-0.183336,0
-0.18405,0
-0.184765,0
-0.185476,0
-0.186187,0
-0.186896,0
-0.187602,0
-0.188308,0
-0.18901,0
-0.189713,0
-0.190413,0
-0.191111,0
-0.191808,0
-0.192502,0
-0.193195,0
-0.193888,0
-0.194576,0
-0.195264,0
-0.195949,0
-0.196634,0
-0.197318,0
-0.197997,0
-0.198677,0
-0.199352,0
-0.200028,0
-0.200703,0
-0.201373,0
-0.202044,0
-0.20271,0
-0.203377,0
-0.204042,0
-0.204703,0
-0.205365,0
-0.206022,0
-0.20668,0
-0.207335,0
-0.207987,0
-0.208639,0
-0.209287,0
-0.209935,0
-0.210581,0
-0.211223,0
-0.211866,0
-0.212504,0
-0.213143,0
-0.213779,0
-0.214412,0
-0.215044,0
-0.215673,0
-0.216302,0
-0.216929,0
-0.217552,0
-0.218174,0
-0.218793,0
-0.219412,0
-0.220029,0
-0.220642,0
-0.221254,0
-0.221863,0
-0.222472,0
-0.223077,0
-0.223682,0
-0.224284,0
-0.224883,0
-0.225482,0
-0.226076,0
-0.226671,0
-0.227263,0
-0.227852,0
-0.22844,0
-0.229024,0
-0.229608,0
-0.23019,0
-0.230769,0
-0.231346,0
-0.23192,0
-0.232494,0
-0.233065,0
-0.233633,0
-0.2342,0
-0.234763,0
-0.235326,0
-0.235887,0
-0.236444,0
-0.237001,0
-0.237553,0
-0.238105,0
-0.238655,0
-0.239202,0
-0.239747,0
-0.240289,0
-0.24083,0
-0.241369,0
-0.241905,0
-0.242439,0
-0.24297,0
-0.2435,0
-0.244028,0
-0.244553,0
-0.245076,0
-0.245596,0
-0.246115,0
-0.246632,0
-0.247145,0
-0.247657,0
-0.248166,0
-0.248674,0
-0.249179,0
-0.249681,0
-0.250182,0
-0.25068,0
-0.251176,0
-0.25167,0
-0.252161,0
-0.25265,0
-0.253136,0
-0.253621,0
-0.254104,0
-0.254583,0
-0.255061,0
-0.255535,0
-0.256009,0
-0.25648,0
-0.256947,0
-0.257413,0
-0.257876,0
-0.258338,0
-0.258797,0
-0.259253,0
-0.259707,0
-0.260158,0
-0.260608,0
-0.261056,0
-0.2615,0
-0.261942,0
-0.262381,0
-0.262819,0
-0.263254,0
-0.263687,0
-0.264118,0
-0.264545,0
-0.264971,0
-0.265393,0
-0.265814,0
-0.266233,0
-0.266648,0
-0.267062,0
-0.267472,0
-0.267881,0
-0.268288,0
-0.268691,0
-0.269093,0
-0.269491,0
-0.269887,0
-0.270282,0
-0.270672,0
-0.271062,0
-0.271448,0
-0.271832,0
-0.272214,0
-0.272592,0
-0.272969,0
-0.273343,0
-0.273715,0
-0.274085,0
-0.27445,0
-0.274815,0
-0.275176,0
-0.275536,0
-0.275893,0
-0.276246,0
-0.276598,0
-0.276947,0
-0.277294,0
-0.277638,0
-0.277979,0
-0.278318,0
-0.278654,0
-0.278988,0
-0.27932,0
-0.279648,0
-0.279975,0
-0.280298,0
-0.28062,0
-0.280939,0
-0.281254,0
-0.281568,0
-0.281879,0
-0.282188,0
-0.282494,0
-0.282797,0
-0.283098,0
-0.283395,0
-0.283691,0
-0.283984,0
-0.284274,0
-0.284562,0
-0.284847,0
-0.28513,0
-0.28541,0
-0.285687,0
-0.285962,0
-0.286234,0
-0.286504,0
-0.286772,0
-0.287035,0
-0.287298,0
-0.287556,0
-0.287813,0
-0.288067,0
-0.288318,0
-0.288567,0
-0.288813,0
-0.289057,0
-0.289297,0
-0.289536,0
-0.289771,0
-0.290004,0
-0.290235,0
-0.290462,0
-0.290687,0
-0.29091,0
-0.291129,0
-0.291346,0
-0.29156,0
-0.291772,0
-0.291982,0
-0.292188,0
-0.292392,0
-0.292593,0
-0.292791,0
-0.292987,0
-0.29318,0
-0.293371,0
-0.293559,0
-0.293744,0
-0.293927,0
-0.294106,0
-0.294283,0
-0.294458,0
-0.29463,0
-0.294799,0
-0.294965,0
-0.295129,0
-0.29529,0
-0.295448,0
-0.295604,0
-0.295757,0
-0.295907,0
-0.296055,0
-0.2962,0
-0.296342,0
-0.296481,0
-0.296618,0
-0.296752,0
-0.296884,0
-0.297013,0
-0.297138,0
-0.297262,0
-0.297382,0
-0.2975,0
-0.297616,0
-0.297728,0
-0.297838,0
-0.297945,0
-0.298049,0
-0.298151,0
-0.29825,0
-0.298346,0
-0.298439,0
-0.29853,0
-0.298619,0
-0.298704,0
-0.298787,0
-0.298866,0
-0.298944,0
-0.299018,0
-0.29909,0
-0.299159,0
-0.299225,0
-0.299289,0
-0.29935,0
-0.299408,0
-0.299464,0
-0.299516,0
-0.299566,0
-0.299613,0
-0.299658,0
-0.2997,0
-0.299739,0
-0.299775,0
-0.299809,0
-0.29984,0
-0.299868,0
-0.299894,0
-0.299916,0
-0.299936,0
-0.299954,0
-0.299968,0
-0.29998,0
-0.299989,0
-0.299995,0
-0.299999,0
-0.3,0
-0.299998,0
-0.299994,0
-0.299986,0
-0.299976,0
-0.299964,0
-0.299948,0
-0.29993,0
-0.299909,0
-0.299885,0
-0.299859,0
-0.29983,0
-0.299798,0
-0.299764,0
-0.299726,0
-0.299686,0
-0.299644,0
-0.299598,0
-0.29955,0
-0.299499,0
-0.299445,0
-0.299389,0
-0.29933,0
-0.299268,0
-0.299204,0
-0.299136,0
-0.299066,0
-0.298994,0
-0.298918,0
-0.29884,0
-0.298759,0
-0.298676,0
-0.298589,0
-0.298501,0
-0.298409,0
-0.298314,0
-0.298217,0
-0.298117,0
-0.298015,0
-0.297909,0
-0.297801,0
-0.297691,0
-0.297577,0
-0.297461,0
-0.297342,0
-0.297221,0
-0.297097,0
-0.29697,0
-0.29684,0
-0.296708,0
-0.296573,0
-0.296435,0
-0.296295,0
-0.296152,0
-0.296006,0
-0.295857,0
-0.295706,0
-0.295552,0
-0.295396,0
-0.295236,0
-0.295075,0
-0.29491,0
-0.294742,0
-0.294573,0
-0.2944,0
-0.294225,0
-0.294047,0
-0.293866,0
-0.293683,0
-0.293496,0
-0.293308,0
-0.293116,0
-0.292922,0
-0.292726,0
-0.292526,0
-0.292324,0
-0.29212,0
-0.291912,0
-0.291702,0
-0.291489,0
-0.291275,0
-0.291056,0
-0.290835,0
-0.290613,0
-0.290386,0
-0.290158,0
-0.289927,0
-0.289693,0
-0.289457,0
-0.289217,0
-0.288976,0
-0.288731,0
-0.288484,0
-0.288235,0
-0.287983,0
-0.287728,0
-0.28747,0
-0.28721,0
-0.286948,0
-0.286682,0
-0.286415,0
-0.286144,0
-0.285871,0
-0.285595,0
-0.285317,0
-0.285036,0
-0.284753,0
-0.284466,0
-0.284178,0
-0.283886,0
-0.283593,0
-0.283296,0
-0.282997,0
-0.282696,0
-0.282391,0
-0.282085,0
-0.281776,0
-0.281464,0
-0.28115,0
-0.280832,0
-0.280513,0
-0.280191,0
-0.279866,0
-0.279539,0
-0.279209,0
-0.278878,0
-0.278543,0
-0.278205,0
-0.277866,0
-0.277523,0
-0.277179,0
-0.276831,0
-0.27648,0
-0.276129,0
-0.275773,0
-0.275416,0
-0.275056,0
-0.274694,0
-0.274329,0
-0.273961,0
-0.273592,0
-0.273219,0
-0.272845,0
-0.272467,0
-0.272086,0
-0.271705,0
-0.271319,0
-0.270933,0
-0.270543,0
-0.27015,0
-0.269756,0
-0.269358,0
-0.268959,0
-0.268557,0
-0.268152,0
-0.267746,0
-0.267336,0
-0.266925,0
-0.26651,0
-0.266093,0
-0.265675,0
-0.265253,0
-0.26483,0
-0.264403,0
-0.263974,0
-0.263543,0
-0.263109,0
-0.262674,0
-0.262236,0
-0.261794,0
-0.261352,0
-0.260906,0
-0.260459,0
-0.260008,0
-0.259555,0
-0.259101,0
-0.258644,0
-0.258185,0
-0.257722,0
-0.257257,0
-0.256792,0
-0.256322,0
-0.255852,0
-0.255377,0
-0.254901,0
-0.254424,0
-0.253942,0
-0.25346,0
-0.252975,0
-0.252487,0
-0.251998,0
-0.251505,0
-0.251011,0
-0.250514,0
-0.250015,0
-0.249514,0
-0.24901,0
-0.248505,0
-0.247997,0
-0.247486,0
-0.246974,0
-0.246459,0
-0.245943,0
-0.245423,0
-0.244901,0
-0.244378,0
-0.243852,0
-0.243325,0
-0.242794,0
-0.24226,0
-0.241727,0
-0.241189,0
-0.240651,0
-0.240109,0
-0.239566,0
-0.23902,0
-0.238471,0
-0.237922,0
-0.237369,0
-0.236816,0
-0.236259,0
-0.2357,0
-0.23514,0
-0.234576,0
-0.234012,0
-0.233444,0
-0.232874,0
-0.232304,0
-0.231729,0
-0.231155,0
-0.230576,0
-0.229996,0
-0.229415,0
-0.22883,0
-0.228245,0
-0.227656,0
-0.227065,0
-0.226474,0
-0.225879,0
-0.225283,0
-0.224684,0
-0.224083,0
-0.223481,0
-0.222876,0
-0.22227,0
-0.221661,0
-0.221049,0
-0.220438,0
-0.219822,0
-0.219207,0
-0.218587,0
-0.217966,0
-0.217344,0
-0.216719,0
-0.216093,0
-0.215464,0
-0.214833,0
-0.214201,0
-0.213566,0
-0.212931,0
-0.212292,0
-0.211651,0
-0.21101,0
-0.210365,0
-0.20972,0
-0.209071,0
-0.208421,0
-0.20777,0
-0.207116,0
-0.206461,0
-0.205803,0
-0.205143,0
-0.204483,0
-0.20382,0
-0.203156,0
-0.202488,0
-0.201819,0
-0.20115,0
-0.200477,0
-0.199804,0
-0.199128,0
-0.198449,0
-0.197771,0
-0.197089,0
-0.196407,0
-0.195721,0
-0.195034,0
-0.194347,0
-0.193656,0
-0.192965,0
-0.192271,0
-0.191577,0
-0.190879,0
-0.190179,0
-0.18948,0
-0.188776,0
-0.188074,0
-0.187367,0
-0.186659,0
-0.185951,0
-0.185239,0
-0.184528,0
-0.183813,0
-0.183096,0
-0.18238,0
-0.18166,0
-0.18094,0
-0.180217,0
-0.179492,0
-0.178767,0
-0.178039,0
-0.177311,0
-0.17658,0
-0.175846,0
-0.175114,0
-0.174378,0
-0.173642,0
-0.172902,0
-0.172161,0
-0.171421,0
-0.170677,0
-0.169933,0
-0.169186,0
-0.168437,0
-0.167689,0
-0.166937,0
-0.166186,0
-0.165431,0
-0.164674,0
-0.163919,0
-0.163159,0
-0.162401,0
-0.161638,0
-0.160874,0
-0.160111,0
-0.159345,0
-0.158579,0
-0.157809,0
-0.157038,0
-0.156268,0
-0.155494,0
-0.15472,0
-0.153944,0
-0.153165,0
-0.152388,0
-0.151607,0
-0.150827,0
-0.150043,0
-0.149258,0
-0.148474,0
-0.147686,0
-0.1469,0
-0.146109,0
-0.145317,0
-0.144526,0
-0.143732,0
-0.142939,0
-0.142141,0
-0.141343,0
-0.140546,0
-0.139745,0
-0.138945,0
-0.138142,0
-0.137337,0
-0.136533,0
-0.135726,0
-0.13492,0
-0.13411,0
-0.133302,0
-0.13249,0
-0.131676,0
-0.130864,0
-0.130048,0
-0.129234,0
-0.128416,0
-0.127597,0
-0.126779,0
-0.125957,0
-0.125137,0
-0.124313,0
-0.123488,0
-0.122664,0
-0.121837,0
-0.121011,0
-0.120182,0
-0.119351,0
-0.118522,0
-0.117689,0
-0.116858,0
-0.116023,0
-0.115187,0
-0.114353,0
-0.113515,0
-0.112678,0
-0.111838,0
-0.110997,0
-0.110157,0
-0.109314,0
-0.108473,0
-0.107628,0
-0.106782,0
-0.105937,0
-0.105089,0
-0.104243,0
-0.103393,0
-0.102542,0
-0.101693,0
-0.10084,0
-0.099989,0
-0.0991345,0
-0.0982791,0
-0.0974253,0
-0.0965681,0
-0.0957125,0
-0.0948536,0
-0.0939938,0
-0.0931357,0
-0.0922742,0
-0.0914143,0
-0.0905511,0
-0.0896871,0
-0.0888248,0
-0.0879592,0
-0.0870953,0
-0.0862281,0
-0.0853601,0
-0.0844938,0
-0.0836243,0
-0.0827565,0
-0.0818854,0
-0.0810136,0
-0.0801436,0
-0.0792703,0
-0.0783988,0
-0.0775241,0
-0.0766487,0
-0.0757751,0
-0.0748983,0
-0.0740234,0
-0.0731452,0
-0.0722664,0
-0.0713894,0
-0.0705093,0
-0.0696311,0
-0.0687497,0
-0.0678702,0
-0.0669875,0
-0.0661042,0
-0.0652229,0
-0.0643385,0
-0.063456,0
-0.0625703,0
-0.0616842,0
-0.0608,0
-0.0599126,0
-0.0590274,0
-0.058139,0
-0.05725,0
-0.0563632,0
-0.0554732,0
-0.0545853,0
-0.0536944,0
-0.0528029,0
-0.0519136,0
-0.0510212,0
-0.0501309,0
-0.0492375,0
-0.0483438,0
-0.0474522,0
-0.0465575,0
-0.045665,0
-0.0447695,0
-0.0438736,0
-0.0429799,0
-0.0420833,0
-0.0411888,0
-0.0402913,0
-0.0393935,0
-0.038498,0
-0.0375994,0
-0.0367032,0
-0.035804,0
-0.0349045,0
-0.0340072,0
-0.0331071,0
-0.0322093,0
-0.0313085,0
-0.0304075,0
-0.0295088,0
-0.0286072,0
-0.027708,0
-0.0268059,0
-0.0259036,0
-0.0250036,0
-0.0241008,0
-0.0232004,0
-0.0222972,0
-0.0213937,0
-0.0204927,0
-0.0195889,0
-0.0186876,0
-0.0177834,0
-0.0168791,0
-0.0159772,0
-0.0150726,0
-0.0141705,0
-0.0132656,0
-0.0123606,0
-0.0114581,0
-0.0105528,0
-0.00965015,0
-0.00874473,0
-0.00783924,0
-0.00693631,0
-0.00603068,0
-0.00512763,0
-0.00422191,0
-0.00331614,0
-0.00241297,0
-0.00150716,0
-0.000603955,0
0.000301883,0
0.00120509,0
0.00211091,0
0.00301672,0
0.00391986,0
0.0048256,0
0.00572867,0
0.00663432,0
0.0075399,0
0.00844279,0
0.00934823,0
0.0102509,0
0.0111562,0
0.0120614,0
0.0129638,0
0.0138687,0
0.0147709,0
0.0156756,0
0.0165801,0
0.0174818,0
0.0183861,0
0.0192875,0
0.0201914,0
0.0210951,0
0.0219959,0
0.0228992,0
0.0237997,0
0.0247026,0
0.0256052,0
0.026505,0
0.0274072,0
0.0283065,0
0.0292082,0
0.0301096,0
0.0310081,0
0.0319089,0
0.0328068,0
0.0337071,0
0.034607,0
0.0355041,0
0.0364034,0
0.0372997,0
0.0381984,0
0.0390967,0
0.039992,0
0.0408896,0
0.0417842,0
0.042681,0
0.0435774,0
0.0444708,0
0.0453665,0
0.0462591,0
0.0471539,0
0.0480482,0
0.0489395,0
0.049833,0
0.0507235,0
0.051616,0
0.0525081,0
0.0533971,0
0.0542883,0
0.0551763,0
0.0560664,0
0.0569561,0
0.0578426,0
0.0587312,0
0.0596166,0
0.0605041,0
0.0613911,0
0.0622749,0
0.0631607,0
0.0640434,0
0.064928,0
0.0658096,0
0.066693,0
0.0675759,0
0.0684556,0
0.0693372,0
0.0702156,0
0.071096,0
0.0719757,0
0.0728522,0
0.0737306,0
0.0746058,0
0.0754828,0
0.0763592,0
0.0772323,0
0.0781072,0
0.0789789,0
0.0798524,0
0.0807252,0
0.0815948,0
0.0824661,0
0.0833341,0
0.0842039,0
0.085073,0
0.0859387,0
0.0868062,0
0.0876704,0
0.0885363,0
0.0894013,0
0.0902631,0
0.0911266,0
0.0919867,0
0.0928485,0
0.0937094,0
0.094567,0
0.0954262,0
0.0962821,0
0.0971396,0
0.0979961,0
0.0988494,0
0.0997042,0
0.100556,0
0.101409,0
0.102261,0
0.103109,0
0.103959,0
0.104806,0
0.105654,0
0.106502,0
0.107346,0
0.108191,0
0.109033,0
0.109876,0
0.110719,0
0.111558,0
0.112398,0
0.113235,0
0.114073,0
0.114911,0
0.115744,0
0.11658,0
0.117411,0
0.118244,0
0.119076,0
0.119905,0
0.120735,0
0.121561,0
0.122388,0
0.123215,0
0.124038,0
0.124862,0
0.125683,0
0.126505,0
0.127325,0
0.128143,0
0.128961,0
0.129776,0
0.130592,0
0.131405,0
0.132218,0
0.133031,0
0.13384,0
0.13465,0
0.135457,0
0.136264,0
0.137071,0
0.137873,0
0.138677,0
0.139477,0
0.140279,0
0.141079,0
0.141875,0
0.142673,0
0.143467,0
0.144262,0
0.145055,0
0.145845,0
0.146636,0
0.147423,0
0.148212,0
0.148998,0
0.149782,0
0.150566,0
0.151346,0
0.152128,0
0.152908,0
0.153684,0
0.154462,0
0.155235,0
0.15601,0
0.156783,0
0.157552,0
0.158322,0
0.159089,0
0.159856,0
0.160622,0
0.161384,0
0.162147,0
0.162906,0
0.163666,0
0.164424,0
0.165179,0
0.165934,0
0.166686,0
0.167438,0
0.168189,0
0.168936,0
0.169684,0
0.170428,0
0.171173,0
0.171916,0
0.172655,0
0.173395,0
0.174132,0
0.174869,0
0.175604,0
0.176335,0
0.177067,0
0.177796,0
0.178524,0
0.179252,0
0.179975,0
0.180699,0
0.181419,0
0.18214,0
0.182859,0
0.183574,0
0.184289,0
0.185001,0
0.185714,0
0.186424,0
0.187131,0
0.187838,0
0.188541,0
0.189245,0
0.189945,0
0.190645,0
0.191344,0
0.192039,0
0.192734,0
0.193425,0
0.194117,0
0.194806,0
0.195492,0
0.196179,0
0.196861,0
0.197544,0
0.198224,0
0.198902,0
0.199579,0
0.200252,0
0.200926,0
0.201598,0
0.202265,0
0.202934,0
0.203598,0
0.204262,0
0.204925,0
0.205583,0
0.206242,0
0.206897,0
0.207552,0
0.208205,0
0.208855,0
0.209504,0
0.210149,0
0.210795,0
0.211439,0
0.212078,0
0.212718,0
0.213354,0
0.21399,0
0.214624,0
0.215254,0
0.215884,0
0.21651,0
0.217136,0
0.21776,0
0.21838,0
0.219,0
0.219617,0
0.220233,0
0.220847,0
0.221457,0
0.222067,0
0.222674,0
0.22328,0
0.223884,0
0.224484,0
0.225084,0
0.22568,0
0.226276,0
0.226869,0
0.227459,0
0.228049,0
0.228635,0
0.22922,0
0.229803,0
0.230383,0
0.230962,0
0.231537,0
0.232112,0
0.232685,0
0.233254,0
0.233823,0
0.234388,0
0.234952,0
0.235514,0
0.236073,0
0.23663,0
0.237185,0
0.237738,0
0.238288,0
0.238837,0
0.239384,0
0.239928,0
0.24047,0
0.241009,0
0.241548,0
0.242084,0
0.242616,0
0.243148,0
0.243676,0
0.244203,0
0.244728,0
0.245249,0
0.24577,0
0.246287,0
0.246803,0
0.247317,0
0.247827,0
0.248336,0
0.248842,0
0.249347,0
0.249849,0
0.250348,0
0.250846,0
0.25134,0
0.251834,0
0.252325,0
0.252812,0
0.253299,0
0.253781,0
0.254263,0
0.254743,0
0.255219,0
0.255694,0
0.256165,0
0.256635,0
0.257103,0
0.257568,0
0.258031,0
0.25849,0
0.258949,0
0.259405,0
0.259858,0
0.260309,0
0.260757,0
0.261204,0
0.261648,0
0.262089,0
0.262528,0
0.262964,0
0.263399,0
0.263831,0
0.26426,0
0.264688,0
0.265112,0
0.265534,0
0.265955,0
0.266371,0
0.266787,0
0.267199,0
0.267609,0
0.268018,0
0.268422,0
0.268826,0
0.269225,0
0.269624,0
0.27002,0
0.270412,0
0.270803,0
0.27119,0
0.271576,0
0.27196,0
0.27234,0
0.272719,0
0.273094,0
0.273468,0
0.273838,0
0.274206,0
0.274573,0
0.274935,0
0.275297,0
0.275654,0
0.27601,0
0.276364,0
0.276714,0
0.277063,0
0.277408,0
0.277752,0
0.278093,0
0.27843,0
0.278766,0
0.279099,0
0.27943,0
0.279758,0
0.280083,0
0.280406,0
0.280726,0
0.281044,0
0.28136,0
0.281672,0
0.281982,0
0.282289,0
0.282595,0
0.282898,0
0.283197,0
0.283494,0
0.283789,0
0.284081,0
0.284371,0
0.284657,0
0.284942,0
0.285223,0
0.285503,0
0.28578,0
0.286053,0
0.286325,0
0.286593,0
0.28686,0
0.287123,0
0.287384,0
0.287643,0
0.287898,0
0.288151,0
0.288402,0
0.288649,0
0.288895,0
0.289137,0
0.289377,0
0.289615,0
0.289849,0
0.290081,0
0.29031,0
0.290537,0
0.290762,0
0.290983,0
0.291202,0
0.291418,0
0.291632,0
0.291843,0
0.292051,0
0.292256,0
0.292459,0
0.292659,0
0.292857,0
0.293052,0
0.293244,0
0.293434,0
0.293621,0
0.293805,0
0.293987,0
0.294166,0
0.294342,0
0.294515,0
0.294686,0
0.294854,0
0.29502,0
0.295183,0
0.295343,0
0.2955,0
0.295655,0
0.295807,0
0.295956,0
0.296103,0
0.296247,0
0.296389,0
0.296527,0
0.296663,0
0.296796,0
0.296927,0
0.297055,0
0.29718,0
0.297302,0
0.297422,0
0.297539,0
0.297653,0
0.297765,0
0.297874,0
0.29798,0
0.298083,0
0.298184,0
0.298282,0
0.298377,0
0.29847,0
0.29856,0
0.298647,0
0.298732,0
0.298813,0
0.298893,0
0.298969,0
0.299042,0
0.299113,0
0.299181,0
0.299247,0
0.299309,0
0.29937,0
0.299427,0
0.299481,0
0.299533,0
0.299582,0
0.299629,0
0.299672,0
0.299713,0
0.299751,0
0.299787,0
0.29982,0
0.29985,0
0.299877,0
0.299901,0
0.299923,0
0.299942,0
0.299959,0
0.299972,0
0.299983,0
0.299991,0
0.299997,0
0.3,0
0.3,0
0.299997,0
0.299991,0
0.299983,0
0.299972,0
0.299959,0
0.299942,0
0.299923,0
0.299901,0
0.299877,0
0.29985,0
0.29982,0
0.299787,0
0.299751,0
0.299713,0
0.299672,0
0.299629,0
0.299582,0
0.299533,0
0.299481,0
0.299427,0
0.299369,0
0.29931,0
0.299247,0
0.299182,0
0.299113,0
0.299042,0
0.298969,0
0.298892,0
0.298814,0
0.298732,0
0.298647,0
0.29856,0
0.29847,0
0.298378,0
0.298282,0
0.298184,0
0.298083,0
0.29798,0
0.297874,0
0.297765,0
0.297653,0
0.297539,0
0.297422,0
0.297302,0
0.29718,0
0.297055,0
0.296927,0
0.296796,0
0.296663,0
0.296527,0
0.296388,0
0.296247,0
0.296103,0
0.295957,0
0.295807,0
0.295655,0
0.2955,0
0.295343,0
0.295183,0
0.29502,0
0.294854,0
0.294686,0
0.294515,0
0.294342,0
0.294165,0
0.293986,0
0.293805,0
0.293621,0
0.293434,0
0.293244,0
0.293052,0
0.292857,0
0.292659,0
0.292459,0
0.292256,0
0.29205,0
0.291843,0
0.291631,0
0.291418,0
0.291202,0
0.290983,0
0.290762,0
0.290537,0
0.290311,0
0.290081,0
0.289849,0
0.289615,0
0.289377,0
0.289137,0
0.288895,0
0.28865,0
0.288402,0
0.288151,0
0.287898,0
0.287642,0
0.287384,0
0.287123,0
0.286859,0
0.286594,0
0.286325,0
0.286054,0
0.285779,0
0.285502,0
0.285224,0
0.284942,0
0.284658,0
0.284371,0
0.284081,0
0.283789,0
0.283494,0
0.283197,0
0.282897,0
0.282594,0
0.28229,0
0.281982,0
0.281672,0
0.281359,0
0.281044,0
0.280727,0
0.280406,0
0.280084,0
0.279758,0
0.279429,0
0.279099,0
0.278766,0
0.278431,0
0.278092,0
0.277751,0
0.277409,0
0.277063,0
0.276715,0
0.276364,0
0.27601,0
0.275655,0
0.275296,0
0.274936,0
0.274572,0
0.274206,0
0.273838,0
0.273467,0
0.273095,0
0.272718,0
0.27234,0
0.27196,0
0.271576,0
0.271191,0
0.270803,0
0.270412,0
0.270019,0
0.269623,0
0.269226,0
0.268825,0
0.268422,0
0.268017,0
0.267609,0
0.2672,0
0.266787,0
0.266371,0
0.265954,0
0.265534,0
0.265112,0
0.264687,0
0.26426,0
0.263831,0
0.263399,0
0.262965,0
0.262528,0
0.26209,0
0.261648,0
0.261203,0
0.260758,0
0.260309,0
0.259859,0
0.259405,0
0.258948,0
0.258491,0
0.25803,0
0.257568,0
0.257103,0
0.256635,0
0.256166,0
0.255693,0
0.25522,0
0.254742,0
0.254263,0
0.253782,0
0.253298,0
0.252813,0
0.252324,0
0.251833,0
0.251341,0
0.250845,0
0.250349,0
0.249849,0
0.249346,0
0.248843,0
0.248336,0
0.247828,0
0.247316,0
0.246802,0
0.246288,0
0.245769,0
0.24525,0
0.244727,0
0.244202,0
0.243677,0
0.243147,0
0.242617,0
0.242083,0
0.241547,0
0.24101,0
0.24047,0
0.239929,0
0.239384,0
0.238837,0
0.238289,0
0.237738,0
0.237186,0
0.23663,0
0.236072,0
0.235514,0
0.234951,0
0.234389,0
0.233822,0
0.233254,0
0.232685,0
0.232112,0
0.231539,0
0.230962,0
0.230382,0
0.229803,0
0.229219,0
0.228636,0
0.228048,0
0.227459,0
0.226869,0
0.226275,0
0.225681,0
0.225083,0
0.224485,0
0.223883,0
0.223279,0
0.222675,0
0.222067,0
0.221458,0
0.220846,0
0.220232,0
0.219618,0
0.219,0
0.218382,0
0.217759,0
0.217135,0
0.216511,0
0.215883,0
0.215255,0
0.214623,0
0.213989,0
0.213355,0
0.212717,0
0.21208,0
0.211438,0
0.210794,0
0.210151,0
0.209503,0
0.208856,0
0.208205,0
0.207552,0
0.206898,0
0.206242,0
0.205585,0
0.204924,0
0.204262,0
0.203599,0
0.202933,0
0.202267,0
0.201597,0
0.200925,0
0.200254,0
0.199578,0
0.198903,0
0.198224,0
0.197543,0
0.196862,0
0.196178,0
0.195494,0
0.194806,0
0.194116,0
0.193426,0
0.192733,0
0.19204,0
0.191343,0
0.190645,0
0.189947,0
0.189245,0
0.188543,0
0.187837,0
0.18713,0
0.186423,0
0.185713,0
0.185003,0
0.184289,0
0.183573,0
0.182858,0
0.182139,0
0.18142,0
0.180698,0
0.179974,0
0.179251,0
0.178524,0
0.177797,0
0.177067,0
0.176335,0
0.175603,0
0.174868,0
0.174133,0
0.173395,0
0.172657,0
0.171915,0
0.171172,0
0.17043,0
0.169683,0
0.168938,0
0.168188,0
0.167438,0
0.166687,0
0.165933,0
0.16518,0
0.164423,0
0.163665,0
0.162907,0
0.162146,0
0.161385,0
0.160621,0
0.159855,0
0.15909,0
0.158321,0
0.157553,0
0.156782,0
0.156009,0
0.155237,0
0.154461,0
0.153686,0
0.152907,0
0.152127,0
0.151348,0
0.150565,0
0.149783,0
0.148998,0
0.148211,0
0.147425,0
0.146635,0
0.145847,0
0.145054,0
0.144261,0
0.143468,0
0.142672,0
0.141877,0
0.141078,0
0.140278,0
0.139479,0
0.138676,0
0.137875,0
0.13707,0
0.136263,0
0.135458,0
0.134649,0
0.133841,0
0.13303,0
0.132218,0
0.131406,0
0.130591,0
0.129778,0
0.12896,0
0.128142,0
0.127325,0
0.126504,0
0.125684,0
0.124861,0
0.124037,0
0.123214,0
0.122388,0
0.121562,0
0.120734,0
0.119904,0
0.119075,0
0.118243,0
0.117413,0
0.116579,0
0.115744,0
0.11491,0
0.114072,0
0.113237,0
0.112397,0
0.111559,0
0.110718,0
0.109876,0
0.109035,0
0.10819,0
0.107347,0
0.106501,0
0.105654,0
0.104808,0
0.103959,0
0.103111,0
0.10226,0
0.101408,0
0.100557,0
0.0997033,0
0.098851,0
0.0979953,0
0.0971387,0
0.0962837,0
0.0954254,0
0.0945686,0
0.0937085,0
0.0928476,0
0.0919883,0
0.0911257,0
0.0902648,0
0.0894005,0
0.0885354,0
0.087672,0
0.0868053,0
0.0859404,0
0.0850721,0
0.0842031,0
0.0833358,0
0.0824652,0
0.0815964,0
0.0807244,0
0.0798516,0
0.0789806,0
0.0781063,0
0.0772339,0
0.0763583,0
0.0754819,0
0.0746074,0
0.0737297,0
0.0728539,0
0.0719748,0
0.0710951,0
0.0702173,0
0.0693363,0
0.0684573,0
0.067575,0
0.0666921,0
0.0658112,0
0.0649272,0
0.0640451,0
0.0631598,0
0.062274,0
0.0613902,0
0.0605032,0
0.0596183,0
0.0587303,0
0.0578417,0
0.0569552,0
0.0560656,0
0.055178,0
0.0542874,0
0.0533963,0
0.0525072,0
0.0516151,0
0.0507252,0
0.0498321,0
0.0489387,0
0.0480473,0
0.047153,0
0.0462608,0
0.0453656,0
0.0444725,0
0.0435765,0
0.0426801,0
0.0417859,0
0.0408887,0
0.0399937,0
0.0390958,0
0.0381975,0
0.0373015,0
0.0364025,0
0.0355058,0
0.0346061,0
0.0337062,0
0.0328086,0
0.031908,0
0.0310098,0
0.0301087,0
0.0292073,0
0.0283082,0
0.0274063,0
0.0265067,0
0.0256043,0
0.0247017,0
0.0238014,0
0.0228983,0
0.0219977,0
0.0210942,0
0.0201905,0
0.0192892,0
0.0183852,0
0.0174836,0
0.0165792,0
0.0156747,0
0.0147726,0
0.0138678,0
0.0129655,0
0.0120605,0
0.0111553,0
0.0102527,0
0.00934732,0
0.00844451,0
0.007539,0
0.00663341,0
0.0057304,0
0.0048247,0
0.00392159,0
0.00301581,0
0.00211,0
0.00120681,0
0.000300977,0
-0.000602228,0
-0.00150806,0
-0.00241388,0
-0.00331704,0
-0.00422281,0
-0.00512591,0
-0.00603159,0
-0.00693722,0
-0.00784015,0
-0.00874564,0
-0.00964842,0
-0.0105537,0
-0.011459,0
-0.0123615,0
-0.0132665,0
-0.0141687,0
-0.0150735,0
-0.0159781,0
-0.01688,0
-0.0177843,0
-0.0186858,0
-0.0195898,0
-0.0204936,0
-0.0213946,0
-0.0222981,0
-0.0231987,0
-0.0241017,0
-0.0250019,0
-0.0259045,0
-0.0268068,0
-0.0277063,0
-0.0286081,0
-0.0295071,0
-0.0304084,0
-0.0313094,0
-0.0322075,0
-0.033108,0
-0.0340055,0
-0.0349054,0
-0.0358049,0
-0.0367015,0
-0.0376003,0
-0.0384963,0
-0.0393944,0
-0.0402922,0
-0.0411871,0
-0.0420842,0
-0.0429782,0
-0.0438745,0
-0.0447704,0
-0.0456633,0
-0.0465584,0
-0.0474504,0
-0.0483447,0
-0.0492384,0
-0.0501292,0
-0.051022,0
-0.0519119,0
-0.0528038,0
-0.0536953,0
-0.0545836,0
-0.0554741,0
-0.0563615,0
-0.0572509,0
-0.0581399,0
-0.0590257,0
-0.0599135,0
-0.0607983,0
-0.061685,0
-0.0625712,0
-0.0634543,0
-0.0643393,0
-0.0652212,0
-0.0661051,0
-0.0669884,0
-0.0678685,0
-0.0687505,0
-0.0696294,0
-0.0705102,0
-0.0713903,0
-0.0722672,0
-0.0731461,0
-0.0740217,0
-0.0748992,0
-0.075776,0
-0.0766496,0
-0.077525,0
-0.0783972,0
-0.0792712,0
-0.0801445,0
-0.0810145,0
-0.0818863,0
-0.0827548,0
-0.0836251,0
-0.0844947,0
-0.0853609,0
-0.0862289,0
-0.0870936,0
-0.0879601,0
-0.0888257,0
-0.089688,0
-0.090552,0
-0.0914127,0
-0.092275,0
-0.093134,0
-0.0939947,0
-0.0948545,0
-0.0957109,0
-0.096569,0
-0.0974237,0
-0.09828,0
-0.0991354,0
-0.0999874,0
-0.100841,0
-0.101691,0
-0.102543,0
-0.103394,0
-0.104241,0
-0.10509,0
-0.105936,0
-0.106783,0
-0.107629,0
-0.108471,0
-0.109315,0
-0.110156,0
-0.110998,0
-0.111839,0
-0.112677,0
-0.113516,0
-0.114351,0
-0.115188,0
-0.116024,0
-0.116856,0
-0.11769,0
-0.11852,0
-0.119352,0
-0.120182,0
-0.121009,0
-0.121838,0
-0.122663,0
-0.123489,0
-0.124314,0
-0.125135,0
-0.125958,0
-0.126777,0
-0.127597,0
-0.128417,0
-0.129232,0
-0.130049,0
-0.130863,0
-0.131677,0
-0.13249,0
-0.1333,0
-0.134111,0
-0.134918,0
-0.135727,0
-0.136534,0
-0.137338,0
-0.138142,0
-0.138943,0
-0.139746,0
-0.140547,0
-0.141344,0
-0.142142,0
-0.142937,0
-0.143733,0
-0.144527,0
-0.145318,0
-0.14611,0
-0.146898,0
-0.147687,0
-0.148475,0
-0.149259,0
-0.150044,0
-0.150826,0
-0.151608,0
-0.152389,0
-0.153166,0
-0.153944,0
-0.154719,0
-0.155494,0
-0.156266,0
-0.157039,0
-0.15781,0
-0.158577,0
-0.159345,0
-0.16011,0
-0.160875,0
-0.161639,0
-0.162399,0
-0.16316,0
-0.163917,0
-0.164675,0
-0.165432,0
-0.166184,0
-0.166938,0
-0.167687,0
-0.168438,0
-0.169187,0
-0.169932,0
-0.170677,0
-0.171419,0
-0.172162,0
-0.172903,0
-0.17364,0
-0.174378,0
-0.175112,0
-0.175847,0
-0.17658,0
-0.17731,0
-0.17804,0
-0.178766,0
-0.179492,0
-0.180217,0
-0.180939,0
-0.18166,0
-0.182378,0
-0.183097,0
-0.183813,0
-0.184526,0
-0.18524,0
-0.185949,0
-0.186659,0
-0.187368,0
-0.188072,0
-0.188777,0
-0.189478,0
-0.19018,0
-0.190879,0
-0.191575,0
-0.192271,0
-0.192964,0
-0.193657,0
-0.194348,0
-0.195035,0
-0.195722,0
-0.196406,0
-0.19709,0
-0.197772,0
-0.19845,0
-0.199128,0
-0.199803,0
-0.200478,0
-0.201151,0
-0.20182,0
-0.202489,0
-0.203155,0
-0.20382,0
-0.204484,0
-0.205144,0
-0.205804,0
-0.20646,0
-0.207116,0
-0.207771,0
-0.208421,0
-0.209072,0
-0.209719,0
-0.210366,0
-0.211009,0
-0.211652,0
-0.212293,0
-0.21293,0
-0.213567,0
-0.2142,0
-0.214833,0
-0.215465,0
-0.216092,0
-0.21672,0
-0.217343,0
-0.217967,0
-0.218588,0
-0.219206,0
-0.219823,0
-0.220437,0
-0.22105,0
-0.221661,0
-0.222269,0
-0.222876,0
-0.22348,0
-0.224083,0
-0.224685,0
-0.225282,0
-0.225879,0
-0.226473,0
-0.227066,0
-0.227657,0
-0.228244,0
-0.228831,0
-0.229414,0
-0.229996,0
-0.230577,0
-0.231154,0
-0.23173,0
-0.232303,0
-0.232875,0
-0.233445,0
-0.234011,0
-0.234577,0
-0.235139,0
-0.2357,0
-0.236259,0
-0.236815,0
-0.23737,0
-0.237921,0
-0.238472,0
-0.23902,0
-0.239565,0
-0.240109,0
-0.24065,0
-0.24119,0
-0.241727,0
-0.242261,0
-0.242794,0
-0.243324,0
-0.243852,0
-0.244379,0
-0.244902,0
-0.245424,0
-0.245942,0
-0.24646,0
-0.246975,0
-0.247487,0
-0.247997,0
-0.248505,0
-0.249011,0
-0.249515,0
-0.250015,0
-0.250515,0
-0.251011,0
-0.251505,0
-0.251998,0
-0.252487,0
-0.252975,0
-0.253459,0
-0.253943,0
-0.254423,0
-0.254901,0
-0.255378,0
-0.255851,0
-0.256323,0
-0.256791,0
-0.257258,0
-0.257723,0
-0.258184,0
-0.258644,0
-0.2591,0
-0.259556,0
-0.260009,0
-0.260458,0
-0.260907,0
-0.261351,0
-0.261795,0
-0.262236,0
-0.262673,0
-0.26311,0
-0.263543,0
-0.263974,0
-0.264403,0
-0.264829,0
-0.265253,0
-0.265674,0
-0.266094,0
-0.266511,0
-0.266924,0
-0.267336,0
-0.267745,0
-0.268152,0
-0.268557,0
-0.268959,0
-0.269359,0
-0.269755,0
-0.27015,0
-0.270543,0
-0.270932,0
-0.27132,0
-0.271704,0
-0.272087,0
-0.272467,0
-0.272844,0
-0.273219,0
-0.273591,0
-0.273961,0
-0.274329,0
-0.274694,0
-0.275056,0
-0.275416,0
-0.275774,0
-0.276129,0
-0.276481,0
-0.276831,0
-0.277178,0
-0.277523,0
-0.277866,0
-0.278205,0
-0.278543,0
-0.278877,0
-0.27921,0
-0.27954,0
-0.279866,0
-0.280191,0
-0.280513,0
-0.280833,0
-0.28115,0
-0.281464,0
-0.281776,0
-0.282085,0
-0.282392,0
-0.282695,0
-0.282997,0
-0.283297,0
-0.283593,0
-0.283887,0
-0.284177,0
-0.284466,0
-0.284753,0
-0.285036,0
-0.285317,0
-0.285595,0
-0.285871,0
-0.286144,0
-0.286414,0
-0.286683,0
-0.286947,0
-0.28721,0
-0.287471,0
-0.287728,0
-0.287983,0
-0.288235,0
-0.288484,0
-0.288732,0
-0.288976,0
-0.289218,0
-0.289456,0
-0.289693,0
-0.289927,0
-0.290158,0
-0.290387,0
-0.290612,0
-0.290836,0
-0.291057,0
-0.291274,0
-0.29149,0
-0.291702,0
-0.291912,0
-0.29212,0
-0.292324,0
-0.292526,0
-0.292725,0
-0.292922,0
-0.293117,0
-0.293308,0
-0.293497,0
-0.293682,0
-0.293866,0
-0.294047,0
-0.294224,0
-0.2944,0
-0.294572,0
-0.294743,0
-0.29491,0
-0.295074,0
-0.295237,0
-0.295395,0
-0.295552,0
-0.295706,0
-0.295857,0
-0.296006,0
-0.296151,0
-0.296295,0
-0.296435,0
-0.296573,0
-0.296708,0
-0.29684,0
-0.29697,0
-0.297097,0
-0.297221,0
-0.297343,0
-0.297461,0
-0.297577,0
-0.297691,0
-0.297801,0
-0.29791,0
-0.298015,0
-0.298117,0
-0.298217,0
-0.298314,0
-0.298409,0
-0.2985,0
-0.298589,0
-0.298676,0
-0.298759,0
-0.29884,0
-0.298918,0
-0.298994,0
-0.299066,0
-0.299136,0
-0.299204,0
-0.299268,0
-0.29933,0
-0.299389,0
-0.299445,0
-0.299499,0
-0.29955,0
-0.299598,0
-0.299643,0
-0.299686,0
-0.299726,0
-0.299764,0
-0.299798,0
-0.29983,0
-0.299859,0
-0.299885,0
-0.299909,0
-0.29993,0
-0.299948,0
-0.299964,0
-0.299976,0
-0.299986,0
-0.299994,0
-0.299998,0
-0.3,0
-0.299999,0
-0.299995,0
-0.299989,0
-0.29998,0
-0.299968,0
-0.299954,0
-0.299936,0
-0.299916,0
-0.299894,0
-0.299868,0
-0.29984,0
-0.299809,0
-0.299775,0
-0.299739,0
-0.2997,0
-0.299658,0
-0.299614,0
-0.299566,0
-0.299516,0
-0.299463,0
-0.299408,0
-0.29935,0
-0.299289,0
-0.299225,0
-0.299159,0
-0.29909,0
-0.299018,0
-0.298944,0
-0.298867,0
-0.298786,0
-0.298704,0
-0.298618,0
-0.29853,0
-0.29844,0
-0.298346,0
-0.29825,0
-0.298151,0
-0.298049,0
-0.297945,0
-0.297838,0
-0.297728,0
-0.297616,0
-0.2975,0
-0.297382,0
-0.297262,0
-0.297139,0
-0.297012,0
-0.296884,0
-0.296752,0
-0.296618,0
-0.296482,0
-0.296342,0
-0.296199,0
-0.296055,0
-0.295907,0
-0.295757,0
-0.295604,0
-0.295448,0
-0.29529,0
-0.295129,0
-0.294965,0
-0.294799,0
-0.294629,0
-0.294458,0
-0.294283,0
-0.294106,0
-0.293926,0
-0.293744,0
-0.293559,0
-0.293371,0
-0.293181,0
-0.292987,0
-0.292791,0
-0.292593,0
-0.292392,0
-0.292188,0
-0.291982,0
-0.291772,0
-0.291561,0
-0.291346,0
-0.291129,0
-0.290909,0
-0.290687,0
-0.290462,0
-0.290234,0
-0.290004,0
-0.289771,0
-0.289535,0
-0.289298,0
-0.289057,0
-0.288813,0
-0.288567,0
-0.288318,0
-0.288067,0
-0.287813,0
-0.287557,0
-0.287297,0
-0.287035,0
-0.286771,0
-0.286504,0
-0.286235,0
-0.285962,0
-0.285687,0
-0.28541,0
-0.28513,0
-0.284848,0
-0.284562,0
-0.284274,0
-0.283984,0
-0.283691,0
-0.283396,0
-0.283097,0
-0.282796,0
-0.282493,0
-0.282187,0
-0.281879,0
-0.281568,0
-0.281255,0
-0.280939,0
-0.28062,0
-0.280299,0
-0.279975,0
-0.279649,0
-0.27932,0
-0.278988,0
-0.278655,0
-0.278318,0
-0.27798,0
-0.277638,0
-0.277293,0
-0.276947,0
-0.276598,0
-0.276247,0
-0.275892,0
-0.275535,0
-0.275177,0
-0.274815,0
-0.274451,0
-0.274084,0
-0.273715,0
-0.273344,0
-0.272969,0
-0.272593,0
-0.272214,0
-0.271832,0
-0.271448,0
-0.271061,0
-0.270673,0
-0.270281,0
-0.269887,0
-0.269491,0
-0.269092,0
-0.268692,0
-0.268288,0
-0.267881,0
-0.267473,0
-0.267062,0
-0.266649,0
-0.266233,0
-0.265814,0
-0.265394,0
-0.26497,0
-0.264546,0
-0.264117,0
-0.263687,0
-0.263255,0
-0.262819,0
-0.262382,0
-0.261942,0
-0.261499,0
-0.261055,0
-0.260608,0
-0.260159,0
-0.259707,0
-0.259252,0
-0.258797,0
-0.258337,0
-0.257877,0
-0.257413,0
-0.256947,0
-0.256479,0
-0.256008,0
-0.255536,0
-0.25506,0
-0.254582,0
-0.254103,0
-0.253621,0
-0.253137,0
-0.25265,0
-0.25216,0
-0.25167,0
-0.251176,0
-0.250681,0
-0.250182,0
-0.249682,0
-0.249179,0
-0.248673,0
-0.248167,0
-0.247657,0
-0.247146,0
-0.246631,0
-0.246115,0
-0.245597,0
-0.245076,0
-0.244554,0
-0.244028,0
-0.2435,0
-0.242971,0
-0.242439,0
-0.241906,0
-0.241369,0
-0.24083,0
-0.24029,0
-0.239747,0
-0.239203,0
-0.238655,0
-0.238105,0
-0.237554,0
-0.237,0
-0.236445,0
-0.235887,0
-0.235326,0
-0.234765,0
-0.2342,0
-0.233634,0
-0.233065,0
-0.232493,0
-0.231921,0
-0.231346,0
-0.23077,0
-0.23019,0
-0.229608,0
-0.229026,0
-0.228439,0
-0.227853,0
-0.227263,0
-0.22667,0
-0.226078,0
-0.225481,0
-0.224884,0
-0.224284,0
-0.223681,0
-0.223078,0
-0.222472,0
-0.221865,0
-0.221254,0
-0.220641,0
-0.220028,0
-0.219411,0
-0.218794,0
-0.218174,0
-0.217551,0
-0.216928,0
-0.216301,0
-0.215674,0
-0.215044,0
-0.214411,0
-0.213779,0
-0.213142,0
-0.212506,0
-0.211865,0
-0.211223,0
-0.210581,0
-0.209934,0
-0.209288,0
-0.208638,0
-0.207986,0
-0.207335,0
-0.206679,0
-0.206023,0
-0.205364,0
-0.204705,0
-0.204041,0
-0.203376,0
-0.202712,0
-0.202043,0
-0.201374,0
-0.200702,0
-0.200028,0
-0.199354,0
-0.198676,0
-0.197998,0
-0.197317,0
-0.196634,0
-0.195951,0
-0.195264,0
-0.194577,0
-0.193887,0
-0.193195,0
-0.192503,0
-0.191807,0
-0.191112,0
-0.190413,0
-0.189712,0
-0.189011,0
-0.188307,0
-0.187603,0
-0.186895,0
-0.186186,0
-0.185477,0
-0.184764,0
-0.184052,0
-0.183335,0
-0.182618,0
-0.1819,0
-0.181179,0
-0.180458,0
-0.179734,0
-0.179008,0
-0.178282,0
-0.177553,0
-0.176824,0
-0.176091,0
-0.175357,0
-0.174624,0
-0.173886,0
-0.173149,0
-0.172409,0
-0.171667,0
-0.170925,0
-0.17018,0
-0.169436,0
-0.168687,0
-0.167937,0
-0.167188,0
-0.166435,0
-0.165683,0
-0.164927,0
-0.16417,0
-0.163413,0
-0.162653,0
-0.161893,0
-0.16113,0
-0.160365,0
-0.159601,0
-0.158833,0
-0.158066,0
-0.157295,0
-0.156523,0
-0.155752,0
-0.154977,0
-0.154203,0
-0.153426,0
-0.152646,0
-0.151868,0
-0.151086,0
-0.150305,0
-0.149521,0
-0.148737,0
-0.14795,0
-0.147161,0
-0.146373,0
-0.145582,0
-0.144791,0
-0.143997,0
-0.143202,0
-0.142408,0
-0.14161,0
-0.140813,0
-0.140012,0
-0.139211,0
-0.13841,0
-0.137606,0
-0.136802,0
-0.135996,0
-0.135188,0
-0.134381,0
-0.13357,0
-0.132761,0
-0.131948,0
-0.131134,0
-0.130321,0
-0.129504,0
-0.128689,0
-0.12787,0
-0.12705,0
-0.126231,0
-0.125409,0
-0.124588,0
-0.123763,0
-0.122938,0
-0.122113,0
-0.121285,0
-0.120459,0
-0.119629,0
-0.118797,0
-0.117967,0
-0.117134,0
-0.116302,0
-0.115466,0
-0.11463,0
-0.113795,0
-0.112956,0
-0.112119,0
-0.111278,0
-0.110436,0
-0.109596,0
-0.108752,0
-0.10791,0
-0.107064,0
-0.106218,0
-0.105372,0
-0.104524,0
-0.103677,0
-0.102826,0
-0.101975,0
-0.101125,0
-0.100272,0
-0.09942,0
-0.0985649,0
-0.0977089,0
-0.0968545,0
-0.0959967,0
-0.0951406,0
-0.094281,0
-0.0934207,0
-0.092562,0
-0.0916999,0
-0.0908395,0
-0.0899758,0
-0.0891112,0
-0.0882484,0
-0.0873822,0
-0.0865178,0
-0.08565,0
-0.084784,0
-0.0839147,0
-0.0830447,0
-0.0821764,0
-0.0813048,0
-0.0804351,0
-0.079562,0
-0.0786883,0
-0.0778163,0
-0.0769411,0
-0.0760678,0
-0.0751912,0
-0.0743139,0
-0.0734385,0
-0.0725599,0
-0.0716832,0
-0.0708033,0
-0.0699227,0
-0.0690441,0
-0.0681622,0
-0.0672823,0
-0.0663993,0
-0.0655156,0
-0.0646339,0
-0.063749,0
-0.0628662,0
-0.0619802,0
-0.0610936,0
-0.060209,0
-0.0593214,0
-0.0584357,0
-0.057547,0
-0.0566577,0
-0.0557705,0
-0.0548802,0
-0.053992,0
-0.0531007,0
-0.0522089,0
-0.0513192,0
-0.0504265,0
-0.0495359,0
-0.0486423,0
-0.0477482,0
-0.0468563,0
-0.0459614,0
-0.0450686,0
-0.0441729,0
-0.0432767,0
-0.0423828,0
-0.0414858,0
-0.0405911,0
-0.0396934,0
-0.0387954,0
-0.0378996,0
-0.0370008,0
-0.0361043,0
-0.0352049,0
-0.0343052,0
-0.0334077,0
-0.0325074,0
-0.0316093,0
-0.0307084,0
-0.0298072,0
-0.0289083,0
-0.0280066,0
-0.0271072,0
-0.0262049,0
-0.0253024,0
-0.0244023,0
-0.0234994,0
-0.0225988,0
-0.0216955,0
-0.0207919,0
-0.0198908,0
-0.0189869,0
-0.0180854,0
-0.0171811,0
-0.0162793,0
-0.0153747,0
-0.01447,0
-0.0135678,0
-0.0126628,0
-0.0117604,0
-0.0108552,0
-0.00994987,0
-0.00904712,0
-0.00814165,0
-0.00723874,0
-0.00633313,0
-0.00542747,0
-0.00452439,0
-0.00361863,0
-0.00271548,0
-0.00180967,0
-0.000903836,0
-6.31981e-07,0
0.000905206,0
0.0018084,0
0.00271421,0
0.00362,0
0.00452312,0
0.00542884,0
0.00633187,0
0.00723748,0
0.00814302,0
0.00904585,0
0.00995124,0
0.0108539,0
0.0117591,0
0.0126642,0
0.0135665,0
0.0144714,0
0.0153735,0
0.016278,0
0.0171825,0
0.0180841,0
0.0189882,0
0.0198895,0
0.0207933,0
0.0216968,0
0.0225976,0
0.0235007,0
0.0244011,0
0.0253038,0
0.0262063,0
0.0271059,0
0.0280079,0
0.0289071,0
0.0298086,0
0.0307098,0
0.0316081,0
0.0325087,0
0.0334065,0
0.0343065,0
0.0352063,0
0.0361031,0
0.0370022,0
0.0378983,0
0.0387967,0
0.0396948,0
0.0405899,0
0.0414872,0
0.0423815,0
0.0432781,0
0.0441742,0
0.0450674,0
0.0459627,0
0.0468551,0
0.0477496,0
0.0486411,0
0.0495347,0
0.0504279,0
0.051318,0
0.0522102,0
0.0530994,0
0.0539907,0
0.0548815,0
0.0557692,0
0.056659,0
0.0575457,0
0.0584345,0
0.0593227,0
0.0602078,0
0.0610949,0
0.0619789,0
0.0628649,0
0.0637504,0
0.0646327,0
0.0655169,0
0.066398,0
0.0672811,0
0.0681636,0
0.0690428,0
0.0699241,0
0.0708021,0
0.071682,0
0.0725613,0
0.0734373,0
0.0743153,0
0.07519,0
0.0760666,0
0.0769425,0
0.0778151,0
0.0786896,0
0.0795608,0
0.0804338,0
0.0813061,0
0.0821752,0
0.083046,0
0.0839135,0
0.0847828,0
0.0856514,0
0.0865166,0
0.0873835,0
0.0882472,0
0.0891125,0
0.0899771,0
0.0908383,0
0.0917012,0
0.0925608,0
0.093422,0
0.0942823,0
0.0951394,0
0.095998,0
0.0968533,0
0.0977102,0
0.0985662,0
0.0994188,0
0.100273,0
0.101124,0
0.101976,0
0.102828,0
0.103676,0
0.104525,0
0.105371,0
0.106219,0
0.107066,0
0.107909,0
0.108754,0
0.109595,0
0.110438,0
0.111279,0
0.112118,0
0.112957,0
0.113793,0
0.114631,0
0.115465,0
0.116301,0
0.117135,0
0.117966,0
0.118799,0
0.119627,0
0.120458,0
0.121287,0
0.122112,0
0.122939,0
0.123762,0
0.124587,0
0.12541,0
0.12623,0
0.127052,0
0.127869,0
0.128688,0
0.129506,0
0.13032,0
0.131135,0
0.131947,0
0.13276,0
0.133571,0
0.13438,0
0.135189,0
0.135995,0
0.136801,0
0.137607,0
0.138409,0
0.139212,0
0.140011,0
0.140812,0
0.141611,0
0.142407,0
0.143203,0
0.143996,0
0.14479,0
0.145583,0
0.146372,0
0.147162,0
0.147949,0
0.148736,0
0.149522,0
0.150304,0
0.151087,0
0.151867,0
0.152648,0
0.153427,0
0.154202,0
0.154978,0
0.155751,0
0.156525,0
0.157297,0
0.158065,0
0.158834,0
0.1596,0
0.160366,0
0.161131,0
0.161892,0
0.162654,0
0.163412,0
0.164171,0
0.164928,0
0.165682,0
0.166437,0
0.167187,0
0.167939,0
0.168688,0
0.169435,0
0.170181,0
0.170924,0
0.171668,0
0.17241,0
0.173148,0
0.173887,0
0.174623,0
0.175358,0
0.17609,0
0.176823,0
0.177554,0
0.178281,0
0.179009,0
0.179733,0
0.180457,0
0.18118,0
0.181899,0
0.182619,0
0.183334,0
0.184051,0
0.184765,0
0.185476,0
0.186187,0
0.186894,0
0.187602,0
0.188308,0
0.18901,0
0.189713,0
0.190412,0
0.191111,0
0.191808,0
0.192502,0
0.193196,0
0.193886,0
0.194576,0
0.195265,0
0.19595,0
0.196635,0
0.197316,0
0.197997,0
0.198677,0
0.199353,0
0.200029,0
0.200701,0
0.201373,0
0.202044,0
0.202711,0
0.203378,0
0.204041,0
0.204704,0
0.205365,0
0.206022,0
0.20668,0
0.207334,0
0.207987,0
0.208639,0
0.209287,0
0.209935,0
0.21058,0
0.211224,0
0.211866,0
0.212505,0
0.213143,0
0.213778,0
0.214412,0
0.215045,0
0.215674,0
0.216302,0
0.216927,0
0.217552,0
0.218175,0
0.218794,0
0.219412,0
0.220027,0
0.220642,0
0.221255,0
0.221864,0
0.222472,0
0.223077,0
0.223682,0
0.224285,0
0.224883,0
0.225482,0
0.226077,0
0.226671,0
0.227262,0
0.227852,0
0.22844,0
0.229025,0
0.229609,0
0.230189,0
0.230769,0
0.231347,0
0.231921,0
0.232494,0
0.233064,0
0.233633,0
0.2342,0
0.234764,0
0.235327,0
0.235886,0
0.236444,0
0.237001,0
0.237554,0
0.238106,0
0.238654,0
0.239202,0
0.239747,0
0.240289,0
0.240831,0
0.241368,0
0.241905,0
0.24244,0
0.24297,0
0.243501,0
0.244027,0
0.244553,0
0.245076,0
0.245596,0
0.246115,0
0.246631,0
0.247145,0
0.247658,0
0.248166,0
0.248674,0
0.249178,0
0.249682,0
0.250183,0
0.25068,0
0.251176,0
0.251669,0
0.252161,0
0.252651,0
0.253136,0
0.253621,0
0.254103,0
0.254583,0
0.255061,0
0.255535,0
0.256009,0
0.256479,0
0.256947,0
0.257414,0
0.257876,0
0.258338,0
0.258796,0
0.259253,0
0.259708,0
0.260159,0
0.260608,0
0.261055,0
0.2615,0
0.261943,0
0.262382,0
0.26282,0
0.263254,0
0.263687,0
0.264118,0
0.264545,0
0.264971,0
0.265393,0
0.265815,0
0.266232,0
0.266648,0
0.267062,0
0.267473,0
0.267882,0
0.268287,0
0.268691,0
0.269093,0
0.269491,0
0.269888,0
0.270281,0
0.270673,0
0.271062,0
0.271448,0
0.271832,0
0.272213,0
0.272593,0
0.27297,0
0.273343,0
0.273715,0
0.274084,0
0.274451,0
0.274815,0
0.275176,0
0.275536,0
0.275892,0
0.276246,0
0.276598,0
0.276947,0
0.277294,0
0.277637,0
0.277979,0
0.278318,0
0.278654,0
0.278989,0
0.279319,0
0.279649,0
0.279975,0
0.280299,0
0.28062,0
0.280938,0
0.281255,0
0.281569,0
0.281879,0
0.282188,0
0.282493,0
0.282797,0
0.283098,0
0.283395,0
0.283691,0
0.283984,0
0.284274,0
0.284563,0
0.284847,0
0.28513,0
0.28541,0
0.285687,0
0.285963,0
0.286234,0
0.286504,0
0.286771,0
0.287036,0
0.287298,0
0.287556,0
0.287813,0
0.288067,0
0.288318,0
0.288567,0
0.288813,0
0.289057,0
0.289297,0
0.289536,0
0.289772,0
0.290004,0
0.290235,0
0.290462,0
0.290687,0
0.290909,0
0.291129,0
0.291346,0
0.291561,0
0.291773,0
0.291981,0
0.292188,0
0.292392,0
0.292593,0
0.292792,0
0.292987,0
0.29318,0
0.293371,0
0.293559,0
0.293744,0
0.293926,0
0.294106,0
0.294283,0
0.294458,0
0.29463,0
0.294798,0
0.294965,0
0.295129,0
0.29529,0
0.295448,0
0.295604,0
0.295757,0
0.295907,0
0.296055,0
0.2962,0
0.296342,0
0.296481,0
0.296618,0
0.296752,0
0.296884,0
0.297012,0
0.297138,0
0.297262,0
0.297382,0
0.2975,0
0.297615,0
0.297728,0
0.297838,0
0.297945,0
0.298049,0
0.298151,0
0.29825,0
0.298346,0
0.29844,0
0.29853,0
0.298618,0
0.298704,0
0.298787,0
0.298866,0
0.298944,0
0.299018,0
0.29909,0
0.299159,0
0.299225,0
0.299289,0
0.29935,0
0.299408,0
0.299464,0
0.299516,0
0.299566,0
0.299613,0
0.299658,0
0.2997,0
0.299739,0
0.299775,0
0.299809,0
0.29984,0
0.299868,0
0.299894,0
0.299916,0
0.299936,0
0.299954,0
0.299968,0
0.29998,0
0.299989,0
0.299995,0
0.299999,0
0.3,0
0.299998,0
0.299994,0
0.299986,0
0.299976,0
0.299964,0
0.299948,0
0.29993,0
0.299909,0
0.299885,0
0.299859,0
0.29983,0
0.299798,0
0.299764,0
0.299726,0
0.299686,0
0.299643,0
0.299598,0
0.29955,0
0.299499,0
0.299445,0
0.299389,0
0.29933,0
0.299268,0
0.299203,0
0.299136,0
0.299066,0
0.298994,0
0.298918,0
0.29884,0
0.298759,0
0.298676,0
0.298589,0
0.2985,0
0.298409,0
0.298314,0
0.298217,0
0.298117,0
0.298015,0
0.297909,0
0.297802,0
0.297691,0
0.297577,0
0.297461,0
0.297342,0
0.297221,0
0.297097,0
0.29697,0
0.29684,0
0.296708,0
0.296573,0
0.296435,0
0.296295,0
0.296152,0
0.296006,0
0.295857,0
0.295706,0
0.295552,0
0.295396,0
0.295236,0
0.295075,0
0.29491,0
0.294742,0
0.294573,0
0.2944,0
0.294225,0
0.294046,0
0.293866,0
0.293683,0
0.293496,0
0.293308,0
0.293116,0
0.292923,0
0.292726,0
0.292526,0
0.292324,0
0.292119,0
0.291912,0
0.291702,0
0.291489,0
0.291274,0
0.291056,0
0.290836,0
0.290612,0
0.290386,0
0.290158,0
0.289927,0
0.289693,0
0.289457,0
0.289217,0
0.288976,0
0.288731,0
0.288485,0
0.288235,0
0.287982,0
0.287728,0
0.28747,0
0.287211,0
0.286948,0
0.286682,0
0.286415,0
0.286144,0
0.285871,0
0.285595,0
0.285317,0
0.285036,0
0.284752,0
0.284467,0
0.284178,0
0.283886,0
0.283593,0
0.283296,0
0.282998,0
0.282696,0
0.282391,0
0.282085,0
0.281776,0
0.281464,0
0.28115,0
0.280832,0
0.280513,0
0.280191,0
0.279867,0
0.279539,0
0.279209,0
0.278878,0
0.278542,0
0.278206,0
0.277865,0
0.277523,0
0.277178,0
0.276831,0
0.276481,0
0.276128,0
0.275773,0
0.275416,0
0.275056,0
0.274694,0
0.274329,0
0.273961,0
0.273591,0
0.273219,0
0.272844,0
0.272467,0
0.272086,0
0.271705,0
0.271319,0
0.270933,0
0.270542,0
0.270151,0
0.269756,0
0.269358,0
0.268959,0
0.268557,0
0.268153,0
0.267746,0
0.267336,0
0.266925,0
0.26651,0
0.266094,0
0.265675,0
0.265253,0
0.26483,0
0.264403,0
0.263975,0
0.263543,0
0.263109,0
0.262674,0
0.262235,0
0.261795,0
0.261352,0
0.260906,0
0.260459,0
0.260008,0
0.259557,0
0.259101,0
0.258643,0
0.258185,0
0.257722,0
0.257259,0
0.256791,0
0.256322,0
0.255851,0
0.255377,0
0.254902,0
0.254423,0
0.253942,0
0.25346,0
0.252974,0
0.252488,0
0.251997,0
0.251505,0
0.251011,0
0.250514,0
0.250016,0
0.249514,0
0.24901,0
0.248505,0
0.247997,0
0.247487,0
0.246974,0
0.246459,0
0.245943,0
0.245423,0
0.244902,0
0.244378,0
0.243851,0
0.243324,0
0.242793,0
0.242262,0
0.241726,0
0.241189,0
0.240651,0
0.240109,0
0.239566,0
0.23902,0
0.238471,0
0.237922,0
0.237369,0
0.236816,0
0.236259,0
0.235701,0
0.235139,0
0.234576,0
0.234012,0
0.233444,0
0.232875,0
0.232303,0
0.231729,0
0.231154,0
0.230576,0
0.229997,0
0.229414,0
0.22883,0
0.228245,0
0.227656,0
0.227066,0
0.226473,0
0.225878,0
0.225283,0
0.224684,0
0.224084,0
0.223481,0
0.222876,0
0.22227,0
0.221661,0
0.221051,0
0.220438,0
0.219822,0
0.219206,0
0.218587,0
0.217967,0
0.217344,0
0.216719,0
0.216093,0
0.215464,0
0.214834,0
0.214201,0
0.213566,0
0.212931,0
0.212292,0
0.211652,0
0.211009,0
0.210365,0
0.20972,0
0.209071,0
0.208422,0
0.20777,0
0.207115,0
0.206461,0
0.205803,0
0.205145,0
0.204483,0
0.203819,0
0.203156,0
0.202488,0
0.201821,0
0.20115,0
0.200477,0
0.199804,0
0.199127,0
0.198451,0
0.197771,0
0.197089,0
0.196407,0
0.195721,0
0.195036,0
0.194347,0
0.193656,0
0.192965,0
0.19227,0
0.191576,0
0.190878,0
0.190179,0
0.189479,0
0.188776,0
0.188073,0
0.187367,0
0.18666,0
0.18595,0
0.185239,0
0.184527,0
0.183812,0
0.183098,0
0.182379,0
0.181659,0
0.18094,0
0.180216,0
0.179493,0
0.178767,0
0.178038,0
0.177311,0
0.176579,0
0.175848,0
0.175114,0
0.174377,0
0.173641,0
0.172902,0
0.172163,0
0.17142,0
0.170676,0
0.169933,0
0.169185,0
0.168439,0
0.167688,0
0.166937,0
0.166185,0
0.16543,0
0.164676,0
0.163918,0
0.163159,0
0.1624,0
0.161638,0
0.160876,0
0.160111,0
0.159344,0
0.158578,0
0.157809,0
0.15704,0
0.156267,0
0.155493,0
0.15472,0
0.153943,0
0.153167,0
0.152388,0
0.151607,0
0.150827,0
0.150043,0
0.14926,0
0.148474,0
0.147686,0
0.146899,0
0.146109,0
0.145319,0
0.144526,0
0.143732,0
0.142938,0
0.142141,0
0.141345,0
0.140545,0
0.139744,0
0.138945,0
0.138141,0
0.137339,0
0.136533,0
0.135726,0
0.134919,0
0.13411,0
0.133301,0
0.132489,0
0.131676,0
0.130864,0
0.130048,0
0.129233,0
0.128415,0
0.127599,0
0.126778,0
0.125957,0
0.125136,0
0.124312,0
0.12349,0
0.122664,0
0.121837,0
0.121011,0
0.120181,0
0.119353,0
0.118521,0
0.117689,0
0.116857,0
0.116023,0
0.115189,0
0.114352,0
0.113514,0
0.112678,0
0.111838,0
0.110999,0
0.110157,0
0.109314,0
0.108472,0
0.107627,0
0.106784,0
0.105937,0
0.105089,0
0.104242,0
0.103392,0
0.102544,0
0.101692,0
0.10084,0
0.0999886,0
0.0991341,0
0.0982812,0
0.0974249,0
0.0965677,0
0.0957121,0
0.0948532,0
0.0939959,0
0.0931352,0
0.0922737,0
0.0914139,0
0.0905507,0
0.0896892,0
0.0888244,0
0.0879588,0
0.0870949,0
0.0862276,0
0.0853622,0
0.0844934,0
0.0836238,0
0.082756,0
0.081885,0
0.0810157,0
0.0801431,0
0.0792698,0
0.0783984,0
0.0775237,0
0.0766508,0
0.0757747,0
0.0748979,0
0.0740229,0
0.0731447,0
0.0722685,0
0.071389,0
0.0705088,0
0.0696306,0
0.0687492,0
0.0678697,0
0.0669871,0
0.0661038,0
0.0652225,0
0.064338,0
0.0634555,0
0.0625699,0
0.0616863,0
0.0607995,0
0.0599122,0
0.0590269,0
0.0581385,0
0.0572522,0
0.0563627,0
0.0554728,0
0.0545849,0
0.0536939,0
0.052805,0
0.0519131,0
0.0510207,0
0.0501304,0
0.0492371,0
0.0483459,0
0.0474517,0
0.046557,0
0.0456646,0
0.0447691,0
0.0438758,0
0.0429795,0
0.0420828,0
0.0411883,0
0.0402909,0
0.0393957,0
0.0384975,0
0.037599,0
0.0367027,0
0.0358035,0
0.0349066,0
0.0340068,0
0.0331066,0
0.0322088,0
0.031308,0
0.0304096,0
0.0295083,0
0.0286067,0
0.0277075,0
0.0268054,0
0.0259057,0
0.0250031,0
0.0241003,0
0.0231999,0
0.0222967,0
0.0213959,0
0.0204923,0
0.0195885,0
0.0186871,0
0.0177829,0
0.0168812,0
0.0159768,0
0.0150721,0
0.01417,0
0.0132651,0
0.0123627,0
0.0114576,0
0.0105524,0
0.00964968,0
0.00874427,0
0.00784141,0
0.00693585,0
0.00603022,0
0.00512717,0
0.00422144,0
0.00331831,0
0.00241251,0
0.00150669,0
0.000603492,0
-0.000302347,0
-0.00120555,0
-0.00211137,0
-0.00301718,0
-0.00392032,0
-0.00482607,0
-0.00572913,0
-0.00663478,0
-0.00753773,0
-0.00844325,0
-0.00934869,0
-0.0102514,0
-0.0111567,0
-0.0120592,0
-0.0129643,0
-0.0138692,0
-0.0147714,0
-0.015676,0
-0.0165779,0
-0.0174823,0
-0.0183865,0
-0.019288,0
-0.0201918,0
-0.0210929,0
-0.0219964,0
-0.0228997,0
-0.0238002,0
-0.024703,0
-0.0256031,0
-0.0265055,0
-0.0274076,0
-0.0283069,0
-0.0292086,0
-0.0301074,0
-0.0310085,0
-0.0319094,0
-0.0328073,0
-0.0337076,0
-0.0346049,0
-0.0355045,0
-0.0364038,0
-0.0373002,0
-0.0381988,0
-0.0390945,0
-0.0399925,0
-0.04089,0
-0.0417846,0
-0.0426814,0
-0.0435753,0
-0.0444713,0
-0.0453669,0
-0.0462595,0
-0.0471543,0
-0.0480461,0
-0.04894,0
-0.0498335,0
-0.0507239,0
-0.0516165,0
-0.052506,0
-0.0533976,0
-0.0542887,0
-0.0551768,0
-0.0560669,0
-0.0569539,0
-0.057843,0
-0.0587316,0
-0.0596171,0
-0.0605046,0
-0.061389,0
-0.0622753,0
-0.0631612,0
-0.0640438,0
-0.0649285,0
-0.06581,0
-0.0666935,0
-0.0675763,0
-0.068456,0
-0.0693377,0
-0.0702161,0
-0.0710965,0
-0.0719762,0
-0.0728527,0
-0.073731,0
-0.0746062,0
-0.0754833,0
-0.0763571,0
-0.0772327,0
-0.0781077,0
-0.0789794,0
-0.0798529,0
-0.0807232,0
-0.0815952,0
-0.0824665,0
-0.0833346,0
-0.0842044,0
-0.0850709,0
-0.0859392,0
-0.0868066,0
-0.0876708,0
-0.0885367,0
-0.0893993,0
-0.0902636,0
-0.091127,0
-0.0919871,0
-0.0928489,0
-0.0937073,0
-0.0945674,0
-0.0954266,0
-0.0962825,0
-0.09714,0
-0.0979941,0
-0.0988498,0
-0.0997046,0
-0.100556,0
-0.101409,0
-0.102259,0
-0.10311,0
-0.10396,0
-0.104807,0
-0.105655,0
-0.1065,0
-0.107346,0
-0.108192,0
-0.109033,0
-0.109877,0
-0.110717,0
-0.111558,0
-0.112399,0
-0.113235,0
-0.114074,0
-0.114909,0
-0.115745,0
-0.11658,0
-0.117412,0
-0.118245,0
-0.119074,0
-0.119905,0
-0.120735,0
-0.121561,0
-0.122389,0
-0.123213,0
-0.124038,0
-0.124862,0
-0.125683,0
-0.126505,0
-0.127324,0
-0.128143,0
-0.128962,0
-0.129777,0
-0.130593,0
-0.131405,0
-0.132219,0
-0.133031,0
-0.13384,0
-0.13465,0
-0.135457,0
-0.136265,0
-0.137071,0
-0.137874,0
-0.138678,0
-0.139478,0
-0.140279,0
-0.141077,0
-0.141876,0
-0.142673,0
-0.143467,0
-0.144262,0
-0.145053,0
-0.145846,0
-0.146636,0
-0.147424,0
-0.148212,0
-0.148997,0
-0.149782,0
-0.150566,0
-0.151347,0
-0.152128,0
-0.152906,0
-0.153685,0
-0.154462,0
-0.155236,0
-0.15601,0
-0.156781,0
-0.157552,0
-0.158322,0
-0.159089,0
-0.159856,0
-0.16062,0
-0.161384,0
-0.162147,0
-0.162906,0
-0.163666,0
-0.164422,0
-0.165179,0
-0.165935,0
-0.166686,0
-0.167439,0
-0.168187,0
-0.168937,0
-0.169684,0
-0.170429,0
-0.171173,0
-0.171914,0
-0.172656,0
-0.173396,0
-0.174132,0
-0.174869,0
-0.175602,0
-0.176336,0
-0.177068,0
-0.177796,0
-0.178525,0
-0.17925,0
-0.179975,0
-0.180699,0
-0.181419,0
-0.18214,0
-0.182857,0
-0.183574,0
-0.18429,0
-0.185002,0
-0.185714,0
-0.186422,0
-0.187131,0
-0.187838,0
-0.188542,0
-0.189246,0
-0.189946,0
-0.190646,0
-0.191344,0
-0.192039,0
-0.192734,0
-0.193425,0
-0.194117,0
-0.194807,0
-0.195493,0
-0.196179,0
-0.196861,0
-0.197544,0
-0.198223,0
-0.198902,0
-0.199579,0
-0.200253,0
-0.200926,0
-0.201596,0
-0.202266,0
-0.202934,0
-0.203598,0
-0.204263,0
-0.204923,0
-0.205584,0
-0.206243,0
-0.206898,0
-0.207553,0
-0.208204,0
-0.208855,0
-0.209504,0
-0.21015,0
-0.210795,0
-0.211437,0
-0.212079,0
-0.212718,0
-0.213354,0
-0.21399,0
-0.214622,0
-0.215254,0
-0.215884,0
-0.21651,0
-0.217136,0
-0.217759,0
-0.218381,0
-0.219001,0
-0.219617,0
-0.220233,0
-0.220845,0
-0.221458,0
-0.222068,0
-0.222674,0
-0.22328,0
-0.223882,0
-0.224484,0
-0.225084,0
-0.22568,0
-0.226276,0
-0.226868,0
-0.227459,0
-0.228049,0
-0.228635,0
-0.22922,0
-0.229802,0
-0.230383,0
-0.230962,0
-0.231538,0
-0.232113,0
-0.232684,0
-0.233255,0
-0.233823,0
-0.234388,0
-0.234952,0
-0.235513,0
-0.236073,0
-0.236631,0
-0.237185,0
-0.237738,0
-0.238288,0
-0.238838,0
-0.239385,0
-0.239928,0
-0.240471,0
-0.24101,0
-0.241548,0
-0.242084,0
-0.242616,0
-0.243148,0
-0.243676,0
-0.244203,0
-0.244727,0
-0.24525,0
-0.24577,0
-0.246287,0
-0.246803,0
-0.247315,0
-0.247827,0
-0.248336,0
-0.248842,0
-0.249347,0
-0.249848,0
-0.250348,0
-0.250846,0
-0.25134,0
-0.251834,0
-0.252324,0
-0.252812,0
-0.253299,0
-0.253782,0
-0.254264,0
-0.254742,0
-0.255219,0
-0.255694,0
-0.256165,0
-0.256636,0
-0.257102,0
-0.257568,0
-0.258031,0
-0.258491,0
-0.258949,0
-0.259404,0
-0.259858,0
-0.260309,0
-0.260757,0
-0.261204,0
-0.261647,0
-0.262089,0
-0.262528,0
-0.262964,0
-0.263399,0
-0.26383,0
-0.26426,0
-0.264688,0
-0.265112,0
-0.265535,0
-0.265954,0
-0.266372,0
-0.266787,0
-0.267199,0
-0.26761,0
-0.268017,0
-0.268422,0
-0.268826,0
-0.269225,0
-0.269624,0
-0.270019,0
-0.270412,0
-0.270803,0
-0.271191,0
-0.271577,0
-0.271959,0
-0.27234,0
-0.272719,0
-0.273094,0
-0.273468,0
-0.273838,0
-0.274207,0
-0.274573,0
-0.274936,0
-0.275297,0
-0.275654,0
-0.276011,0
-0.276363,0
-0.276714,0
-0.277063,0
-0.277408,0
-0.277752,0
-0.278092,0
-0.27843,0
-0.278766,0
-0.279099,0
-0.27943,0
-0.279757,0
-0.280083,0
-0.280406,0
-0.280726,0
-0.281044,0
-0.281359,0
-0.281672,0
-0.281983,0
-0.28229,0
-0.282595,0
-0.282897,0
-0.283197,0
-0.283495,0
-0.283789,0
-0.284081,0
-0.28437,0
-0.284658,0
-0.284942,0
-0.285223,0
-0.285503,0
-0.285779,0
-0.286053,0
-0.286325,0
-0.286593,0
-0.28686,0
-0.287123,0
-0.287384,0
-0.287643,0
-0.287898,0
-0.288151,0
-0.288401,0
-0.288649,0
-0.288895,0
-0.289137,0
-0.289377,0
-0.289614,0
-0.289849,0
-0.290082,0
-0.290311,0
-0.290538,0
-0.290761,0
-0.290983,0
-0.291202,0
-0.291418,0
-0.291632,0
-0.291842,0
-0.292051,0
-0.292257,0
-0.292459,0
-0.29266,0
-0.292857,0
-0.293052,0
-0.293245,0
-0.293434,0
-0.293621,0
-0.293805,0
-0.293987,0
-0.294166,0
-0.294342,0
-0.294515,0
-0.294686,0
-0.294854,0
-0.29502,0
-0.295183,0
-0.295343,0
-0.2955,0
-0.295655,0
-0.295807,0
-0.295957,0
-0.296103,0
-0.296247,0
-0.296389,0
-0.296527,0
-0.296663,0
-0.296797,0
-0.296927,0
-0.297055,0
-0.29718,0
-0.297302,0
-0.297422,0
-0.297539,0
-0.297653,0
-0.297765,0
-0.297874,0
-0.29798,0
-0.298083,0
-0.298184,0
-0.298282,0
-0.298378,0
-0.29847,0
-0.29856,0
-0.298647,0
-0.298732,0
-0.298813,0
-0.298893,0
-0.298969,0
-0.299042,0
-0.299113,0
-0.299181,0
-0.299247,0
-0.29931,0
-0.29937,0
-0.299427,0
-0.299481,0
-0.299533,0
-0.299582,0
-0.299629,0
-0.299672,0
-0.299713,0
-0.299751,0
-0.299787,0
-0.29982,0
-0.29985,0
-0.299877,0
-0.299901,0
-0.299923,0
-0.299942,0
-0.299959,0
-0.299972,0
-0.299983,0
-0.299991,0
-0.299997,0
-0.3,0
-0.3,0
-0.299997,0
-0.299991,0
-0.299983,0
-0.299972,0
-0.299959,0
-0.299942,0
-0.299923,0
-0.299901,0
-0.299877,0
-0.29985,0
-0.29982,0
-0.299787,0
-0.299751,0
-0.299713,0
-0.299672,0
-0.299629,0
-0.299582,0
-0.299533,0
-0.299481,0
-0.299427,0
-0.29937,0
-0.29931,0
-0.299247,0
-0.299181,0
-0.299113,0
-0.299042,0
-0.298969,0
-0.298892,0
-0.298814,0
-0.298732,0
-0.298647,0
-0.29856,0
-0.29847,0
-0.298378,0
-0.298282,0
-0.298184,0
-0.298083,0
-0.29798,0
-0.297874,0
-0.297765,0
-0.297653,0
-0.297539,0
-0.297422,0
-0.297302,0
-0.29718,0
-0.297055,0
-0.296927,0
-0.296796,0
-0.296663,0
-0.296527,0
-0.296389,0
-0.296247,0
-0.296103,0
-0.295957,0
-0.295807,0
-0.295655,0
-0.2955,0
-0.295343,0
-0.295183,0
-0.29502,0
-0.294855,0
-0.294686,0
-0.294515,0
-0.294342,0
-0.294165,0
-0.293987,0
-0.293805,0
-0.293621,0
-0.293434,0
-0.293244,0
-0.293052,0
-0.292857,0
-0.292659,0
-0.292459,0
-0.292256,0
-0.292051,0
-0.291842,0
-0.291631,0
-0.291418,0
-0.291202,0
-0.290983,0
-0.290762,0
-0.290537,0
-0.290311,0
-0.290081,0
-0.289849,0
-0.289614,0
-0.289377,0
-0.289137,0
-0.288894,0
-0.28865,0
-0.288402,0
-0.288151,0
-0.287898,0
-0.287642,0
-0.287384,0
-0.287123,0
-0.28686,0
-0.286593,0
-0.286324,0
-0.286054,0
-0.285779,0
-0.285503,0
-0.285224,0
-0.284942,0
-0.284658,0
-0.28437,0
-0.284081,0
-0.283789,0
-0.283494,0
-0.283197,0
-0.282897,0
-0.282595,0
-0.28229,0
-0.281982,0
-0.281672,0
-0.281359,0
-0.281045,0
-0.280726,0
-0.280406,0
-0.280083,0
-0.279758,0
-0.27943,0
-0.279099,0
-0.278766,0
-0.278431,0
-0.278092,0
-0.277752,0
-0.277409,0
-0.277062,0
-0.276715,0
-0.276364,0
-0.276011,0
-0.275655,0
-0.275296,0
-0.274936,0
-0.274572,0
-0.274207,0
-0.273838,0
-0.273467,0
-0.273094,0
-0.272718,0
-0.272341,0
-0.27196,0
-0.271576,0
-0.271191,0
-0.270802,0
-0.270412,0
-0.270019,0
-0.269623,0
-0.269226,0
-0.268825,0
-0.268423,0
-0.268017,0
-0.267609,0
-0.267199,0
-0.266786,0
-0.266372,0
-0.265954,0
-0.265534,0
-0.265112,0
-0.264687,0
-0.264261,0
-0.263831,0
-0.263398,0
-0.262965,0
-0.262528,0
-0.262089,0
-0.261647,0
-0.261203,0
-0.260758,0
-0.260308,0
-0.259858,0
-0.259404,0
-0.25895,0
-0.258491,0
-0.25803,0
-0.257568,0
-0.257103,0
-0.256636,0
-0.256166,0
-0.255693,0
-0.25522,0
-0.254742,0
-0.254264,0
-0.253782,0
-0.253298,0
-0.252813,0
-0.252324,0
-0.251834,0
-0.251341,0
-0.250845,0
-0.250349,0
-0.249848,0
-0.249347,0
-0.248842,0
-0.248335,0
-0.247827,0
-0.247316,0
-0.246804,0
-0.246287,0
-0.245769,0
-0.24525,0
-0.244727,0
-0.244204,0
-0.243676,0
-0.243147,0
-0.242617,0
-0.242083,0
-0.241548,0
-0.24101,0
-0.240469,0
-0.239928,0
-0.239383,0
-0.238838,0
-0.238289,0
-0.237737,0
-0.237185,0
-0.23663,0
-0.236073,0
-0.235513,0
-0.234951,0
-0.234388,0
-0.233822,0
-0.233255,0
-0.232684,0
-0.232112,0
-0.231538,0
-0.230961,0
-0.230384,0
-0.229802,0
-0.229219,0
-0.228635,0
-0.228048,0
-0.22746,0
-0.226868,0
-0.226275,0
-0.225681,0
-0.225083,0
-0.224485,0
-0.223883,0
-0.223279,0
-0.222674,0
-0.222066,0
-0.221458,0
-0.220846,0
-0.220232,0
-0.219618,0
-0.218999,0
-0.218381,0
-0.217759,0
-0.217137,0
-0.216511,0
-0.215883,0
-0.215255,0
-0.214623,0
-0.213991,0
-0.213355,0
-0.212717,0
-0.212079,0
-0.211438,0
-0.210796,0
-0.21015,0
-0.209503,0
-0.208856,0
-0.208204,0
-0.207553,0
-0.206898,0
-0.206241,0
-0.205584,0
-0.204924,0
-0.204263,0
-0.203599,0
-0.202933,0
-0.202266,0
-0.201597,0
-0.200927,0
-0.200253,0
-0.199578,0
-0.198903,0
-0.198223,0
-0.197545,0
-0.196862,0
-0.196178,0
-0.195493,0
-0.194805,0
-0.194118,0
-0.193426,0
-0.192733,0
-0.19204,0
-0.191343,0
-0.190646,0
-0.189946,0
-0.189244,0
-0.188542,0
-0.187837,0
-0.187132,0
-0.186423,0
-0.185713,0
-0.185002,0
-0.184288,0
-0.183575,0
-0.182858,0
-0.182139,0
-0.18142,0
-0.180698,0
-0.179976,0
-0.17925,0
-0.178523,0
-0.177797,0
-0.177066,0
-0.176336,0
-0.175603,0
-0.174867,0
-0.174133,0
-0.173394,0
-0.172656,0
-0.171915,0
-0.171172,0
-0.170429,0
-0.169683,0
-0.168937,0
-0.168188,0
-0.167437,0
-0.166687,0
-0.165933,0
-0.16518,0
-0.164423,0
-0.163667,0
-0.162907,0
-0.162145,0
-0.161385,0
-0.16062,0
-0.159857,0
-0.15909,0
-0.158321,0
-0.157553,0
-0.156781,0
-0.156011,0
-0.155236,0
-0.15446,0
-0.153685,0
-0.152907,0
-0.152129,0
-0.151348,0
-0.150565,0
-0.149783,0
-0.148997,0
-0.148213,0
-0.147424,0
-0.146635,0
-0.145846,0
-0.145054,0
-0.144263,0
-0.143468,0
-0.142672,0
-0.141876,0
-0.141078,0
-0.14028,0
-0.139479,0
-0.138676,0
-0.137874,0
-0.137069,0
-0.136265,0
-0.135458,0
-0.134649,0
-0.133841,0
-0.13303,0
-0.13222,0
-0.131406,0
-0.130591,0
-0.129777,0
-0.12896,0
-0.128144,0
-0.127324,0
-0.126503,0
-0.125684,0
-0.124861,0
-0.124039,0
-0.123214,0
-0.122387,0
-0.121562,0
-0.120733,0
-0.119906,0
-0.119075,0
-0.118243,0
-0.117412,0
-0.116578,0
-0.115746,0
-0.114909,0
-0.114072,0
-0.113236,0
-0.112397,0
-0.111559,0
-0.110718,0
-0.109875,0
-0.109034,0
-0.10819,0
-0.107347,0
-0.106501,0
-0.105653,0
-0.104807,0
-0.103958,0
-0.10311,0
-0.102259,0
-0.10141,0
-0.100557,0
-0.0997029,0
-0.0988505,0
-0.0979948,0
-0.0971407,0
-0.0962833,0
-0.0954249,0
-0.0945682,0
-0.0937081,0
-0.0928497,0
-0.0919879,0
-0.0911253,0
-0.0902643,0
-0.0894,0
-0.0885375,0
-0.0876716,0
-0.0868049,0
-0.0859399,0
-0.0850717,0
-0.0842051,0
-0.0833353,0
-0.0824648,0
-0.081596,0
-0.0807239,0
-0.0798537,0
-0.0789801,0
-0.0781059,0
-0.0772335,0
-0.0763578,0
-0.075484,0
-0.074607,0
-0.0737293,0
-0.0728534,0
-0.0719744,0
-0.0710972,0
-0.0702169,0
-0.0693359,0
-0.0684568,0
-0.0675746,0
-0.0666943,0
-0.0658108,0
-0.0649267,0
-0.0640446,0
-0.0631594,0
-0.0622761,0
-0.0613897,0
-0.0605028,0
-0.0596179,0
-0.0587298,0
-0.0578438,0
-0.0569547,0
-0.0560651,0
-0.0551776,0
-0.0542869,0
-0.0533984,0
-0.0525068,0
-0.0516147,0
-0.0507247,0
-0.0498317,0
-0.0489408,0
-0.0480469,0
-0.0471525,0
-0.0462603,0
-0.0453651,0
-0.0444721,0
-0.043576,0
-0.0426796,0
-0.0417854,0
-0.0408882,0
-0.0399932,0
-0.0390953,0
-0.038197,0
-0.037301,0
-0.036402,0
-0.0355053,0
-0.0346057,0
-0.0337084,0
-0.0328081,0
-0.0319075,0
-0.0310093,0
-0.0301082,0
-0.0292094,0
-0.0283077,0
-0.0274058,0
-0.0265063,0
-0.0256039,0
-0.0247038,0
-0.023801,0
-0.0228979,0
-0.0219972,0
-0.0210937,0
-0.0201926,0
-0.0192888,0
-0.0183847,0
-0.0174831,0
-0.0165787,0
-0.0156768,0
-0.0147722,0
-0.0138674,0
-0.0129651,0
-0.01206,0
-0.0111575,0
-0.0102522,0
-0.00934686,0
-0.00844405,0
-0.00753853,0
-0.00663558,0
-0.00572993,0
-0.00482423,0
-0.00392112,0
-0.00301535,0
-0.00211217,0
-0.00120635,0
-0.000300514,0
0.000602691,0
0.00150852,0
0.00241171,0
0.00331751,0
0.00422327,0
0.00512637,0
0.00603205,0
0.00693505,0
0.00784061,0
0.0087461,0
0.00964888,0
0.0105542,0
0.0114568,0
0.0123619,0
0.0132669,0
0.0141692,0
0.015074,0
0.015976,0
0.0168804,0
0.0177848,0
0.0186863,0
0.0195903,0
0.0204915,0
0.0213951,0
0.0222985,0
0.0231991,0
0.0241022,0
0.0250023,0
0.0259049,0
0.0268073,0
0.0277067,0
0.0286086,0
0.0295075,0
0.0304088,0
0.0313072,0
0.032208,0
0.0331084,0
0.034006,0
0.0349058,0
0.0358027,0
0.0367019,0
0.0376008,0
0.0384967,0
0.0393949,0
0.0402901,0
0.0411875,0
0.0420846,0
0.0429787,0
0.043875,0
0.0447683,0
0.0456638,0
0.0465589,0
0.0474509,0
0.0483451,0
0.0492363,0
0.0501296,0
0.0510225,0
0.0519123,0
0.0528043,0
0.0536931,0
0.0545841,0
0.0554746,0
0.0563619,0
0.0572514,0
0.0581377,0
0.0590261,0
0.059914,0
0.0607987,0
0.0616855,0
0.0625691,0
0.0634547,0
0.0643398,0
0.0652217,0
0.0661056,0
0.0669863,0
0.0678689,0
0.068751,0
0.0696298,0
0.0705106,0
0.0713882,0
0.0722677,0
0.0731465,0
0.0740221,0
0.0748996,0
0.0757739,0
0.07665,0
0.0775254,0
0.0783976,0
0.0792716,0
0.0801424,0
0.0810149,0
0.0818867,0
0.0827553,0
0.0836256,0
0.0844926,0
0.0853614,0
0.0862294,0
0.0870941,0
0.0879605,0
0.0888236,0
0.0896884,0
0.0905524,0
0.0914131,0
0.0922755,0
0.0931345,0
0.0939951,0
0.0948549,0
0.0957114,0
0.0965694,0
0.0974241,0
0.0982804,0
0.0991333,0
0.0999878,0
0.100841,0
0.101692,0
0.102543,0
0.103392,0
0.104242,0
0.10509,0
0.105936,0
0.106783,0
0.107627,0
0.108472,0
0.109316,0
0.110156,0
0.110998,0
0.111837,0
0.112677,0
0.113516,0
0.114351,0
0.115188,0
0.116022,0
0.116857,0
0.11769,0
0.118521,0
0.119352,0
0.12018,0
0.12101,0
0.121838,0
0.122663,0
0.123489,0
0.124312,0
0.125136,0
0.125958,0
0.126777,0
0.127598,0
0.128415,0
0.129233,0
0.13005,0
0.130863,0
0.131677,0
0.132488,0
0.133301,0
0.134111,0
0.134919,0
0.135727,0
0.136532,0
0.137338,0
0.138143,0
0.138944,0
0.139746,0
0.140545,0
0.141344,0
0.142143,0
0.142937,0
0.143733,0
0.144525,0
0.145318,0
0.14611,0
0.146898,0
0.147688,0
0.148473,0
0.14926,0
0.150045,0
0.150826,0
0.151608,0
0.152387,0
0.153167,0
0.153945,0
0.154719,0
0.155495,0
0.156266,0
0.157039,0
0.15781,0
0.158578,0
0.159346,0
0.16011,0
0.160876,0
0.161637,0
0.1624,0
0.16316,0
0.163918,0
0.164676,0
0.16543,0
0.166185,0
0.166938,0
0.167688,0
0.168438,0
0.169185,0
0.169932,0
0.170678,0
0.17142,0
0.172162,0
0.172901,0
0.173641,0
0.174379,0
0.175113,0
0.175848,0
0.176579,0
0.17731,0
0.17804,0
0.178766,0
0.179493,0
0.180216,0
0.180939,0
0.181661,0
0.182379,0
0.183097,0
0.183812,0
0.184527,0
0.18524,0
0.18595,0
0.18666,0
0.187366,0
0.188073,0
0.188777,0
0.189479,0
0.19018,0
0.190878,0
0.191576,0
0.192272,0
0.192964,0
0.193657,0
0.194346,0
0.195035,0
0.195722,0
0.196406,0
0.19709,0
0.19777,0
0.19845,0
0.199129,0
0.199803,0
0.200478,0
0.201149,0
0.20182,0
0.202489,0
0.203155,0
0.203821,0
0.204482,0
0.205144,0
0.205804,0
0.206461,0
0.207117,0
0.207769,0
0.208422,0
0.209072,0
0.209719,0
0.210366,0
0.211009,0
0.211652,0
0.212293,0
0.21293,0
0.213567,0
0.214201,0
0.214834,0
0.215463,0
0.216093,0
0.21672,0
0.217343,0
0.217967,0
0.218586,0
0.219206,0
0.219823,0
0.220437,0
0.22105,0
0.22166,0
0.222269,0
0.222877,0
0.22348,0
0.224084,0
0.224683,0
0.225282,0
0.22588,0
0.226473,0
0.227066,0
0.227655,0
0.228244,0
0.228831,0
0.229414,0
0.229997,0
0.230575,0
0.231154,0
0.23173,0
0.232303,0
0.232875,0
0.233443,0
0.234011,0
0.234577,0
0.235139,0
0.2357,0
0.236258,0
0.236815,0
0.23737,0
0.237922,0
0.238472,0
0.239019,0
0.239565,0
0.24011,0
0.24065,0
0.24119,0
0.241726,0
0.242261,0
0.242794,0
0.243324,0
0.243853,0
0.244378,0
0.244902,0
0.245424,0
0.245942,0
0.24646,0
0.246974,0
0.247487,0
0.247998,0
0.248505,0
0.249011,0
0.249514,0
0.250015,0
0.250515,0
0.251011,0
0.251506,0
0.251997,0
0.252487,0
0.252975,0
0.25346,0
0.253943,0
0.254423,0
0.254902,0
0.255378,0
0.255851,0
0.256323,0
0.256791,0
0.257258,0
0.257722,0
0.258184,0
0.258644,0
0.259101,0
0.259556,0
0.260008,0
0.260459,0
0.260907,0
0.261351,0
0.261795,0
0.262235,0
0.262674,0
0.26311,0
0.263543,0
0.263974,0
0.264402,0
0.264829,0
0.265254,0
0.265674,0
0.266094,0
0.26651,0
0.266924,0
0.267337,0
0.267745,0
0.268153,0
0.268556,0
0.268959,0
0.269359,0
0.269755,0
0.270151,0
0.270542,0
0.270932,0
0.27132,0
0.271704,0
0.272087,0
0.272466,0
0.272844,0
0.273219,0
0.273591,0
0.273962,0
0.274328,0
0.274694,0
0.275057,0
0.275416,0
0.275774,0
0.276128,0
0.276481,0
0.276831,0
0.277178,0
0.277523,0
0.277865,0
0.278205,0
0.278543,0
0.278877,0
0.27921,0
0.279539,0
0.279867,0
0.280191,0
0.280513,0
0.280833,0
0.281149,0
0.281464,0
0.281776,0
0.282085,0
0.282392,0
0.282696,0
0.282997,0
0.283297,0
0.283593,0
0.283887,0
0.284178,0
0.284467,0
0.284753,0
0.285036,0
0.285317,0
0.285595,0
0.285871,0
0.286144,0
0.286414,0
0.286683,0
0.286947,0
0.28721,0
0.28747,0
0.287728,0
0.287983,0
0.288235,0
0.288485,0
0.288731,0
0.288976,0
0.289218,0
0.289456,0
0.289693,0
0.289927,0
0.290158,0
0.290387,0
0.290612,0
0.290836,0
0.291056,0
0.291274,0
0.29149,0
0.291702,0
0.291912,0
0.292119,0
0.292324,0
0.292526,0
0.292725,0
0.292922,0
0.293116,0
0.293308,0
0.293497,0
0.293682,0
0.293866,0
0.294046,0
0.294225,0
0.2944,0
0.294572,0
0.294743,0
0.29491,0
0.295074,0
0.295237,0
0.295396,0
0.295552,0
0.295706,0
0.295857,0
0.296006,0
0.296152,0
0.296295,0
0.296435,0
0.296573,0
0.296708,0
0.29684,0
0.29697,0
0.297097,0
0.297221,0
0.297343,0
0.297461,0
0.297577,0
0.297691,0
0.297801,0
0.29791,0
0.298015,0
0.298117,0
0.298217,0
0.298314,0
0.298409,0
0.2985,0
0.298589,0
0.298676,0
0.298759,0
0.29884,0
0.298918,0
0.298994,0
0.299066,0
0.299136,0
0.299203,0
0.299268,0
0.29933,0
0.299389,0
0.299445,0
0.299499,0
0.29955,0
0.299598,0
0.299643,0
0.299686,0
0.299726,0
0.299764,0
0.299798,0
0.29983,0
0.299859,0
0.299885,0
0.299909,0
0.29993,0
0.299948,0
0.299964,0
0.299976,0
0.299986,0
0.299994,0
0.299998,0
0.3,0
0.299999,0
0.299995,0
0.299989,0
0.29998,0
0.299968,0
0.299954,0
0.299936,0
0.299916,0
0.299894,0
0.299868,0
0.29984,0
0.299809,0
0.299775,0
0.299739,0
0.2997,0
0.299658,0
0.299613,0
0.299566,0
0.299516,0
0.299463,0
0.299408,0
0.29935,0
0.299289,0
0.299225,0
0.299159,0
0.29909,0
0.299018,0
0.298944,0
0.298866,0
0.298786,0
0.298704,0
0.298618,0
0.29853,0
0.29844,0
0.298346,0
0.29825,0
0.298151,0
0.298049,0
0.297945,0
0.297838,0
0.297728,0
0.297615,0
0.2975,0
0.297382,0
0.297262,0
0.297139,0
0.297012,0
0.296883,0
0.296752,0
0.296618,0
0.296481,0
0.296342,0
0.2962,0
0.296055,0
0.295907,0
0.295757,0
0.295604,0
0.295448,0
0.29529,0
0.295129,0
0.294965,0
0.294799,0
0.29463,0
0.294458,0
0.294283,0
0.294106,0
0.293926,0
0.293744,0
0.293559,0
0.293371,0
0.293181,0
0.292987,0
0.292792,0
0.292593,0
0.292392,0
0.292188,0
0.291981,0
0.291773,0
0.291561,0
0.291346,0
0.291129,0
0.290909,0
0.290687,0
0.290462,0
0.290234,0
0.290004,0
0.289771,0
0.289536,0
0.289297,0
0.289056,0
0.288813,0
0.288567,0
0.288319,0
0.288067,0
0.287813,0
0.287557,0
0.287297,0
0.287036,0
0.286771,0
0.286504,0
0.286235,0
0.285962,0
0.285688,0
0.28541,0
0.28513,0
0.284847,0
0.284562,0
0.284275,0
0.283984,0
0.283691,0
0.283396,0
0.283097,0
0.282797,0
0.282493,0
0.282187,0
0.281879,0
0.281568,0
0.281255,0
0.280938,0
0.280619,0
0.280299,0
0.279975,0
0.279649,0
0.27932,0
0.278988,0
0.278655,0
0.278318,0
0.277979,0
0.277637,0
0.277294,0
0.276947,0
0.276598,0
0.276247,0
0.275892,0
0.275536,0
0.275177,0
0.274814,0
0.274451,0
0.274084,0
0.273715,0
0.273343,0
0.272969,0
0.272593,0
0.272213,0
0.271833,0
0.271448,0
0.271061,0
0.270673,0
0.270281,0
0.269888,0
0.269491,0
0.269092,0
0.268691,0
0.268287,0
0.267882,0
0.267473,0
0.267061,0
0.266649,0
0.266232,0
0.265815,0
0.265394,0
0.26497,0
0.264546,0
0.264117,0
0.263688,0
0.263254,0
0.262819,0
0.262382,0
0.261942,0
0.2615,0
0.261055,0
0.260608,0
0.260159,0
0.259707,0
0.259253,0
0.258796,0
0.258337,0
0.257877,0
0.257413,0
0.256948,0
0.256479,0
0.256008,0
0.255536,0
0.25506,0
0.254583,0
0.254103,0
0.25362,0
0.253137,0
0.25265,0
0.252161,0
0.251669,0
0.251175,0
0.25068,0
0.250182,0
0.249682,0
0.249179,0
0.248673,0
0.248167,0
0.247657,0
0.247146,0
0.246631,0
0.246116,0
0.245597,0
0.245075,0
0.244553,0
0.244028,0
0.243501,0
0.242971,0
0.242438,0
0.241905,0
0.241368,0
0.240831,0
0.24029,0
0.239746,0
0.239202,0
0.238655,0
0.238106,0
0.237554,0
0.237,0
0.236445,0
0.235886,0
0.235327,0
0.234764,0
0.234199,0
0.233634,0
0.233064,0
0.232495,0
0.231921,0
0.231345,0
0.230769,0
0.23019,0
0.229609,0
0.229025,0
0.228439,0
0.227853,0
0.227262,0
0.226672,0
0.226077,0
0.225481,0
0.224884,0
0.224283,0
0.223683,0
0.223078,0
0.222471,0
0.221864,0
0.221254,0
0.220643,0
0.220028,0
0.219411,0
0.218794,0
0.218173,0
0.217552,0
0.216928,0
0.216301,0
0.215674,0
0.215044,0
0.214413,0
0.213778,0
0.213142,0
0.212505,0
0.211865,0
0.211224,0
0.21058,0
0.209934,0
0.209288,0
0.208638,0
0.207988,0
0.207334,0
0.206679,0
0.206023,0
0.205364,0
0.204704,0
0.204041,0
0.203376,0
0.202711,0
0.202043,0
0.201374,0
0.200702,0
0.200029,0
0.199353,0
0.198676,0
0.197998,0
0.197316,0
0.196635,0
0.19595,0
0.195263,0
0.194577,0
0.193887,0
0.193196,0
0.192503,0
0.191807,0
0.191112,0
0.190412,0
0.189714,0
0.189011,0
0.188307,0
0.187603,0
0.186895,0
0.186188,0
0.185477,0
0.184764,0
0.184051,0
0.183335,0
0.182619,0
0.1819,0
0.181179,0
0.180458,0
0.179734,0
0.17901,0
0.178282,0
0.177552,0
0.176824,0
0.176091,0
0.175359,0
0.174623,0
0.173886,0
0.173149,0
0.172409,0
0.171669,0
0.170925,0
0.17018,0
0.169435,0
0.168687,0
0.167939,0
0.167188,0
0.166435,0
0.165683,0
0.164927,0
0.164172,0
0.163413,0
0.162652,0
0.161893,0
0.161129,0
0.160367,0
0.1596,0
0.158833,0
0.158066,0
0.157295,0
0.156525,0
0.155752,0
0.154977,0
0.154203,0
0.153425,0
0.152648,0
0.151868,0
0.151086,0
0.150305,0
0.14952,0
0.148737,0
0.147949,0
0.147161,0
0.146373,0
0.145581,0
0.144791,0
0.143997,0
0.143204,0
0.142407,0
0.141609,0
0.140813,0
0.140012,0
0.139213,0
0.13841,0
0.137605,0
0.136802,0
0.135995,0
0.13519,0
0.13438,0
0.13357,0
0.13276,0
0.131948,0
0.131136,0
0.130321,0
0.129504,0
0.128689,0
0.12787,0
0.127052,0
0.126231,0
0.125409,0
0.124588,0
0.123763,0
0.12294,0
0.122113,0
0.121285,0
0.120458,0
0.119628,0
0.118799,0
0.117967,0
0.117134,0
0.116302,0
0.115466,0
0.114632,0
0.113794,0
0.112956,0
0.112118,0
0.111278,0
0.110438,0
0.109596,0
0.108752,0
0.10791,0
0.107064,0
0.10622,0
0.105372,0
0.104523,0
0.103676,0
0.102826,0
0.101977,0
0.101125,0
0.100271,0
0.0994195,0
0.0985644,0
0.0977109,0
0.096854,0
0.0959963,0
0.0951401,0
0.0942806,0
0.0934227,0
0.0925615,0
0.0916995,0
0.0908391,0
0.0899753,0
0.0891133,0
0.0882479,0
0.0873818,0
0.0865173,0
0.0856496,0
0.0847836,0
0.0839143,0
0.0830442,0
0.0821759,0
0.0813044,0
0.0804346,0
0.0795616,0
0.0786904,0
0.0778159,0
0.0769407,0
0.0760673,0
0.0751908,0
0.074316,0
0.0734381,0
0.0725595,0
0.0716828,0
0.0708028,0
0.0699248,0
0.0690436,0
0.0681618,0
0.0672819,0
0.0663988,0
0.0655177,0
0.0646335,0
0.0637486,0
0.0628657,0
0.0619797,0
0.0610957,0
0.0602086,0
0.0593209,0
0.0584353,0
0.0575465,0
0.0566598,0
0.05577,0
0.0548797,0
0.0539915,0
0.0531002,0
0.052211,0
0.0513188,0
0.0504261,0
0.0495355,0
0.0486418,0
0.0477504,0
0.0468559,0
0.0459609,0
0.0450682,0
0.0441724,0
0.0432789,0
0.0423823,0
0.0414854,0
0.0405906,0
0.0396929,0
0.0387975,0
0.0378991,0
0.0370003,0
0.0361039,0
0.0352045,0
0.0343073,0
0.0334073,0
0.0325069,0
0.0316089,0
0.0307079,0
0.0298093,0
0.0289079,0
0.0280061,0
0.0271067,0
0.0262045,0
0.0253046,0
0.0244019,0
0.0234989,0
0.0225984,0
0.021695,0
0.0207941,0
0.0198903,0
0.0189864,0
0.0180849,0
0.0171806,0
0.0162788,0
0.0153743,0
0.0144695,0
0.0135673,0
0.0126624,0
0.0117599,0
0.0108547,0
0.00995204,0
0.00904665,0
0.00814119,0
0.00723828,0
0.00633267,0
0.00542964,0
0.00452393,0
0.00361817,0
0.00271501,0
0.0018092,0
0.000906006,0
1.68528e-07,0
-0.000905669,0
-0.00180887,0
-0.00271468,0
-0.00361783,0
-0.00452359,0
-0.0054293,0
-0.00633233,0
-0.00723794,0
-0.00814085,0
-0.00904632,0
-0.0099517,0
-0.0108544,0
-0.0117596,0
-0.012662,0
-0.013567,0
-0.0144718,0
-0.0153739,0
-0.0162785,0
-0.0171803,0
-0.0180846,0
-0.0189887,0
-0.01989,0
-0.0207937,0
-0.0216947,0
-0.022598,0
-0.0235012,0
-0.0244015,0
-0.0253043,0
-0.0262041,0
-0.0271064,0
-0.0280084,0
-0.0289075,0
-0.029809,0
-0.0307076,0
-0.0316086,0
-0.0325092,0
-0.0334069,0
-0.034307,0
-0.0352041,0
-0.0361035,0
-0.0370026,0
-0.0378988,0
-0.0387972,0
-0.0396926,0
-0.0405903,0
-0.0414876,0
-0.042382,0
-0.0432785,0
-0.0441721,0
-0.0450679,0
-0.0459632,0
-0.0468555,0
-0.04775,0
-0.0486415,0
-0.0495351,0
-0.0504283,0
-0.0513185,0
-0.0522107,0
-0.0530999,0
-0.0539912,0
-0.054882,0
-0.0557697,0
-0.0566595,0
-0.0575462,0
-0.0584349,0
-0.0593206,0
-0.0602083,0
-0.0610954,0
-0.0619794,0
-0.0628654,0
-0.0637483,0
-0.0646331,0
-0.0655174,0
-0.0663985,0
-0.0672816,0
-0.0681615,0
-0.0690433,0
-0.0699245,0
-0.0708025,0
-0.0716824,0
-0.0725592,0
-0.0734378,0
-0.0743157,0
-0.0751904,0
-0.076067,0
-0.0769404,0
-0.0778155,0
-0.07869,0
-0.0795612,0
-0.0804343,0
-0.0813041,0
-0.0821756,0
-0.0830464,0
-0.083914,0
-0.0847833,0
-0.0856493,0
-0.086517,0
-0.087384,0
-0.0882476,0
-0.089113,0
-0.089975,0
-0.0908387,0
-0.0917016,0
-0.0925612,0
-0.0934224,0
-0.0942803,0
-0.0951398,0
-0.0959984,0
-0.0968537,0
-0.0977106,0
-0.0985641,0
-0.0994192,0
-0.100273,0
-0.101124,0
-0.101977,0
-0.102826,0
-0.103676,0
-0.104526,0
-0.105372,0
-0.106219,0
-0.107064,0
-0.107909,0
-0.108754,0
-0.109595,0
-0.110438,0
-0.111277,0
-0.112118,0
-0.112958,0
-0.113794,0
-0.114632,0
-0.115466,0
-0.116301,0
-0.117136,0
-0.117967,0
-0.118799,0
-0.119628,0
-0.120458,0
-0.121287,0
-0.122113,0
-0.122939,0
-0.123763,0
-0.124587,0
-0.125408,0
-0.126231,0
-0.127052,0
-0.12787,0
-0.128688,0
-0.129504,0
-0.13032,0
-0.131136,0
-0.131947,0
-0.13276,0
-0.13357,0
-0.13438,0
-0.135189,0
-0.135995,0
-0.136802,0
-0.137605,0
-0.138409,0
-0.139212,0
-0.140012,0
-0.140812,0
-0.141609,0
-0.142407,0
-0.143204,0
-0.143997,0
-0.144791,0
-0.145581,0
-0.146372,0
-0.147163,0
-0.147949,0
-0.148736,0
-0.14952,0
-0.150305,0
-0.151088,0
-0.151867,0
-0.152648,0
-0.153425,0
-0.154203,0
-0.154979,0
-0.155751,0
-0.156525,0
-0.157295,0
-0.158065,0
-0.158835,0
-0.1596,0
-0.160366,0
-0.161129,0
-0.161892,0
-0.162654,0
-0.163412,0
-0.164171,0
-0.164927,0
-0.165682,0
-0.166437,0
-0.167188,0
-0.167939,0
-0.168687,0
-0.169435,0
-0.170182,0
-0.170925,0
-0.171668,0
-0.172408,0
-0.173149,0
-0.173888,0
-0.174623,0
-0.175359,0
-0.176091,0
-0.176823,0
-0.177554,0
-0.178282,0
-0.179009,0
-0.179733,0
-0.180458,0
-0.181181,0
-0.1819,0
-0.182619,0
-0.183335,0
-0.184051,0
-0.184763,0
-0.185476,0
-0.186187,0
-0.186895,0
-0.187602,0
-0.188306,0
-0.189011,0
-0.189713,0
-0.190412,0
-0.191111,0
-0.191807,0
-0.192502,0
-0.193196,0
-0.193886,0
-0.194577,0
-0.195263,0
-0.19595,0
-0.196635,0
-0.197316,0
-0.197998,0
-0.198675,0
-0.199353,0
-0.200029,0
-0.200701,0
-0.201374,0
-0.202042,0
-0.202711,0
-0.203378,0
-0.204041,0
-0.204704,0
-0.205363,0
-0.206023,0
-0.20668,0
-0.207334,0
-0.207988,0
-0.208638,0
-0.209288,0
-0.209936,0
-0.21058,0
-0.211224,0
-0.211865,0
-0.212505,0
-0.213143,0
-0.213778,0
-0.214413,0
-0.215043,0
-0.215674,0
-0.216303,0
-0.216927,0
-0.217552,0
-0.218173,0
-0.218794,0
-0.219413,0
-0.220028,0
-0.220642,0
-0.221253,0
-0.221864,0
-0.222473,0
-0.223078,0
-0.223682,0
-0.224283,0
-0.224884,0
-0.225482,0
-0.226077,0
-0.226671,0
-0.227262,0
-0.227852,0
-0.228441,0
-0.229025,0
-0.229609,0
-0.230189,0
-0.230769,0
-0.231347,0
-0.231921,0
-0.232494,0
-0.233064,0
-0.233634,0
-0.234199,0
-0.234764,0
-0.235327,0
-0.235886,0
-0.236445,0
-0.237,0
-0.237554,0
-0.238106,0
-0.238654,0
-0.239202,0
-0.239746,0
-0.24029,0
-0.240831,0
-0.241368,0
-0.241905,0
-0.242438,0
-0.242971,0
-0.243501,0
-0.244027,0
-0.244553,0
-0.245075,0
-0.245597,0
-0.246116,0
-0.246631,0
-0.247146,0
-0.247656,0
-0.248167,0
-0.248674,0
-0.249178,0
-0.249682,0
-0.250181,0
-0.25068,0
-0.251177,0
-0.251669,0
-0.252161,0
-0.252649,0
-0.253137,0
-0.253622,0
-0.254103,0
-0.254583,0
-0.25506,0
-0.255536,0
-0.256009,0
-0.256479,0
-0.256947,0
-0.257413,0
-0.257877,0
-0.258338,0
-0.258796,0
-0.259253,0
-0.259707,0
-0.260159,0
-0.260609,0
-0.261055,0
-0.2615,0
-0.261942,0
-0.262382,0
-0.26282,0
-0.263254,0
-0.263687,0
-0.264117,0
-0.264545,0
-0.264971,0
-0.265394,0
-0.265815,0
-0.266232,0
-0.266649,0
-0.267063,0
-0.267473,0
-0.267882,0
-0.268287,0
-0.268691,0
-0.269092,0
-0.269491,0
-0.269888,0
-0.270281,0
-0.270673,0
-0.271061,0
-0.271448,0
-0.271832,0
-0.272213,0
-0.272593,0
-0.272969,0
-0.273343,0
-0.273715,0
-0.274084,0
-0.274451,0
-0.274814,0
-0.275176,0
-0.275536,0
-0.275892,0
-0.276246,0
-0.276597,0
-0.276947,0
-0.277294,0
-0.277637,0
-0.277979,0
-0.278318,0
-0.278654,0
-0.278989,0
-0.27932,0
-0.279649,0
-0.279975,0
-0.280299,0
-0.28062,0
-0.280938,0
-0.281255,0
-0.281568,0
-0.281879,0
-0.282188,0
-0.282493,0
-0.282797,0
-0.283097,0
-0.283395,0
-0.283691,0
-0.283984,0
-0.284275,0
-0.284562,0
-0.284847,0
-0.28513,0
-0.28541,0
-0.285688,0
-0.285962,0
-0.286235,0
-0.286504,0
-0.286771,0
-0.287036,0
-0.287297,0
-0.287557,0
-0.287813,0
-0.288067,0
-0.288319,0
-0.288567,0
-0.288813,0
-0.289057,0
-0.289297,0
-0.289536,0
-0.289771,0
-0.290004,0
-0.290235,0
-0.290462,0
-0.290687,0
-0.290909,0
-0.291129,0
-0.291347,0
-0.291561,0
-0.291773,0
-0.291981,0
-0.292188,0
-0.292392,0
-0.292593,0
-0.292792,0
-0.292987,0
-0.293181,0
-0.293371,0
-0.293559,0
-0.293744,0
-0.293926,0
-0.294106,0
-0.294283,0
-0.294458,0
-0.29463,0
-0.294798,0
-0.294965,0
-0.295129,0
-0.29529,0
-0.295448,0
-0.295604,0
-0.295757,0
-0.295907,0
-0.296055,0
-0.2962,0
-0.296342,0
-0.296481,0
-0.296618,0
-0.296752,0
-0.296884,0
-0.297012,0
-0.297139,0
-0.297262,0
-0.297382,0
-0.2975,0
-0.297615,0
-0.297728,0
-0.297838,0
-0.297945,0
-0.298049,0
-0.298151,0
-0.29825,0
-0.298346,0
-0.29844,0
-0.29853,0
-0.298618,0
-0.298704,0
-0.298786,0
-0.298866,0
-0.298944,0
-0.299018,0
-0.29909,0
-0.299159,0
-0.299225,0
-0.299289,0
-0.29935,0
-0.299408,0
-0.299463,0
-0.299516,0
-0.299566,0
-0.299613,0
-0.299658,0
-0.2997,0
-0.299739,0
-0.299775,0
-0.299809,0
-0.29984,0
-0.299868,0
-0.299894,0
-0.299916,0
-0.299936,0
-0.299954,0
-0.299968,0
-0.29998,0
-0.299989,0
-0.299995,0
-0.299999,0
-0.3,0
-0.299998,0
-0.299994,0
-0.299986,0
-0.299976,0
-0.299964,0
-0.299948,0
-0.29993,0
-0.299909,0
-0.299885,0
-0.299859,0
-0.29983,0
-0.299798,0
-0.299764,0
-0.299726,0
-0.299686,0
-0.299643,0
-0.299598,0
-0.29955,0
-0.299499,0
-0.299445,0
-0.299389,0
-0.29933,0
-0.299268,0
-0.299203,0
-0.299136,0
-0.299066,0
-0.298994,0
-0.298918,0
-0.29884,0
-0.298759,0
-0.298676,0
-0.29859,0
-0.2985,0
-0.298409,0
-0.298314,0
-0.298217,0
-0.298117,0
-0.298015,0
-0.297909,0
-0.297802,0
-0.297691,0
-0.297578,0
-0.297461,0
-0.297342,0
-0.297221,0
-0.297097,0
-0.29697,0
-0.29684,0
-0.296708,0
-0.296573,0
-0.296435,0
-0.296295,0
-0.296152,0
-0.296006,0
-0.295857,0
-0.295706,0
-0.295552,0
-0.295396,0
-0.295236,0
-0.295075,0
-0.29491,0
-0.294743,0
-0.294573,0
-0.2944,0
-0.294225,0
-0.294046,0
-0.293866,0
-0.293682,0
-0.293496,0
-0.293308,0
-0.293116,0
-0.292922,0
-0.292726,0
-0.292526,0
-0.292324,0
-0.292119,0
-0.291912,0
-0.291702,0
-0.29149,0
-0.291274,0
-0.291056,0
-0.290836,0
-0.290612,0
-0.290387,0
-0.290158,0
-0.289927,0
-0.289693,0
-0.289456,0
-0.289218,0
-0.288976,0
-0.288731,0
-0.288485,0
-0.288235,0
-0.287983,0
-0.287728,0
-0.28747,0
-0.287211,0
-0.286948,0
-0.286683,0
-0.286415,0
-0.286144,0
-0.285871,0
-0.285595,0
-0.285317,0
-0.285036,0
-0.284752,0
-0.284467,0
-0.284178,0
-0.283887,0
-0.283593,0
-0.283296,0
-0.282998,0
-0.282696,0
-0.282392,0
-0.282085,0
-0.281775,0
-0.281464,0
-0.281149,0
-0.280833,0
-0.280513,0
-0.280191,0
-0.279867,0
-0.279539,0
-0.27921,0
-0.278877,0
-0.278542,0
-0.278206,0
-0.277865,0
-0.277524,0
-0.277178,0
-0.27683,0
-0.276481,0
-0.276128,0
-0.275774,0
-0.275416,0
-0.275056,0
-0.274694,0
-0.274329,0
-0.273962,0
-0.273591,0
-0.273218,0
-0.272844,0
-0.272466,0
-0.272087,0
-0.271704,0
-0.271319,0
-0.270932,0
-0.270542,0
-0.270151,0
-0.269756,0
-0.269358,0
-0.268959,0
-0.268557,0
-0.268153,0
-0.267745,0
-0.267337,0
-0.266925,0
-0.26651,0
-0.266094,0
-0.265674,0
-0.265254,0
-0.264829,0
-0.264403,0
-0.263975,0
-0.263543,0
-0.26311,0
-0.262674,0
-0.262235,0
-0.261795,0
-0.261352,0
-0.260907,0
-0.260459,0
-0.260008,0
-0.259556,0
-0.259101,0
-0.258644,0
-0.258184,0
-0.257722,0
-0.257258,0
-0.256791,0
-0.256323,0
-0.255851,0
-0.255377,0
-0.254902,0
-0.254423,0
-0.253943,0
-0.25346,0
-0.252974,0
-0.252487,0
-0.251997,0
-0.251506,0
-0.251011,0
-0.250514,0
-0.250016,0
-0.249514,0
-0.249011,0
-0.248505,0
-0.247996,0
-0.247487,0
-0.246974,0
-0.24646,0
-0.245942,0
-0.245423,0
-0.244902,0
-0.244378,0
-0.243853,0
-0.243324,0
-0.242793,0
-0.242261,0
-0.241726,0
-0.24119,0
-0.24065,0
-0.240108,0
-0.239566,0
-0.239019,0
-0.238472,0
-0.237922,0
-0.237369,0
-0.236815,0
-0.236258,0
-0.235701,0
-0.235139,0
-0.234576,0
-0.234011,0
-0.233444,0
-0.232875,0
-0.232303,0
-0.231729,0
-0.231154,0
-0.230576,0
-0.229997,0
-0.229414,0
-0.228831,0
-0.228244,0
-0.227655,0
-0.227066,0
-0.226473,0
-0.22588,0
-0.225283,0
-0.224683,0
-0.224084,0
-0.223481,0
-0.222877,0
-0.22227,0
-0.22166,0
-0.221051,0
-0.220437,0
-0.219824,0
-0.219206,0
-0.218587,0
-0.217967,0
-0.217344,0
-0.21672,0
-0.216093,0
-0.215463,0
-0.214834,0
-0.214201,0
-0.213567,0
-0.21293,0
-0.212291,0
-0.211652,0
-0.211009,0
-0.210366,0
-0.209719,0
-0.209071,0
-0.208422,0
-0.20777,0
-0.207117,0
-0.206461,0
-0.205803,0
-0.205145,0
-0.204483,0
-0.203821,0
-0.203155,0
-0.202488,0
-0.20182,0
-0.201149,0
-0.200478,0
-0.199804,0
-0.199127,0
-0.19845,0
-0.19777,0
-0.19709,0
-0.196406,0
-0.195721,0
-0.195035,0
-0.194346,0
-0.193657,0
-0.192964,0
-0.19227,0
-0.191576,0
-0.190878,0
-0.19018,0
-0.189479,0
-0.188776,0
-0.188073,0
-0.187366,0
-0.18666,0
-0.18595,0
-0.185238,0
-0.184527,0
-0.183812,0
-0.183097,0
-0.182379,0
-0.181659,0
-0.180939,0
-0.180216,0
-0.179493,0
-0.178766,0
-0.17804,0
-0.17731,0
-0.176579,0
-0.175848,0
-0.175113,0
-0.174379,0
-0.173641,0
-0.172902,0
-0.172163,0
-0.17142,0
-0.170678,0
-0.169932,0
-0.169185,0
-0.168438,0
-0.167688,0
-0.166938,0
-0.166185,0
-0.16543,0
-0.164676,0
-0.163918,0
-0.163161,0
-0.1624,0
-0.161637,0
-0.160876,0
-0.160111,0
-0.159346,0
-0.158578,0
-0.157808,0
-0.157039,0
-0.156267,0
-0.155495,0
-0.15472,0
-0.153943,0
-0.153167,0
-0.152387,0
-0.151609,0
-0.150826,0
-0.150043,0
-0.14926,0
-0.148473,0
-0.147688,0
-0.146899,0
-0.146108,0
-0.145319,0
-0.144526,0
-0.143733,0
-0.142938,0
-0.142141,0
-0.141345,0
-0.140545,0
-0.139746,0
-0.138944,0
-0.138141,0
-0.137338,0
-0.136532,0
-0.135727,0
-0.134919,0
-0.134109,0
-0.133301,0
-0.132489,0
-0.131678,0
-0.130863,0
-0.130048,0
-0.129233,0
-0.128415,0
-0.127598,0
-0.126778,0
-0.125956,0
-0.125136,0
-0.124312,0
-0.123489,0
-0.122663,0
-0.121836,0
-0.12101,0
-0.120181,0
-0.119353,0
-0.118521,0
-0.117691,0
-0.116857,0
-0.116022,0
-0.115189,0
-0.114352,0
-0.113516,0
-0.112677,0
-0.111837,0
-0.110999,0
-0.110157,0
-0.109316,0
-0.108472,0
-0.107627,0
-0.106783,0
-0.105936,0
-0.105091,0
-0.104242,0
-0.103392,0
-0.102544,0
-0.101692,0
-0.100842,0
-0.0999881,0
-0.0991336,0
-0.0982807,0
-0.0974244,0
-0.0965697,0
-0.0957117,0
-0.0948527,0
-0.0939954,0
-0.0931348,0
-0.0922758,0
-0.0914134,0
-0.0905503,0
-0.0896888,0
-0.088824,0
-0.0879608,0
-0.0870944,0
-0.0862272,0
-0.0853617,0
-0.0844929,0
-0.0836259,0
-0.0827556,0
-0.0818845,0
-0.0810152,0
-0.0801427,0
-0.0792719,0
-0.0783979,0
-0.0775232,0
-0.0766503,0
-0.0757742,0
-0.0749,0
-0.0740225,0
-0.0731443,0
-0.072268,0
-0.0713885,0
-0.0705109,0
-0.0696302,0
-0.0687487,0
-0.0678693,0
-0.0669866,0
-0.0661059,0
-0.065222,0
-0.0643376,0
-0.0634551,0
-0.0625694,0
-0.0616858,0
-0.0607991,0
-0.0599117,0
-0.0590265,0
-0.0581381,0
-0.0572517,0
-0.0563623,0
-0.0554723,0
-0.0545844,0
-0.0536935,0
-0.0528046,0
-0.0519127,0
-0.0510228,0
-0.05013,0
-0.0492366,0
-0.0483455,0
-0.0474512,0
-0.0465592,0
-0.0456641,0
-0.0447686,0
-0.0438753,0
-0.042979,0
-0.042085,0
-0.0411879,0
-0.0402904,0
-0.0393952,0
-0.0384971,0
-0.0376011,0
-0.0367023,0
-0.0358031,0
-0.0349062,0
-0.0340063,0
-0.0331088,0
-0.0322083,0
-0.0313076,0
-0.0304092,0
-0.0295079,0
-0.0286089,0
-0.0277071,0
-0.026805,0
-0.0259052,0
-0.0250027,0
-0.0241025,0
-0.0231995,0
-0.0222963,0
-0.0213954,0
-0.0204918,0
-0.0195906,0
-0.0186866,0
-0.0177825,0
-0.0168808,0
-0.0159763,0
-0.0150743,0
-0.0141695,0
-0.0132646,0
-0.0123623,0
-0.0114571,0
-0.0105545,0
-0.00964922,0
-0.00874381,0
-0.00784095,0
-0.00693538,0
-0.00603239,0
-0.00512671,0
-0.00422098,0
-0.00331784,0
-0.00241205,0
-0.00150886,0
-0.000603029,0
0.00030281,0
0.00120601,0
0.00211184,0
0.00301501,0
0.00392079,0
0.00482653,0
0.0057296,0
0.00663524,0
0.00753819,0
0.00844371,0
0.00934915,0
0.0102519,0
0.0111571,0
0.0120597,0
0.0129647,0
0.013867,0
0.0147718,0
0.0156765,0
0.0165784,0
0.0174828,0
0.0183844,0
0.0192884,0
0.0201923,0
0.0210934,0
0.0219969,0
0.0228975,0
0.0238006,0
0.0247035,0
0.0256035,0
0.0265059,0
0.0274055,0
0.0283074,0
0.0292091,0
0.0301079,0
0.031009,0
0.0319072,0
0.0328078,0
0.033708,0
0.0346054,0
0.035505,0
0.0364017,0
0.0373007,0
0.0381993,0
0.039095,0
0.0399929,0
0.0408879,0
0.0417851,0
0.0426819,0
0.0435757,0
0.0444717,0
0.0453648,0
0.04626,0
0.0471548,0
0.0480465,0
0.0489405,0
0.0498313,0
0.0507244,0
0.0516169,0
0.0525064,0
0.0533981,0
0.0542866,0
0.0551772,0
0.0560674,0
0.0569544,0
0.0578435,0
0.0587295,0
0.0596175,0
0.060505,0
0.0613894,0
0.0622758,0
0.063159,0
0.0640443,0
0.064929,0
0.0658105,0
0.0666939,0
0.0675742,0
0.0684565,0
0.0693381,0
0.0702165,0
0.0710969,0
0.0719741,0
0.0728531,0
0.0737315,0
0.0746067,0
0.0754837,0
0.0763575,0
0.0772332,0
0.0781081,0
0.0789798,0
0.0798533,0
0.0807236,0
0.0815957,0
0.0824644,0
0.083335,0
0.0842048,0
0.0850713,0
0.0859396,0
0.0868046,0
0.0876713,0
0.0885371,0
0.0893997,0
0.090264,0
0.0911249,0
0.0919876,0
0.0928493,0
0.0937078,0
0.0945679,0
0.0954246,0
0.096283,0
0.0971404,0
0.0979945,0
0.0988502,0
0.0997026,0
0.100556,0
0.101409,0
0.102259,0
0.10311,0
0.103958,0
0.104807,0
0.105655,0
0.1065,0
0.107347,0
0.108189,0
0.109034,0
0.109877,0
0.110717,0
0.111559,0
0.112397,0
0.113236,0
0.114074,0
0.114909,0
0.115745,0
0.116578,0
0.117412,0
0.118245,0
0.119075,0
0.119906,0
0.120733,0
0.121562,0
0.122389,0
0.123213,0
0.124039,0
0.124861,0
0.125684,0
0.126506,0
0.127324,0
0.128144,0
0.12896,0
0.129777,0
0.130593,0
0.131406,0
0.132219,0
0.133029,0
0.133841,0
0.134651,0
0.135457,0
0.136265,0
0.137069,0
0.137874,0
0.138678,0
0.139478,0
0.14028,0
0.141077,0
0.141876,0
0.142674,0
0.143468,0
0.144262,0
0.145054,0
0.145846,0
0.146635,0
0.147424,0
0.148212,0
0.148997,0
0.149783,0
0.150564,0
0.151347,0
0.152129,0
0.152906,0
0.153685,0
0.15446,0
0.155236,0
0.15601,0
0.156781,0
0.157553,0
0.158321,0
0.159089,0
0.159857,0
0.16062,0
0.161384,0
0.162145,0
0.162907,0
0.163666,0
0.164423,0
0.16518,0
0.165933,0
0.166687,0
0.167439,0
0.168188,0
0.168937,0
0.169683,0
0.170429,0
0.171174,0
0.171915,0
0.172656,0
0.173394,0
0.174132,0
0.174869,0
0.175602,0
0.176336,0
0.177066,0
0.177796,0
0.178525,0
0.17925,0
0.179976,0
0.180698,0
0.18142,0
0.18214,0
0.182857,0
0.183575,0
0.184288,0
0.185002,0
0.185714,0
0.186423,0
0.187132,0
0.187837,0
0.188542,0
0.189246,0
0.189946,0
0.190646,0
0.191343,0
0.192039,0
0.192735,0
0.193426,0
0.194117,0
0.194805,0
0.195493,0
0.196179,0
0.196862,0
0.197544,0
0.198223,0
0.198902,0
0.199579,0
0.200253,0
0.200926,0
0.201596,0
0.202266,0
0.202932,0
0.203599,0
0.204263,0
0.204923,0
0.205584,0
0.206241,0
0.206898,0
0.207553,0
0.208204,0
0.208855,0
0.209503,0
0.21015,0
0.210796,0
0.211437,0
0.212079,0
0.212717,0
0.213355,0
0.21399,0
0.214623,0
0.215254,0
0.215883,0
0.216511,0
0.217137,0
0.217759,0
0.218381,0
0.218999,0
0.219617,0
0.220233,0
0.220846,0
0.221458,0
0.222066,0
0.222674,0
0.22328,0
0.223882,0
0.224484,0
0.225082,0
0.22568,0
0.226276,0
0.226868,0
0.22746,0
0.228048,0
0.228635,0
0.229221,0
0.229802,0
0.230384,0
0.230961,0
0.231538,0
0.232113,0
0.232684,0
0.233255,0
0.233822,0
0.234388,0
0.234953,0
0.235513,0
0.236073,0
0.236629,0
0.237185,0
0.237739,0
0.238289,0
0.238838,0
0.239383,0
0.239928,0
0.240471,0
0.24101,0
0.241548,0
0.242083,0
0.242617,0
0.243148,0
0.243676,0
0.244203,0
0.244727,0
0.24525,0
0.24577,0
0.246287,0
0.246803,0
0.247316,0
0.247827,0
0.248335,0
0.248842,0
0.249347,0
0.249848,0
0.250348,0
0.250845,0
0.251341,0
0.251834,0
0.252324,0
0.252813,0
0.253298,0
0.253782,0
0.254264,0
0.254742,0
0.255219,0
0.255693,0
0.256166,0
0.256636,0
0.257102,0
0.257568,0
0.25803,0
0.258491,0
0.258949,0
0.259404,0
0.259858,0
0.260308,0
0.260757,0
0.261204,0
0.261647,0
0.262089,0
0.262527,0
0.262965,0
0.263399,0
0.263831,0
0.264261,0
0.264687,0
0.265112,0
0.265535,0
0.265954,0
0.266372,0
0.266786,0
0.267199,0
0.26761,0
0.268017,0
0.268423,0
0.268825,0
0.269226,0
0.269624,0
0.270019,0
0.270412,0
0.270802,0
0.271191,0
0.271577,0
0.271959,0
0.272341,0
0.272718,0
0.273094,0
0.273468,0
0.273838,0
0.274207,0
0.274572,0
0.274936,0
0.275297,0
0.275655,0
0.276011,0
0.276363,0
0.276715,0
0.277063,0
0.277408,0
0.277752,0
0.278092,0
0.278431,0
0.278767,0
0.279099,0
0.27943,0
0.279757,0
0.280083,0
0.280406,0
0.280726,0
0.281044,0
0.281359,0
0.281672,0
0.281982,0
0.28229,0
0.282595,0
0.282897,0
0.283197,0
0.283494,0
0.283789,0
0.284081,0
0.28437,0
0.284658,0
0.284941,0
0.285224,0
0.285503,0
0.285779,0
0.286053,0
0.286324,0
0.286593,0
0.28686,0
0.287123,0
0.287384,0
0.287642,0
0.287898,0
0.288151,0
0.288401,0
0.28865,0
0.288894,0
0.289137,0
0.289377,0
0.289614,0
0.289849,0
0.290081,0
0.290311,0
0.290538,0
0.290761,0
0.290983,0
0.291202,0
0.291418,0
0.291632,0
0.291842,0
0.292051,0
0.292256,0
0.292459,0
0.29266,0
0.292857,0
0.293052,0
0.293244,0
0.293434,0
0.293621,0
0.293805,0
0.293987,0
0.294165,0
0.294342,0
0.294516,0
0.294686,0
0.294855,0
0.29502,0
0.295183,0
0.295343,0
0.2955,0
0.295655,0
0.295807,0
0.295957,0
0.296104,0
0.296247,0
0.296389,0
0.296527,0
0.296663,0
0.296797,0
0.296927,0
0.297055,0
0.29718,0
0.297302,0
0.297422,0
0.297539,0
0.297653,0
0.297765,0
0.297874,0
0.29798,0
0.298083,0
0.298184,0
0.298282,0
0.298378,0
0.29847,0
0.29856,0
0.298647,0
0.298732,0
0.298813,0
0.298892,0
0.298969,0
0.299042,0
0.299113,0
0.299181,0
0.299247,0
0.29931,0
0.29937,0
0.299427,0
0.299481,0
0.299533,0
0.299582,0
0.299629,0
0.299672,0
0.299713,0
0.299751,0
0.299787,0
0.29982,0
0.29985,0
0.299877,0
0.299901,0
0.299923,0
0.299942,0
0.299959,0
0.299972,0
0.299983,0
0.299991,0
0.299997,0
0.3,0
0.3,0
0.299997,0
0.299991,0
0.299983,0
0.299972,0
0.299959,0
0.299942,0
0.299923,0
0.299901,0
0.299877,0
0.29985,0
0.29982,0
0.299787,0
0.299751,0
0.299713,0
0.299672,0
0.299629,0
0.299582,0
0.299533,0
0.299481,0
0.299427,0
0.29937,0
0.29931,0
0.299247,0
0.299181,0
0.299113,0
0.299042,0
0.298969,0
0.298892,0
0.298813,0
0.298732,0
0.298647,0
0.29856,0
0.29847,0
0.298378,0
0.298282,0
0.298184,0
0.298083,0
0.29798,0
0.297874,0
0.297765,0
0.297653,0
0.297539,0
0.297422,0
0.297302,0
0.29718,0
0.297055,0
0.296927,0
0.296797,0
0.296663,0
0.296527,0
0.296389,0
0.296247,0
0.296103,0
0.295957,0
0.295807,0
0.295655,0
0.2955,0
0.295343,0
0.295183,0
0.29502,0
0.294854,0
0.294686,0
0.294516,0
0.294342,0
0.294165,0
0.293987,0
0.293805,0
0.293621,0
0.293434,0
0.293244,0
0.293052,0
0.292857,0
0.29266,0
0.292459,0
0.292256,0
0.292051,0
0.291842,0
0.291632,0
0.291418,0
0.291202,0
0.290983,0
0.290761,0
0.290538,0
0.290311,0
0.290081,0
0.289849,0
0.289614,0
0.289377,0
0.289137,0
0.288894,0
0.28865,0
0.288401,0
0.288151,0
0.287898,0
0.287642,0
0.287384,0
0.287123,0
0.28686,0
0.286593,0
0.286324,0
0.286053,0
0.285779,0
0.285503,0
0.285224,0
0.284942,0
0.284658,0
0.28437,0
0.284081,0
0.283789,0
0.283495,0
0.283197,0
0.282897,0
0.282595,0
0.28229,0
0.281983,0
0.281672,0
0.281359,0
0.281044,0
0.280726,0
0.280406,0
0.280083,0
0.279757,0
0.27943,0
0.279099,0
0.278767,0
0.278431,0
0.278092,0
0.277752,0
0.277408,0
0.277063,0
0.276715,0
0.276363,0
0.276011,0
0.275655,0
0.275297,0
0.274936,0
0.274572,0
0.274207,0
0.273838,0
0.273468,0
0.273094,0
0.272718,0
0.272341,0
0.271959,0
0.271577,0
0.271191,0
0.270802,0
0.270412,0
0.270019,0
0.269624,0
0.269226,0
0.268825,0
0.268423,0
0.268017,0
0.26761,0
0.267199,0
0.266786,0
0.266372,0
0.265954,0
0.265535,0
0.265112,0
0.264687,0
0.26426,0
0.26383,0
0.263399,0
0.262965,0
0.262527,0
0.262089,0
0.261647,0
0.261204,0
0.260757,0
0.260308,0
0.259858,0
0.259404,0
0.258949,0
0.258491,0
0.25803,0
0.257568,0
0.257102,0
0.256636,0
0.256165,0
0.255694,0
0.255219,0
0.254742,0
0.254264,0
0.253782,0
0.253299,0
0.252813,0
0.252324,0
0.251834,0
0.251341,0
0.250846,0
0.250348,0
0.249848,0
0.249347,0
0.248842,0
0.248337,0
0.247827,0
0.247316,0
0.246803,0
0.246287,0
0.24577,0
0.24525,0
0.244727,0
0.244203,0
0.243676,0
0.243148,0
0.242616,0
0.242083,0
0.241548,0
0.24101,0
0.240471,0
0.239928,0
0.239383,0
0.238838,0
0.238288,0
0.237739,0
0.237185,0
0.236629,0
0.236073,0
0.235513,0
0.234952,0
0.234388,0
0.233822,0
0.233255,0
0.232684,0
0.232113,0
0.231538,0
0.230961,0
0.230383,0
0.229802,0
0.229221,0
0.228635,0
0.228048,0
0.22746,0
0.226868,0
0.226276,0
0.22568,0
0.225082,0
0.224484,0
0.223882,0
0.22328,0
0.222674,0
0.222066,0
0.221458,0
0.220846,0
0.220233,0
0.219617,0
0.218999,0
0.218381,0
0.217759,0
0.217137,0
0.216511,0
0.215883,0
0.215254,0
0.214622,0
0.21399,0
0.213355,0
0.212719,0
0.212079,0
0.211437,0
0.210796,0
0.21015,0
0.209505,0
0.208855,0
0.208204,0
0.207553,0
0.206898,0
0.206243,0
0.205584,0
0.204923,0
0.204263,0
0.203598,0
0.202934,0
0.202266,0
0.201596,0
0.200926,0
0.200253,0
0.199579,0
0.198902,0
0.198223,0
0.197544,0
0.196862,0
0.196179,0
0.195493,0
0.194805,0
0.194117,0
0.193426,0
0.192734,0
0.192039,0
0.191343,0
0.190646,0
0.189946,0
0.189246,0
0.188542,0
0.187837,0
0.187132,0
0.186423,0
0.185714,0
0.185002,0
0.184288,0
0.183574,0
0.182857,0
0.18214,0
0.18142,0
0.180697,0
0.179976,0
0.17925,0
0.178525,0
0.177796,0
0.177066,0
0.176336,0
0.175602,0
0.174869,0
0.174132,0
0.173394,0
0.172656,0
0.171915,0
0.171174,0
0.170429,0
0.169683,0
0.168937,0
0.168188,0
0.167439,0
0.166687,0
0.165933,0
0.165179,0
0.164423,0
0.163666,0
0.162906,0
0.162145,0
0.161384,0
0.16062,0
0.159856,0
0.159089,0
0.158323,0
0.157553,0
0.156781,0
0.15601,0
0.155236,0
0.154462,0
0.153685,0
0.152906,0
0.152129,0
0.151347,0
0.150567,0
0.149782,0
0.148997,0
0.148212,0
0.147424,0
0.146637,0
0.145846,0
0.145054,0
0.144262,0
0.143467,0
0.142674,0
0.141876,0
0.141077,0
0.14028,0
0.139478,0
0.138678,0
0.137874,0
0.137069,0
0.136265,0
0.135457,0
0.134651,0
0.133841,0
0.133029,0
0.132219,0
0.131405,0
0.130593,0
0.129777,0
0.12896,0
0.128143,0
0.127324,0
0.126505,0
0.125683,0
0.12486,0
0.124039,0
0.123213,0
0.122389,0
0.121562,0
0.120733,0
0.119905,0
0.119075,0
0.118245,0
0.117412,0
0.116578,0
0.115745,0
0.114909,0
0.114074,0
0.113236,0
0.112396,0
0.111558,0
0.110717,0
0.109877,0
0.109034,0
0.108189,0
0.107346,0
0.1065,0
0.105655,0
0.104807,0
0.103958,0
0.10311,0
0.102259,0
0.101409,0
0.100556,0
0.0997024,0
0.0988501,0
0.0979944,0
0.0971403,0
0.0962828,0
0.095427,0
0.0945677,0
0.0937077,0
0.0928492,0
0.0919874,0
0.0911273,0
0.0902639,0
0.0893996,0
0.088537,0
0.0876711,0
0.086807,0
0.0859395,0
0.0850712,0
0.0842047,0
0.0833349,0
0.0824668,0
0.0815955,0
0.0807235,0
0.0798532,0
0.0789797,0
0.078108,0
0.077233,0
0.0763574,0
0.0754836,0
0.0746065,0
0.0737314,0
0.072853,0
0.0719739,0
0.0710968,0
0.0702164,0
0.069338,0
0.0684564,0
0.0675741,0
0.0666938,0
0.0658103,0
0.0649288,0
0.0640442,0
0.0631589,0
0.0622757,0
0.0613893,0
0.0605049,0
0.0596174,0
0.0587294,0
0.0578434,0
0.0569543,0
0.0560672,0
0.0551771,0
0.0542865,0
0.0533979,0
0.0525063,0
0.0516168,0
0.0507242,0
0.0498312,0
0.0489403,0
0.0480464,0
0.0471547,0
0.0462599,0
0.0453646,0
0.0444716,0
0.0435756,0
0.0426818,0
0.0417849,0
0.0408877,0
0.0399928,0
0.0390949,0
0.0381992,0
0.0373005,0
0.0364016,0
0.0355049,0
0.0346052,0
0.0337079,0
0.0328076,0
0.0319071,0
0.0310089,0
0.0301077,0
0.029209,0
0.0283073,0
0.027408,0
0.0265058,0
0.0256034,0
0.0247034,0
0.0238005,0
0.0229,0
0.0219967,0
0.0210932,0
0.0201922,0
0.0192883,0
0.0183869,0
0.0174826,0
0.0165783,0
0.0156764,0
0.0147717,0
0.0138695,0
0.0129646,0
0.0120595,0
0.011157,0
0.0102517,0
0.00934903,0
0.00844359,0
0.00753807,0
0.00663512,0
0.00572947,0
0.0048264,0
0.00392066,0
0.00301488,0
0.00211171,0
0.00120589,0
0.000302684,0
-0.000603155,0
-0.00150899,0
-0.00241217,0
-0.00331797,0
-0.00422111,0
-0.00512683,0
-0.00603252,0
-0.00693551,0
-0.00784107,0
-0.00874393,0
-0.00964935,0
-0.0105547,0
-0.0114573,0
-0.0123624,0
-0.0132648,0
-0.0141697,0
-0.0150744,0
-0.0159764,0
-0.0168809,0
-0.0177826,0
-0.0186868,0
-0.0195908,0
-0.0204919,0
-0.0213956,0
-0.0222964,0
-0.0231996,0
-0.0241026,0
-0.0250028,0
-0.0259054,0
-0.0268051,0
-0.0277072,0
-0.028609,0
-0.029508,0
-0.0304093,0
-0.0313077,0
-0.0322085,0
-0.0331089,0
-0.0340064,0
-0.0349063,0
-0.0358032,0
-0.0367024,0
-0.0376013,0
-0.0384972,0
-0.0393954,0
-0.0402906,0
-0.041188,0
-0.0420825,0
-0.0429792,0
-0.0438755,0
-0.0447687,0
-0.0456642,0
-0.0465567,0
-0.0474514,0
-0.0483456,0
-0.0492368,0
-0.0501301,0
-0.0510204,0
-0.0519128,0
-0.0528047,0
-0.0536936,0
-0.0545845,0
-0.0554724,0
-0.0563624,0
-0.0572518,0
-0.0581382,0
-0.0590266,0
-0.0599119,0
-0.0607992,0
-0.0616859,0
-0.0625696,0
-0.0634552,0
-0.0643377,0
-0.0652222,0
-0.066106,0
-0.0669867,0
-0.0678694,0
-0.0687489,0
-0.0696303,0
-0.0705111,0
-0.0713887,0
-0.0722681,0
-0.0731444,0
-0.0740226,0
-0.0749001,0
-0.0757743,0
-0.0766505,0
-0.0775233,0
-0.0783981,0
-0.0792721,0
-0.0801428,0
-0.0810154,0
-0.0818846,0
-0.0827557,0
-0.083626,0
-0.084493,0
-0.0853618,0
-0.0862273,0
-0.0870945,0
-0.087961,0
-0.0888241,0
-0.0896889,0
-0.0905504,0
-0.0914136,0
-0.0922759,0
-0.0931349,0
-0.0939955,0
-0.0948528,0
-0.0957118,0
-0.0965699,0
-0.0974245,0
-0.0982808,0
-0.0991338,0
-0.0999883,0
-0.100842,0
-0.101692,0
-0.102544,0
-0.103392,0
-0.104242,0
-0.105091,0
-0.105936,0
-0.106783,0
-0.107627,0
-0.108472,0
-0.109314,0
-0.110157,0
-0.110999,0
-0.111837,0
-0.112677,0
-0.113514,0
-0.114352,0
-0.115189,0
-0.116022,0
-0.116857,0
-0.117688,0
-0.118521,0
-0.119353,0
-0.120181,0
-0.12101,0
-0.121836,0
-0.122663,0
-0.12349,0
-0.124312,0
-0.125136,0
-0.125956,0
-0.126778,0
-0.127598,0
-0.128415,0
-0.129233,0
-0.130048,0
-0.130863,0
-0.131678,0
-0.132489,0
-0.133301,0
-0.134109,0
-0.134919,0
-0.135728,0
-0.136532,0
-0.137338,0
-0.138141,0
-0.138944,0
-0.139746,0
-0.140545,0
-0.141345,0
-0.142141,0
-0.142938,0
-0.143734,0
-0.144526,0
-0.145319,0
-0.146108,0
-0.146899,0
-0.147688,0
-0.148473,0
-0.14926,0
-0.150043,0
-0.150826,0
-0.151609,0
-0.152387,0
-0.153167,0
-0.153943,0
-0.15472,0
-0.155495,0
-0.156267,0
-0.157039,0
-0.157808,0
-0.158578,0
-0.159346,0
-0.160111,0
-0.160876,0
-0.161638,0
-0.1624,0
-0.163161,0
-0.163918,0
-0.164676,0
-0.16543,0
-0.166185,0
-0.166939,0
-0.167688,0
-0.168439,0
-0.169185,0
-0.169932,0
-0.170676,0
-0.17142,0
-0.172163,0
-0.172902,0
-0.173641,0
-0.174377,0
-0.175113,0
-0.175848,0
-0.176579,0
-0.17731,0
-0.178038,0
-0.178766,0
-0.179493,0
-0.180216,0
-0.180939,0
-0.181659,0
-0.182379,0
-0.183097,0
-0.183812,0
-0.184527,0
-0.185238,0
-0.18595,0
-0.18666,0
-0.187366,0
-0.188073,0
-0.188776,0
-0.189479,0
-0.19018,0
-0.190878,0
-0.191576,0
-0.19227,0
-0.192965,0
-0.193657,0
-0.194346,0
-0.195035,0
-0.195721,0
-0.196406,0
-0.19709,0
-0.19777,0
-0.198451,0
-0.199127,0
-0.199804,0
-0.200478,0
-0.201149,0
-0.201821,0
-0.202488,0
-0.203155,0
-0.203821,0
-0.204483,0
-0.205145,0
-0.205803,0
-0.206461,0
-0.207117,0
-0.20777,0
-0.208422,0
-0.209071,0
-0.209719,0
-0.210366,0
-0.211009,0
-0.211652,0
-0.212291,0
-0.21293,0
-0.213568,0
-0.214201,0
-0.214834,0
-0.215464,0
-0.216093,0
-0.21672,0
-0.217344,0
-0.217967,0
-0.218587,0
-0.219206,0
-0.219822,0
-0.220437,0
-0.221051,0
-0.22166,0
-0.22227,0
-0.222875,0
-0.223481,0
-0.224084,0
-0.224683,0
-0.225283,0
-0.225878,0
-0.226473,0
-0.227066,0
-0.227656,0
-0.228244,0
-0.22883,0
-0.229414,0
-0.229997,0
-0.230576,0
-0.231154,0
-0.231729,0
-0.232303,0
-0.232875,0
-0.233444,0
-0.234012,0
-0.234576,0
-0.235139,0
-0.235701,0
-0.236258,0
-0.236816,0
-0.237369,0
-0.237922,0
-0.238472,0
-0.239019,0
-0.239566,0
-0.240108,0
-0.24065,0
-0.24119,0
-0.241726,0
-0.242261,0
-0.242793,0
-0.243324,0
-0.243853,0
-0.244378,0
-0.244902,0
-0.245423,0
-0.245943,0
-0.24646,0
-0.246974,0
-0.247487,0
-0.247996,0
-0.248505,0
-0.249011,0
-0.249514,0
-0.250016,0
-0.250514,0
-0.251011,0
-0.251506,0
-0.251997,0
-0.252488,0
-0.252974,0
-0.25346,0
-0.253943,0
-0.254423,0
-0.254902,0
-0.255377,0
-0.255851,0
-0.256323,0
-0.256791,0
-0.257258,0
-0.257722,0
-0.258184,0
-0.258644,0
-0.259101,0
-0.259556,0
-0.260008,0
-0.260459,0
-0.260906,0
-0.261352,0
-0.261795,0
-0.262235,0
-0.262674,0
-0.263109,0
-0.263543,0
-0.263975,0
-0.264403,0
-0.264829,0
-0.265253,0
-0.265674,0
-0.266094,0
-0.26651,0
-0.266925,0
-0.267336,0
-0.267745,0
-0.268153,0
-0.268557,0
-0.268959,0
-0.269358,0
-0.269756,0
-0.270151,0
-0.270542,0
-0.270932,0
-0.271319,0
-0.271704,0
-0.272087,0
-0.272466,0
-0.272844,0
-0.273218,0
-0.273591,0
-0.273962,0
-0.274329,0
-0.274694,0
-0.275056,0
-0.275416,0
-0.275774,0
-0.276128,0
-0.276481,0
-0.27683,0
-0.277178,0
-0.277524,0
-0.277865,0
-0.278206,0
-0.278542,0
-0.278877,0
-0.27921,0
-0.279539,0
-0.279867,0
-0.280191,0
-0.280513,0
-0.280833,0
-0.281149,0
-0.281464,0
-0.281775,0
-0.282085,0
-0.282392,0
-0.282696,0
-0.282998,0
-0.283296,0
-0.283593,0
-0.283887,0
-0.284178,0
-0.284467,0
-0.284752,0
-0.285036,0
-0.285317,0
-0.285595,0
-0.285871,0
-0.286144,0
-0.286415,0
-0.286683,0
-0.286948,0
-0.287211,0
-0.28747,0
-0.287728,0
-0.287982,0
-0.288235,0
-0.288485,0
-0.288731,0
-0.288976,0
-0.289217,0
-0.289457,0
-0.289693,0
-0.289927,0
-0.290158,0
-0.290386,0
-0.290612,0
-0.290836,0
-0.291056,0
-0.291274,0
-0.291489,0
-0.291702,0
-0.291912,0
-0.292119,0
-0.292324,0
-0.292526,0
-0.292726,0
-0.292923,0
-0.293116,0
-0.293308,0
-0.293496,0
-0.293682,0
-0.293866,0
-0.294046,0
-0.294225,0
-0.2944,0
-0.294573,0
-0.294743,0
-0.29491,0
-0.295075,0
-0.295236,0
-0.295396,0
-0.295552,0
-0.295706,0
-0.295857,0
-0.296006,0
-0.296152,0
-0.296295,0
-0.296435,0
-0.296573,0
-0.296708,0
-0.29684,0
-0.29697,0
-0.297097,0
-0.297221,0
-0.297342,0
-0.297461,0
-0.297578,0
-0.297691,0
-0.297802,0
-0.297909,0
-0.298015,0
-0.298117,0
-0.298217,0
-0.298314,0
-0.298409,0
-0.2985,0
-0.29859,0
-0.298676,0
-0.298759,0
-0.29884,0
-0.298918,0
-0.298994,0
-0.299066,0
-0.299136,0
-0.299203,0
-0.299268,0
-0.29933,0
-0.299389,0
-0.299445,0
-0.299499,0
-0.29955,0
-0.299598,0
-0.299643,0
-0.299686,0
-0.299726,0
-0.299764,0
-0.299798,0
-0.29983,0
-0.299859,0
-0.299885,0
-0.299909,0
-0.29993,0
-0.299948,0
-0.299964,0
-0.299976,0
-0.299986,0
-0.299994,0
-0.299998,0
-0.3,0
-0.299999,0
-0.299995,0
-0.299989,0
-0.29998,0
-0.299968,0
-0.299954,0
-0.299936,0
-0.299916,0
-0.299894,0
-0.299868,0
-0.29984,0
-0.299809,0
-0.299775,0
-0.299739,0
-0.2997,0
-0.299658,0
-0.299613,0
-0.299566,0
-0.299516,0
-0.299463,0
-0.299408,0
-0.29935,0
-0.299289,0
-0.299225,0
-0.299159,0
-0.29909,0
-0.299018,0
-0.298944,0
-0.298866,0
-0.298786,0
-0.298704,0
-0.298618,0
-0.29853,0
-0.29844,0
-0.298346,0
-0.29825,0
-0.298151,0
-0.298049,0
-0.297945,0
-0.297838,0
-0.297728,0
-0.297615,0
-0.2975,0
-0.297382,0
-0.297262,0
-0.297138,0
-0.297012,0
-0.296884,0
-0.296752,0
-0.296618,0
-0.296481,0
-0.296342,0
-0.2962,0
-0.296055,0
-0.295907,0
-0.295757,0
-0.295604,0
-0.295448,0
-0.29529,0
-0.295129,0
-0.294965,0
-0.294798,0
-0.29463,0
-0.294458,0
-0.294284,0
-0.294106,0
-0.293926,0
-0.293744,0
-0.293559,0
-0.293371,0
-0.29318,0
-0.292987,0
-0.292792,0
-0.292593,0
-0.292392,0
-0.292188,0
-0.291981,0
-0.291773,0
-0.291561,0
-0.291347,0
-0.291129,0
-0.290909,0
-0.290687,0
-0.290462,0
-0.290235,0
-0.290004,0
-0.289771,0
-0.289536,0
-0.289297,0
-0.289057,0
-0.288813,0
-0.288567,0
-0.288319,0
-0.288067,0
-0.287813,0
-0.287557,0
-0.287297,0
-0.287036,0
-0.286771,0
-0.286504,0
-0.286234,0
-0.285962,0
-0.285688,0
-0.28541,0
-0.28513,0
-0.284847,0
-0.284562,0
-0.284275,0
-0.283984,0
-0.283691,0
-0.283395,0
-0.283097,0
-0.282797,0
-0.282493,0
-0.282188,0
-0.281879,0
-0.281568,0
-0.281255,0
-0.280938,0
-0.28062,0
-0.280299,0
-0.279974,0
-0.279649,0
-0.27932,0
-0.278989,0
-0.278654,0
-0.278318,0
-0.277979,0
-0.277637,0
-0.277294,0
-0.276947,0
-0.276597,0
-0.276246,0
-0.275892,0
-0.275536,0
-0.275176,0
-0.274815,0
-0.274451,0
-0.274084,0
-0.273715,0
-0.273343,0
-0.27297,0
-0.272593,0
-0.272213,0
-0.271832,0
-0.271448,0
-0.271062,0
-0.270673,0
-0.270281,0
-0.269888,0
-0.269491,0
-0.269093,0
-0.268691,0
-0.268287,0
-0.267882,0
-0.267473,0
-0.267062,0
-0.266649,0
-0.266232,0
-0.265815,0
-0.265394,0
-0.264971,0
-0.264545,0
-0.264117,0
-0.263687,0
-0.263254,0
-0.26282,0
-0.262382,0
-0.261941,0
-0.2615,0
-0.261055,0
-0.260609,0
-0.260159,0
-0.259706,0
-0.259253,0
-0.258796,0
-0.258338,0
-0.257877,0
-0.257412,0
-0.256947,0
-0.256479,0
-0.256009,0
-0.255536,0
-0.25506,0
-0.254583,0
-0.254103,0
-0.253622,0
-0.253137,0
-0.252649,0
-0.252161,0
-0.251669,0
-0.251177,0
-0.25068,0
-0.250181,0
-0.249682,0
-0.249178,0
-0.248674,0
-0.248166,0
-0.247656,0
-0.247145,0
-0.246631,0
-0.246116,0
-0.245596,0
-0.245075,0
-0.244553,0
-0.244027,0
-0.243501,0
-0.242971,0
-0.242438,0
-0.241905,0
-0.241368,0
-0.240831,0
-0.240289,0
-0.239748,0
-0.239202,0
-0.238654,0
-0.238106,0
-0.237554,0
-0.237001,0
-0.236445,0
-0.235886,0
-0.235327,0
-0.234764,0
-0.234201,0
-0.233633,0
-0.233064,0
-0.232494,0
-0.231921,0
-0.231347,0
-0.230769,0
-0.230189,0
-0.229609,0
-0.229025,0
-0.228441,0
-0.227852,0
-0.227262,0
-0.226671,0
-0.226077,0
-0.225482,0
-0.224884,0
-0.224283,0
-0.223682,0
-0.223078,0
-0.222473,0
-0.221864,0
-0.221253,0
-0.220642,0
-0.220028,0
-0.219413,0
-0.218794,0
-0.218173,0
-0.217552,0
-0.216927,0
-0.216303,0
-0.215674,0
-0.215043,0
-0.214412,0
-0.213778,0
-0.213143,0
-0.212505,0
-0.211865,0
-0.211224,0
-0.21058,0
-0.209936,0
-0.209288,0
-0.208638,0
-0.207988,0
-0.207334,0
-0.20668,0
-0.206023,0
-0.205363,0
-0.204704,0
-0.204041,0
-0.203378,0
-0.202711,0
-0.202042,0
-0.201374,0
-0.200701,0
-0.200029,0
-0.199353,0
-0.198675,0
-0.197998,0
-0.197316,0
-0.196635,0
-0.19595,0
-0.195263,0
-0.194577,0
-0.193886,0
-0.193196,0
-0.192502,0
-0.191809,0
-0.191111,0
-0.190412,0
-0.189713,0
-0.189011,0
-0.188308,0
-0.187602,0
-0.186895,0
-0.186187,0
-0.185476,0
-0.184765,0
-0.184051,0
-0.183335,0
-0.182619,0
-0.1819,0
-0.18118,0
-0.180458,0
-0.179733,0
-0.179009,0
-0.178281,0
-0.177554,0
-0.176823,0
-0.176091,0
-0.175359,0
-0.174623,0
-0.173888,0
-0.173149,0
-0.172408,0
-0.171668,0
-0.170925,0
-0.170182,0
-0.169435,0
-0.168687,0
-0.167939,0
-0.167187,0
-0.166437,0
-0.165682,0
-0.164926,0
-0.164171,0
-0.163412,0
-0.162654,0
-0.161892,0
-0.161129,0
-0.160366,0
-0.1596,0
-0.158835,0
-0.158065,0
-0.157295,0
-0.156525,0
-0.155751,0
-0.154979,0
-0.154202,0
-0.153425,0
-0.152648,0
-0.151867,0
-0.151088,0
-0.150304,0
-0.14952,0
-0.148736,0
-0.147949,0
-0.147162,0
-0.146372,0
-0.145581,0
-0.144791,0
-0.143997,0
-0.143204,0
-0.142407,0
-0.141609,0
-0.140812,0
-0.140012,0
-0.139212,0
-0.138409,0
-0.137605,0
-0.136802,0
-0.135995,0
-0.135189,0
-0.13438,0
-0.133572,0
-0.13276,0
-0.131947,0
-0.131135,0
-0.13032,0
-0.129506,0
-0.128688,0
-0.127869,0
-0.127052,0
-0.126231,0
-0.125411,0
-0.124587,0
-0.123763,0
-0.122939,0
-0.122112,0
-0.121287,0
-0.120458,0
-0.119628,0
-0.118799,0
-0.117967,0
-0.117136,0
-0.116301,0
-0.115466,0
-0.114631,0
-0.113794,0
-0.112958,0
-0.112118,0
-0.111277,0
-0.110438,0
-0.109595,0
-0.108754,0
-0.107909,0
-0.107063,0
-0.106219,0
-0.105372,0
-0.104525,0
-0.103676,0
-0.102825,0
-0.101976,0
-0.101124,0
-0.100273,0
-0.0994191,0
-0.098564,0
-0.0977105,0
-0.0968536,0
-0.0959983,0
-0.0951397,0
-0.0942802,0
-0.0934223,0
-0.0925611,0
-0.0917015,0
-0.0908386,0
-0.0899749,0
-0.0891129,0
-0.0882475,0
-0.0873839,0
-0.0865169,0
-0.0856491,0
-0.0847832,0
-0.0839139,0
-0.0830463,0
-0.0821755,0
-0.0813039,0
-0.0804342,0
-0.0795611,0
-0.0786899,0
-0.0778154,0
-0.0769402,0
-0.0760669,0
-0.0751903,0
-0.0743156,0
-0.0734376,0
-0.0725616,0
-0.0716823,0
-0.0708024,0
-0.0699244,0
-0.0690432,0
-0.0681639,0
-0.0672814,0
-0.0663984,0
-0.0655173,0
-0.064633,0
-0.0637507,0
-0.0628653,0
-0.0619793,0
-0.0610953,0
-0.0602081,0
-0.059323,0
-0.0584348,0
-0.0575461,0
-0.0566594,0
-0.0557696,0
-0.0548819,0
-0.0539911,0
-0.0530998,0
-0.0522106,0
-0.0513183,0
-0.0504282,0
-0.049535,0
-0.0486414,0
-0.0477499,0
-0.0468554,0
-0.0459631,0
-0.0450677,0
-0.044172,0
-0.0432784,0
-0.0423818,0
-0.0414875,0
-0.0405902,0
-0.0396925,0
-0.038797,0
-0.0378986,0
-0.0370025,0
-0.0361034,0
-0.035204,0
-0.0343069,0
-0.0334068,0
-0.0325091,0
-0.0316084,0
-0.0307075,0
-0.0298089,0
-0.0289074,0
-0.0280083,0
-0.0271063,0
-0.026204,0
-0.0253041,0
-0.0244014,0
-0.0235011,0
-0.0225979,0
-0.0216946,0
-0.0207936,0
-0.0198899,0
-0.0189886,0
-0.0180844,0
-0.0171802,0
-0.0162784,0
-0.0153738,0
-0.0144717,0
-0.0135669,0
-0.0126619,0
-0.0117594,0
-0.0108542,0
-0.00995157,0
-0.00904619,0
-0.00814072,0
-0.00723781,0
-0.00633221,0
-0.00542918,0
-0.00452346,0
-0.00362034,0
-0.00271455,0
-0.00180874,0
-0.000905543,0
2.94924e-07,0
0.000903499,0
0.00180933,0
0.00271514,0
0.0036183,0
0.00452405,0
0.00542713,0
0.0063328,0
0.0072384,0
0.00814131,0
0.00904678,0
0.00994953,0
0.0108548,0
0.01176,0
0.0126625,0
0.0135674,0
0.0144697,0
0.0153744,0
0.016279,0
0.0171808,0
0.018085,0
0.0189865,0
0.0198904,0
0.0207942,0
0.0216951,0
0.0225985,0
0.023499,0
0.024402,0
0.0253047,0
0.0262046,0
0.0271068,0
0.0280062,0
0.028908,0
0.0298095,0
0.0307081,0
0.031609,0
0.032507,0
0.0334074,0
0.0343075,0
0.0352046,0
0.036104,0
0.0370005,0
0.0378992,0
0.0387976,0
0.0396931,0
0.0405908,0
0.0414855,0
0.0423824,0
0.043279,0
0.0441725,0
0.0450683,0
0.0459611,0
0.046856,0
0.0477505,0
0.048642,0
0.0495356,0
0.0504262,0
0.0513189,0
0.0522112,0
0.0531003,0
0.0539916,0
0.0548798,0
0.0557701,0
0.0566599,0
0.0575466,0
0.0584354,0
0.059321,0
0.0602087,0
0.0610958,0
0.0619798,0
0.0628659,0
0.0637487,0
0.0646336,0
0.0655153,0
0.066399,0
0.067282,0
0.0681619,0
0.0690437,0
0.0699224,0
0.070803,0
0.0716829,0
0.0725596,0
0.0734382,0
0.0743136,0
0.0751909,0
0.0760675,0
0.0769408,0
0.077816,0
0.0786879,0
0.0795617,0
0.0804347,0
0.0813045,0
0.0821761,0
0.0830444,0
0.0839144,0
0.0847837,0
0.0856497,0
0.0865175,0
0.0873819,0
0.0882481,0
0.0891134,0
0.0899755,0
0.0908392,0
0.0916996,0
0.0925616,0
0.0934229,0
0.0942807,0
0.0951402,0
0.0959964,0
0.0968542,0
0.097711,0
0.0985646,0
0.0994197,0
0.100271,0
0.101125,0
0.101977,0
0.102826,0
0.103676,0
0.104524,0
0.105372,0
0.10622,0
0.107064,0
0.10791,0
0.108752,0
0.109596,0
0.110438,0
0.111278,0
0.112118,0
0.112956,0
0.113794,0
0.114632,0
0.115466,0
0.116302,0
0.117134,0
0.117967,0
0.118799,0
0.119628,0
0.120458,0
0.121285,0
0.122113,0
0.12294,0
0.123763,0
0.124588,0
0.125409,0
0.126231,0
0.127052,0
0.12787,0
0.128689,0
0.129504,0
0.130321,0
0.131134,0
0.131948,0
0.132761,0
0.13357,0
0.13438,0
0.135187,0
0.135995,0
0.136802,0
0.137605,0
0.13841,0
0.13921,0
0.140012,0
0.140813,0
0.14161,0
0.142407,0
0.143202,0
0.143997,0
0.144791,0
0.145582,0
0.146373,0
0.147161,0
0.147949,0
0.148737,0
0.14952,0
0.150305,0
0.151086,0
0.151868,0
0.152648,0
0.153425,0
0.154203,0
0.154977,0
0.155752,0
0.156525,0
0.157295,0
0.158066,0
0.158833,0
0.159601,0
0.160367,0
0.161129,0
0.161893,0
0.162652,0
0.163413,0
0.164172,0
0.164927,0
0.165683,0
0.166435,0
0.167188,0
0.167939,0
0.168687,0
0.169435,0
0.17018,0
0.170925,0
0.171669,0
0.172409,0
0.173149,0
0.173886,0
0.174623,0
0.175359,0
0.176091,0
0.176824,0
0.177553,0
0.178282,0
0.17901,0
0.179734,0
0.180458,0
0.181179,0
0.1819,0
0.182619,0
0.183335,0
0.184051,0
0.184764,0
0.185477,0
0.186188,0
0.186895,0
0.187603,0
0.188307,0
0.189011,0
0.189712,0
0.190413,0
0.191112,0
0.191807,0
0.192503,0
0.193194,0
0.193887,0
0.194577,0
0.195264,0
0.19595,0
0.196633,0
0.197317,0
0.197998,0
0.198676,0
0.199354,0
0.200028,0
0.200702,0
0.201374,0
0.202043,0
0.202711,0
0.203376,0
0.204041,0
0.204704,0
0.205364,0
0.206023,0
0.206679,0
0.207334,0
0.207988,0
0.208638,0
0.209288,0
0.209934,0
0.21058,0
0.211224,0
0.211865,0
0.212505,0
0.213142,0
0.213778,0
0.214413,0
0.215044,0
0.215674,0
0.216301,0
0.216928,0
0.217553,0
0.218173,0
0.218794,0
0.219411,0
0.220028,0
0.220643,0
0.221254,0
0.221864,0
0.222471,0
0.223078,0
0.223683,0
0.224284,0
0.224884,0
0.225481,0
0.226077,0
0.226672,0
0.227262,0
0.227853,0
0.228439,0
0.229025,0
0.229609,0
0.23019,0
0.230769,0
0.231346,0
0.231921,0
0.232495,0
0.233065,0
0.233634,0
0.234199,0
0.234764,0
0.235327,0
0.235886,0
0.236445,0
0.237,0
0.237554,0
0.238105,0
0.238655,0
0.239202,0
0.239746,0
0.24029,0
0.24083,0
0.241369,0
0.241905,0
0.242439,0
0.242971,0
0.2435,0
0.244028,0
0.244553,0
0.245075,0
0.245597,0
0.246114,0
0.246631,0
0.247146,0
0.247657,0
0.248167,0
0.248673,0
0.249179,0
0.249682,0
0.250182,0
0.25068,0
0.251175,0
0.25167,0
0.252161,0
0.25265,0
0.253137,0
0.253621,0
0.254103,0
0.254584,0
0.25506,0
0.255536,0
0.256008,0
0.256479,0
0.256948,0
0.257413,0
0.257877,0
0.258337,0
0.258797,0
0.259254,0
0.259707,0
0.260159,0
0.260608,0
0.261055,0
0.2615,0
0.261942,0
0.262382,0
0.262819,0
0.263254,0
0.263688,0
0.264117,0
0.264546,0
0.26497,0
0.265394,0
0.265815,0
0.266233,0
0.266649,0
0.267062,0
0.267473,0
0.267882,0
0.268287,0
0.268692,0
0.269092,0
0.269491,0
0.269888,0
0.270281,0
0.270673,0
0.271061,0
0.271448,0
0.271833,0
0.272214,0
0.272593,0
0.272969,0
0.273343,0
0.273714,0
0.274084,0
0.274451,0
0.274815,0
0.275177,0
0.275535,0
0.275892,0
0.276247,0
0.276598,0
0.276947,0
0.277293,0
0.277638,0
0.277979,0
0.278318,0
0.278655,0
0.278988,0
0.27932,0
0.279649,0
0.279975,0
0.280299,0
0.280619,0
0.280939,0
0.281255,0
0.281568,0
0.281879,0
0.282187,0
0.282493,0
0.282797,0
0.283097,0
0.283396,0
0.283691,0
0.283984,0
0.284275,0
0.284562,0
0.284848,0
0.28513,0
0.28541,0
0.285688,0
0.285962,0
0.286235,0
0.286504,0
0.286771,0
0.287036,0
0.287297,0
0.287557,0
0.287813,0
0.288067,0
0.288319,0
0.288567,0
0.288813,0
0.289056,0
0.289298,0
0.289536,0
0.289771,0
0.290004,0
0.290234,0
0.290462,0
0.290687,0
0.290909,0
0.291129,0
0.291346,0
0.291561,0
0.291773,0
0.291982,0
0.292188,0
0.292392,0
0.292593,0
0.292792,0
0.292987,0
0.293181,0
0.293371,0
0.293559,0
0.293744,0
0.293926,0
0.294106,0
0.294283,0
0.294458,0
0.294629,0
0.294799,0
0.294965,0
0.295129,0
0.29529,0
0.295448,0
0.295604,0
0.295757,0
0.295907,0
0.296055,0
0.296199,0
0.296342,0
0.296481,0
0.296618,0
0.296752,0
0.296884,0
0.297012,0
0.297139,0
0.297262,0
0.297382,0
0.2975,0
0.297615,0
0.297728,0
0.297838,0
0.297945,0
0.298049,0
0.298151,0
0.29825,0
0.298346,0
0.29844,0
0.29853,0
0.298618,0
0.298704,0
0.298786,0
0.298866,0
0.298944,0
0.299018,0
0.29909,0
0.299159,0
0.299225,0
0.299289,0
0.29935,0
0.299408,0
0.299463,0
0.299516,0
0.299566,0
0.299613,0
0.299658,0
0.2997,0
0.299739,0
0.299775,0
0.299809,0
0.29984,0
0.299868,0
0.299894,0
0.299916,0
0.299936,0
0.299954,0
0.299968,0
0.29998,0
0.299989,0
0.299995,0
0.299999,0
0.3,0
0.299998,0
0.299994,0
0.299986,0
0.299976,0
0.299964,0
0.299948,0
0.29993,0
0.299909,0
0.299885,0
0.299859,0
0.29983,0
0.299798,0
0.299764,0
0.299726,0
0.299686,0
0.299643,0
0.299598,0
0.29955,0
0.299499,0
0.299445,0
0.299389,0
0.29933,0
0.299268,0
0.299204,0
0.299136,0
0.299066,0
0.298994,0
0.298918,0
0.29884,0
0.298759,0
0.298676,0
0.298589,0
0.2985,0
0.298409,0
0.298314,0
0.298217,0
0.298117,0
0.298015,0
0.29791,0
0.297801,0
0.297691,0
0.297577,0
0.297461,0
0.297343,0
0.297221,0
0.297097,0
0.29697,0
0.29684,0
0.296708,0
0.296573,0
0.296435,0
0.296295,0
0.296152,0
0.296006,0
0.295857,0
0.295706,0
0.295552,0
0.295396,0
0.295237,0
0.295074,0
0.29491,0
0.294743,0
0.294572,0
0.2944,0
0.294225,0
0.294046,0
0.293866,0
0.293682,0
0.293497,0
0.293308,0
0.293116,0
0.292922,0
0.292725,0
0.292526,0
0.292324,0
0.292119,0
0.291912,0
0.291702,0
0.29149,0
0.291274,0
0.291056,0
0.290836,0
0.290612,0
0.290387,0
0.290158,0
0.289927,0
0.289693,0
0.289456,0
0.289218,0
0.288976,0
0.288732,0
0.288485,0
0.288235,0
0.287983,0
0.287728,0
0.287471,0
0.28721,0
0.286947,0
0.286683,0
0.286414,0
0.286144,0
0.285871,0
0.285595,0
0.285317,0
0.285036,0
0.284753,0
0.284467,0
0.284178,0
0.283887,0
0.283593,0
0.283297,0
0.282997,0
0.282696,0
0.282392,0
0.282085,0
0.281776,0
0.281464,0
0.281149,0
0.280833,0
0.280513,0
0.280191,0
0.279866,0
0.279539,0
0.27921,0
0.278877,0
0.278543,0
0.278205,0
0.277865,0
0.277523,0
0.277178,0
0.276831,0
0.276481,0
0.276128,0
0.275774,0
0.275416,0
0.275057,0
0.274694,0
0.274328,0
0.273962,0
0.273591,0
0.273219,0
0.272844,0
0.272466,0
0.272087,0
0.271704,0
0.27132,0
0.270932,0
0.270542,0
0.27015,0
0.269755,0
0.269359,0
0.268959,0
0.268556,0
0.268153,0
0.267745,0
0.267337,0
0.266924,0
0.26651,0
0.266094,0
0.265674,0
0.265253,0
0.264829,0
0.264404,0
0.263974,0
0.263543,0
0.26311,0
0.262674,0
0.262236,0
0.261795,0
0.261351,0
0.260907,0
0.260458,0
0.260009,0
0.259556,0
0.259101,0
0.258644,0
0.258184,0
0.257723,0
0.257258,0
0.256791,0
0.256323,0
0.255851,0
0.255378,0
0.254902,0
0.254423,0
0.253943,0
0.25346,0
0.252975,0
0.252487,0
0.251997,0
0.251506,0
0.251011,0
0.250515,0
0.250015,0
0.249514,0
0.249011,0
0.248505,0
0.247998,0
0.247487,0
0.246974,0
0.24646,0
0.245942,0
0.245424,0
0.244902,0
0.244377,0
0.243852,0
0.243324,0
0.242794,0
0.242261,0
0.241726,0
0.24119,0
0.24065,0
0.24011,0
0.239565,0
0.239019,0
0.238472,0
0.237921,0
0.23737,0
0.236815,0
0.236258,0
0.2357,0
0.235139,0
0.234577,0
0.234011,0
0.233443,0
0.232875,0
0.232303,0
0.23173,0
0.231154,0
0.230575,0
0.229997,0
0.229414,0
0.228831,0
0.228244,0
0.227655,0
0.227066,0
0.226473,0
0.225879,0
0.225282,0
0.224685,0
0.224084,0
0.22348,0
0.222877,0
0.222269,0
0.221662,0
0.22105,0
0.220437,0
0.219823,0
0.219206,0
0.218588,0
0.217967,0
0.217343,0
0.21672,0
0.216092,0
0.215465,0
0.214834,0
0.2142,0
0.213567,0
0.21293,0
0.212293,0
0.211652,0
0.211009,0
0.210366,0
0.209719,0
0.209072,0
0.208422,0
0.207769,0
0.207117,0
0.20646,0
0.205804,0
0.205144,0
0.204482,0
0.203821,0
0.203155,0
0.202489,0
0.20182,0
0.201149,0
0.200478,0
0.199803,0
0.199129,0
0.19845,0
0.19777,0
0.19709,0
0.196406,0
0.195722,0
0.195035,0
0.194346,0
0.193657,0
0.192964,0
0.192272,0
0.191575,0
0.190878,0
0.19018,0
0.189478,0
0.188777,0
0.188072,0
0.187366,0
0.18666,0
0.18595,0
0.18524,0
0.184527,0
0.183812,0
0.183097,0
0.182379,0
0.181661,0
0.180939,0
0.180215,0
0.179493,0
0.178766,0
0.17804,0
0.17731,0
0.176578,0
0.175847,0
0.175113,0
0.174379,0
0.173641,0
0.172903,0
0.172162,0
0.17142,0
0.170678,0
0.169932,0
0.169187,0
0.168438,0
0.167688,0
0.166938,0
0.166185,0
0.165432,0
0.164675,0
0.163918,0
0.16316,0
0.162399,0
0.161639,0
0.160875,0
0.16011,0
0.159346,0
0.158577,0
0.15781,0
0.157039,0
0.156266,0
0.155495,0
0.154719,0
0.153945,0
0.153167,0
0.152387,0
0.151608,0
0.150826,0
0.150044,0
0.149259,0
0.148473,0
0.147687,0
0.146898,0
0.14611,0
0.145318,0
0.144525,0
0.143733,0
0.142937,0
0.142143,0
0.141344,0
0.140545,0
0.139746,0
0.138944,0
0.138143,0
0.137338,0
0.136532,0
0.135727,0
0.134919,0
0.134111,0
0.1333,0
0.132488,0
0.131677,0
0.130863,0
0.130049,0
0.129233,0
0.128415,0
0.127598,0
0.126777,0
0.125958,0
0.125135,0
0.124312,0
0.123489,0
0.122663,0
0.121838,0
0.12101,0
0.12018,0
0.119352,0
0.118521,0
0.11769,0
0.116857,0
0.116022,0
0.115188,0
0.114351,0
0.113516,0
0.112677,0
0.111839,0
0.110998,0
0.110156,0
0.109316,0
0.108471,0
0.107629,0
0.106783,0
0.105936,0
0.10509,0
0.104241,0
0.103394,0
0.102543,0
0.101691,0
0.100841,0
0.0999877,0
0.0991357,0
0.0982803,0
0.097424,0
0.0965693,0
0.0957112,0
0.0948548,0
0.093995,0
0.0931343,0
0.0922753,0
0.091413,0
0.0905523,0
0.0896883,0
0.0888235,0
0.0879604,0
0.087094,0
0.0862293,0
0.0853613,0
0.0844925,0
0.0836255,0
0.0827551,0
0.0818866,0
0.0810148,0
0.0801422,0
0.0792715,0
0.0783975,0
0.0775253,0
0.0766499,0
0.0757738,0
0.0748995,0
0.074022,0
0.0731464,0
0.0722676,0
0.0713881,0
0.0705105,0
0.0696297,0
0.0687509,0
0.0678688,0
0.0669862,0
0.0661054,0
0.0652216,0
0.0643397,0
0.0634546,0
0.062569,0
0.0616854,0
0.0607986,0
0.0599139,0
0.059026,0
0.0581376,0
0.0572513,0
0.0563618,0
0.0554744,0
0.054584,0
0.053693,0
0.0528041,0
0.0519122,0
0.0510224,0
0.0501295,0
0.0492362,0
0.048345,0
0.0474508,0
0.0465587,0
0.0456637,0
0.0447708,0
0.0438749,0
0.0429786,0
0.0420845,0
0.0411874,0
0.0402926,0
0.0393948,0
0.0384966,0
0.0376007,0
0.0367018,0
0.0358052,0
0.0349057,0
0.0340059,0
0.0331083,0
0.0322079,0
0.0313097,0
0.0304087,0
0.0295074,0
0.0286084,0
0.0277066,0
0.0268071,0
0.0259048,0
0.0250022,0
0.024102,0
0.023199,0
0.0222984,0
0.021395,0
0.0204914,0
0.0195902,0
0.0186862,0
0.0177846,0
0.0168803,0
0.0159758,0
0.0150738,0
0.0141691,0
0.0132668,0
0.0123618,0
0.0114567,0
0.0105541,0
0.00964876,0
0.00874598,0
0.00784048,0
0.00693492,0
0.00603193,0
0.00512624,0
0.00422315,0
0.00331738,0
0.00241158,0
0.0015084,0
0.000602565,0
-0.00030064,0
-0.00120648,0
-0.0021123,0
-0.00301547,0
-0.00392125,0
-0.00482436,0
-0.00573006,0
-0.00663571,0
-0.00753866,0
-0.00844418,0
-0.00934698,0
-0.0102523,0
-0.0111576,0
-0.0120601,0
-0.0129652,0
-0.0138675,0
-0.0147723,0
-0.015677,0
-0.0165789,0
-0.0174832,0
-0.0183848,0
-0.0192889,0
-0.0201928,0
-0.0210938,0
-0.0219973,0
-0.022898,0
-0.0238011,0
-0.0247013,0
-0.025604,0
-0.0265064,0
-0.0274059,0
-0.0283079,0
-0.0292069,0
-0.0301083,0
-0.0310094,0
-0.0319077,0
-0.0328082,0
-0.0337059,0
-0.0346058,0
-0.0355054,0
-0.0364021,0
-0.0373011,0
-0.0381971,0
-0.0390954,0
-0.0399934,0
-0.0408883,0
-0.0417855,0
-0.0426797,0
-0.0435762,0
-0.0444722,0
-0.0453652,0
-0.0462604,0
-0.0471526,0
-0.048047,0
-0.0489409,0
-0.0498318,0
-0.0507248,0
-0.0516148,0
-0.0525069,0
-0.0533985,0
-0.054287,0
-0.0551777,0
-0.0560652,0
-0.0569549,0
-0.057844,0
-0.05873,0
-0.059618,0
-0.0605029,0
-0.0613899,0
-0.0622763,0
-0.0631595,0
-0.0640447,0
-0.0649268,0
-0.0658109,0
-0.0666944,0
-0.0675747,0
-0.0684569,0
-0.069336,0
-0.070217,0
-0.0710974,0
-0.0719745,0
-0.0728536,0
-0.0737294,0
-0.0746071,0
-0.0754841,0
-0.076358,0
-0.0772336,0
-0.078106,0
-0.0789803,0
-0.0798538,0
-0.080724,0
-0.0815961,0
-0.0824649,0
-0.0833355,0
-0.0842053,0
-0.0850718,0
-0.08594,0
-0.086805,0
-0.0876717,0
-0.0885376,0
-0.0894002,0
-0.0902644,0
-0.0911254,0
-0.091988,0
-0.0928473,0
-0.0937082,0
-0.0945683,0
-0.095425,0
-0.0962834,0
-0.0971384,0
-0.097995,0
-0.0988507,0
-0.099703,0
-0.100557,0
-0.101407,0
-0.102259,0
-0.103111,0
-0.103958,0
-0.104808,0
-0.105653,0
-0.106501,0
-0.107347,0
-0.10819,0
-0.109034,0
-0.109875,0
-0.110718,0
-0.111559,0
-0.112397,0
-0.113236,0
-0.114072,0
-0.114909,0
-0.115746,0
-0.116578,0
-0.117413,0
-0.118243,0
-0.119075,0
-0.119906,0
-0.120733,0
-0.121562,0
-0.122387,0
-0.123214,0
-0.124039,0
-0.124861,0
-0.125684,0
-0.126504,0
-0.127324,0
-0.128144,0
-0.12896,0
-0.129777,0
-0.130591,0
-0.131406,0
-0.13222,0
-0.13303,0
-0.133841,0
-0.134649,0
-0.135458,0
-0.136265,0
-0.137069,0
-0.137875,0
-0.138676,0
-0.139479,0
-0.14028,0
-0.141078,0
-0.141877,0
-0.142672,0
-0.143468,0
-0.144263,0
-0.145054,0
-0.145846,0
-0.146635,0
-0.147425,0
-0.148213,0
-0.148997,0
-0.149783,0
-0.150565,0
-0.151348,0
-0.152129,0
-0.152907,0
-0.153686,0
-0.15446,0
-0.155236,0
-0.156009,0
-0.156782,0
-0.157553,0
-0.158321,0
-0.15909,0
-0.159855,0
-0.160621,0
-0.161385,0
-0.162146,0
-0.162907,0
-0.163665,0
-0.164423,0
-0.16518,0
-0.165933,0
-0.166687,0
-0.167437,0
-0.168188,0
-0.168937,0
-0.169683,0
-0.170429,0
-0.171172,0
-0.171915,0
-0.172657,0
-0.173394,0
-0.174133,0
-0.174868,0
-0.175603,0
-0.176336,0
-0.177066,0
-0.177797,0
-0.178523,0
-0.179251,0
-0.179976,0
-0.180698,0
-0.18142,0
-0.182139,0
-0.182858,0
-0.183575,0
-0.184288,0
-0.185002,0
-0.185713,0
-0.186423,0
-0.187132,0
-0.187837,0
-0.188543,0
-0.189244,0
-0.189946,0
-0.190647,0
-0.191343,0
-0.19204,0
-0.192733,0
-0.193426,0
-0.194118,0
-0.194805,0
-0.195493,0
-0.196178,0
-0.196862,0
-0.197545,0
-0.198224,0
-0.198903,0
-0.199578,0
-0.200253,0
-0.200927,0
-0.201597,0
-0.202267,0
-0.202933,0
-0.203599,0
-0.204263,0
-0.204924,0
-0.205584,0
-0.206241,0
-0.206898,0
-0.207551,0
-0.208204,0
-0.208856,0
-0.209503,0
-0.21015,0
-0.210794,0
-0.211438,0
-0.212079,0
-0.212717,0
-0.213355,0
-0.213989,0
-0.214623,0
-0.215255,0
-0.215883,0
-0.216511,0
-0.217135,0
-0.217759,0
-0.218381,0
-0.219,0
-0.219618,0
-0.220232,0
-0.220846,0
-0.221458,0
-0.222066,0
-0.222674,0
-0.223279,0
-0.223883,0
-0.224485,0
-0.225083,0
-0.225681,0
-0.226275,0
-0.226868,0
-0.22746,0
-0.228048,0
-0.228635,0
-0.229219,0
-0.229803,0
-0.230384,0
-0.230961,0
-0.231538,0
-0.232112,0
-0.232684,0
-0.233255,0
-0.233822,0
-0.234389,0
-0.234951,0
-0.235513,0
-0.236073,0
-0.23663,0
-0.237185,0
-0.237737,0
-0.238289,0
-0.238838,0
-0.239384,0
-0.239928,0
-0.24047,0
-0.24101,0
-0.241548,0
-0.242083,0
-0.242617,0
-0.243147,0
-0.243676,0
-0.244204,0
-0.244727,0
-0.24525,0
-0.245769,0
-0.246287,0
-0.246804,0
-0.247316,0
-0.247828,0
-0.248335,0
-0.248843,0
-0.249347,0
-0.249848,0
-0.250349,0
-0.250845,0
-0.251341,0
-0.251833,0
-0.252324,0
-0.252813,0
-0.253298,0
-0.253782,0
-0.254263,0
-0.254742,0
-0.25522,0
-0.255693,0
-0.256166,0
-0.256635,0
-0.257103,0
-0.257568,0
-0.25803,0
-0.258491,0
-0.258948,0
-0.259405,0
-0.259858,0
-0.260309,0
-0.260758,0
-0.261203,0
-0.261647,0
-0.262089,0
-0.262528,0
-0.262965,0
-0.263398,0
-0.263831,0
-0.264261,0
-0.264687,0
-0.265112,0
-0.265534,0
-0.265954,0
-0.266372,0
-0.266786,0
-0.267199,0
-0.267609,0
-0.268017,0
-0.268423,0
-0.268825,0
-0.269226,0
-0.269623,0
-0.270019,0
-0.270413,0
-0.270802,0
-0.271191,0
-0.271576,0
-0.27196,0
-0.272341,0
-0.272718,0
-0.273095,0
-0.273467,0
-0.273838,0
-0.274207,0
-0.274572,0
-0.274936,0
-0.275296,0
-0.275655,0
-0.276011,0
-0.276364,0
-0.276715,0
-0.277062,0
-0.277409,0
-0.277752,0
-0.278092,0
-0.278431,0
-0.278766,0
-0.279099,0
-0.27943,0
-0.279758,0
-0.280083,0
-0.280406,0
-0.280726,0
-0.281045,0
-0.281359,0
-0.281672,0
-0.281982,0
-0.28229,0
-0.282594,0
-0.282897,0
-0.283197,0
-0.283494,0
-0.283789,0
-0.284081,0
-0.284371,0
-0.284658,0
-0.284942,0
-0.285224,0
-0.285502,0
-0.285779,0
-0.286054,0
-0.286324,0
-0.286594,0
-0.286859,0
-0.287123,0
-0.287384,0
-0.287642,0
-0.287898,0
-0.288151,0
-0.288402,0
-0.28865,0
-0.288894,0
-0.289137,0
-0.289377,0
-0.289614,0
-0.289849,0
-0.290081,0
-0.290311,0
-0.290537,0
-0.290762,0
-0.290983,0
-0.291202,0
-0.291418,0
-0.291631,0
-0.291842,0
-0.292051,0
-0.292256,0
-0.292459,0
-0.292659,0
-0.292857,0
-0.293052,0
-0.293244,0
-0.293434,0
-0.293621,0
-0.293805,0
-0.293987,0
-0.294165,0
-0.294342,0
-0.294515,0
-0.294686,0
-0.294855,0
-0.29502,0
-0.295183,0
-0.295343,0
-0.2955,0
-0.295655,0
-0.295807,0
-0.295957,0
-0.296103,0
-0.296247,0
-0.296389,0
-0.296527,0
-0.296663,0
-0.296796,0
-0.296927,0
-0.297055,0
-0.29718,0
-0.297302,0
-0.297422,0
-0.297539,0
-0.297653,0
-0.297765,0
-0.297874,0
-0.29798,0
-0.298083,0
-0.298184,0
-0.298282,0
-0.298378,0
-0.29847,0
-0.29856,0
-0.298647,0
-0.298732,0
-0.298814,0
-0.298892,0
-0.298969,0
-0.299042,0
-0.299113,0
-0.299181,0
-0.299247,0
-0.29931,0
-0.299369,0
-0.299427,0
-0.299481,0
-0.299533,0
-0.299582,0
-0.299629,0
-0.299672,0
-0.299713,0
-0.299751,0
-0.299787,0
-0.29982,0
-0.29985,0
-0.299877,0
-0.299901,0
-0.299923,0
-0.299942,0
-0.299959,0
-0.299972,0
-0.299983,0
-0.299991,0
-0.299997,0
-0.3,0
-0.3,0
-0.299997,0
-0.299991,0
-0.299983,0
-0.299972,0
-0.299959,0
-0.299942,0
-0.299923,0
-0.299901,0
-0.299877,0
-0.29985,0
-0.29982,0
-0.299787,0
-0.299751,0
-0.299713,0
-0.299672,0
-0.299629,0
-0.299582,0
-0.299533,0
-0.299481,0
-0.299427,0
-0.29937,0
-0.29931,0
-0.299247,0
-0.299181,0
-0.299113,0
-0.299042,0
-0.298969,0
-0.298893,0
-0.298813,0
-0.298732,0
-0.298647,0
-0.29856,0
-0.29847,0
-0.298378,0
-0.298282,0
-0.298184,0
-0.298083,0
-0.29798,0
-0.297874,0
-0.297765,0
-0.297653,0
-0.297539,0
-0.297422,0
-0.297302,0
-0.29718,0
-0.297055,0
-0.296927,0
-0.296796,0
-0.296663,0
-0.296527,0
-0.296389,0
-0.296247,0
-0.296103,0
-0.295957,0
-0.295807,0
-0.295655,0
-0.2955,0
-0.295343,0
-0.295183,0
-0.29502,0
-0.294854,0
-0.294686,0
-0.294515,0
-0.294342,0
-0.294166,0
-0.293987,0
-0.293805,0
-0.293621,0
-0.293434,0
-0.293244,0
-0.293052,0
-0.292857,0
-0.29266,0
-0.292459,0
-0.292257,0
-0.292051,0
-0.291842,0
-0.291632,0
-0.291418,0
-0.291202,0
-0.290983,0
-0.290761,0
-0.290538,0
-0.290311,0
-0.290082,0
-0.289849,0
-0.289614,0
-0.289377,0
-0.289137,0
-0.288895,0
-0.288649,0
-0.288401,0
-0.288151,0
-0.287898,0
-0.287643,0
-0.287384,0
-0.287123,0
-0.28686,0
-0.286593,0
-0.286325,0
-0.286053,0
-0.285779,0
-0.285503,0
-0.285223,0
-0.284942,0
-0.284657,0
-0.28437,0
-0.284081,0
-0.283789,0
-0.283495,0
-0.283197,0
-0.282897,0
-0.282595,0
-0.28229,0
-0.281982,0
-0.281672,0
-0.28136,0
-0.281044,0
-0.280726,0
-0.280406,0
-0.280083,0
-0.279758,0
-0.27943,0
-0.279099,0
-0.278766,0
-0.27843,0
-0.278093,0
-0.277752,0
-0.277408,0
-0.277063,0
-0.276714,0
-0.276364,0
-0.276011,0
-0.275654,0
-0.275297,0
-0.274935,0
-0.274573,0
-0.274207,0
-0.273838,0
-0.273468,0
-0.273094,0
-0.272719,0
-0.27234,0
-0.271959,0
-0.271577,0
-0.271191,0
-0.270803,0
-0.270412,0
-0.270019,0
-0.269624,0
-0.269225,0
-0.268826,0
-0.268422,0
-0.268017,0
-0.26761,0
-0.267199,0
-0.266787,0
-0.266372,0
-0.265954,0
-0.265535,0
-0.265112,0
-0.264688,0
-0.26426,0
-0.26383,0
-0.263399,0
-0.262964,0
-0.262528,0
-0.262089,0
-0.261647,0
-0.261204,0
-0.260757,0
-0.260309,0
-0.259858,0
-0.259404,0
-0.258949,0
-0.258491,0
-0.258031,0
-0.257568,0
-0.257102,0
-0.256635,0
-0.256165,0
-0.255694,0
-0.255219,0
-0.254742,0
-0.254264,0
-0.253782,0
-0.253299,0
-0.252812,0
-0.252323,0
-0.251834,0
-0.25134,0
-0.250846,0
-0.250348,0
-0.249849,0
-0.249347,0
-0.248842,0
-0.248336,0
-0.247827,0
-0.247317,0
-0.246803,0
-0.246287,0
-0.24577,0
-0.245249,0
-0.244728,0
-0.244203,0
-0.243676,0
-0.243148,0
-0.242616,0
-0.242084,0
-0.241548,0
-0.241009,0
-0.24047,0
-0.239928,0
-0.239384,0
-0.238837,0
-0.238288,0
-0.237738,0
-0.237185,0
-0.236631,0
-0.236073,0
-0.235513,0
-0.234952,0
-0.234388,0
-0.233823,0
-0.233254,0
-0.232684,0
-0.232113,0
-0.231538,0
-0.230962,0
-0.230383,0
-0.229802,0
-0.22922,0
-0.228635,0
-0.228049,0
-0.227459,0
-0.226868,0
-0.226276,0
-0.22568,0
-0.225084,0
-0.224484,0
-0.223882,0
-0.22328,0
-0.222674,0
-0.222067,0
-0.221457,0
-0.220845,0
-0.220233,0
-0.219617,0
-0.219001,0
-0.218381,0
-0.217758,0
-0.217136,0
-0.21651,0
-0.215884,0
-0.215254,0
-0.214622,0
-0.21399,0
-0.213354,0
-0.212718,0
-0.212079,0
-0.211437,0
-0.210795,0
-0.21015,0
-0.209504,0
-0.208855,0
-0.208204,0
-0.207552,0
-0.206897,0
-0.206242,0
-0.205584,0
-0.204925,0
-0.204262,0
-0.203598,0
-0.202934,0
-0.202266,0
-0.201598,0
-0.200926,0
-0.200252,0
-0.199579,0
-0.198902,0
-0.198225,0
-0.197544,0
-0.196861,0
-0.196179,0
-0.195493,0
-0.194807,0
-0.194117,0
-0.193425,0
-0.192734,0
-0.192039,0
-0.191344,0
-0.190646,0
-0.189945,0
-0.189245,0
-0.188542,0
-0.187838,0
-0.187131,0
-0.186422,0
-0.185714,0
-0.185002,0
-0.18429,0
-0.183574,0
-0.182857,0
-0.18214,0
-0.181419,0
-0.180699,0
-0.179975,0
-0.17925,0
-0.178525,0
-0.177796,0
-0.177068,0
-0.176336,0
-0.175602,0
-0.174869,0
-0.174132,0
-0.173396,0
-0.172656,0
-0.171914,0
-0.171173,0
-0.170428,0
-0.169684,0
-0.168937,0
-0.168187,0
-0.167439,0
-0.166686,0
-0.165934,0
-0.165179,0
-0.164422,0
-0.163666,0
-0.162906,0
-0.162147,0
-0.161384,0
-0.16062,0
-0.159856,0
-0.159089,0
-0.158322,0
-0.157552,0
-0.156781,0
-0.15601,0
-0.155235,0
-0.154462,0
-0.153685,0
-0.152906,0
-0.152128,0
-0.151347,0
-0.150566,0
-0.149782,0
-0.148999,0
-0.148212,0
-0.147424,0
-0.146636,0
-0.145845,0
-0.145055,0
-0.144262,0
-0.143467,0
-0.142673,0
-0.141876,0
-0.141079,0
-0.140279,0
-0.139478,0
-0.138677,0
-0.137874,0
-0.137071,0
-0.136264,0
-0.135457,0
-0.13465,0
-0.13384,0
-0.133031,0
-0.132219,0
-0.131405,0
-0.130592,0
-0.129776,0
-0.128961,0
-0.128143,0
-0.127323,0
-0.126505,0
-0.125683,0
-0.124862,0
-0.124038,0
-0.123213,0
-0.122389,0
-0.121561,0
-0.120735,0
-0.119905,0
-0.119074,0
-0.118245,0
-0.117412,0
-0.11658,0
-0.115745,0
-0.114908,0
-0.114074,0
-0.113235,0
-0.112398,0
-0.111558,0
-0.110717,0
-0.109877,0
-0.109033,0
-0.108191,0
-0.107346,0
-0.1065,0
-0.105655,0
-0.104807,0
-0.10396,0
-0.10311,0
-0.102258,0
-0.101409,0
-0.100556,0
-0.0997045,0
-0.0988497,0
-0.097994,0
-0.0971399,0
-0.0962824,0
-0.0954265,0
-0.0945673,0
-0.0937072,0
-0.0928488,0
-0.091987,0
-0.0911269,0
-0.0902634,0
-0.0894017,0
-0.0885366,0
-0.0876707,0
-0.0868065,0
-0.085939,0
-0.0850733,0
-0.0842042,0
-0.0833344,0
-0.0824664,0
-0.0815951,0
-0.0807256,0
-0.0798528,0
-0.0789792,0
-0.0781075,0
-0.0772326,0
-0.0763595,0
-0.0754831,0
-0.0746061,0
-0.0737309,0
-0.0728525,0
-0.071976,0
-0.0710963,0
-0.070216,0
-0.0693375,0
-0.0684559,0
-0.0675762,0
-0.0666934,0
-0.0658099,0
-0.0649284,0
-0.0640437,0
-0.063161,0
-0.0622752,0
-0.0613888,0
-0.0605045,0
-0.059617,0
-0.0587315,0
-0.0578429,0
-0.0569538,0
-0.0560668,0
-0.0551766,0
-0.0542886,0
-0.0533975,0
-0.0525059,0
-0.0516164,0
-0.0507238,0
-0.0498334,0
-0.0489399,0
-0.048046,0
-0.0471542,0
-0.0462594,0
-0.0453668,0
-0.0444712,0
-0.0435751,0
-0.0426813,0
-0.0417845,0
-0.0408899,0
-0.0399923,0
-0.0390944,0
-0.0381987,0
-0.0373001,0
-0.0364037,0
-0.0355044,0
-0.0346048,0
-0.0337074,0
-0.0328072,0
-0.0319092,0
-0.0310084,0
-0.0301073,0
-0.0292085,0
-0.0283068,0
-0.0274075,0
-0.0265053,0
-0.0256029,0
-0.0247029,0
-0.0238,0
-0.0228996,0
-0.0219963,0
-0.0210954,0
-0.0201917,0
-0.0192878,0
-0.0183864,0
-0.0174822,0
-0.0165804,0
-0.0156759,0
-0.0147712,0
-0.0138691,0
-0.0129641,0
-0.0120617,0
-0.0111565,0
-0.0102513,0
-0.00934856,0
-0.00844312,0
-0.00754024,0
-0.00663465,0
-0.00572901,0
-0.00482594,0
-0.0039202,0
-0.00301705,0
-0.00211125,0
-0.00120542,0
-0.00030222,0
0.000603618,0
0.00150682,0
0.00241264,0
0.00331843,0
0.00422157,0
0.0051273,0
0.00603035,0
0.00693597,0
0.00784154,0
0.0087444,0
0.00964981,0
0.0105525,0
0.0114577,0
0.0123629,0
0.0132652,0
0.0141701,0
0.0150723,0
0.0159769,0
0.0168814,0
0.0177831,0
0.0186872,0
0.0195886,0
0.0204924,0
0.021396,0
0.0222968,0
0.0232001,0
0.0241005,0
0.0250033,0
0.0259058,0
0.0268056,0
0.0277076,0
0.0286069,0
0.0295084,0
0.0304098,0
0.0313082,0
0.0322089,0
0.0331068,0
0.0340069,0
0.0349067,0
0.0358037,0
0.0367029,0
0.0375991,0
0.0384976,0
0.0393958,0
0.040291,0
0.0411885,0
0.0420829,0
0.0429796,0
0.0438759,0
0.0447692,0
0.0456647,0
0.0465572,0
0.0474518,0
0.0483434,0
0.0492372,0
0.0501305,0
0.0510208,0
0.0519132,0
0.0528026,0
0.053694,0
0.054585,0
0.0554729,0
0.0563628,0
0.0572497,0
0.0581386,0
0.059027,0
0.0599123,0
0.0607996,0
0.0616838,0
0.06257,0
0.0634557,0
0.0643381,0
0.0652226,0
0.0661039,0
0.0669872,0
0.0678698,0
0.0687493,0
0.0696307,0
0.070509,0
0.0713891,0
0.0722686,0
0.0731449,0
0.074023,0
0.074898,0
0.0757748,0
0.0766509,0
0.0775238,0
0.0783985,0
0.07927,0
0.0801433,0
0.0810158,0
0.0818851,0
0.0827562,0
0.0836239,0
0.0844935,0
0.0853623,0
0.0862278,0
0.087095,0
0.0879589,0
0.0888245,0
0.0896893,0
0.0905508,0
0.091414,0
0.0922738,0
0.0931353,0
0.093996,0
0.0948533,0
0.0957122,0
0.0965678,0
0.097425,0
0.0982813,0
0.0991342,0
0.0999887,0
0.10084,0
0.101692,0
0.102544,0
0.103393,0
0.104242,0
0.105089,0
0.105937,0
0.106784,0
0.107627,0
0.108472,0
0.109314,0
0.110157,0
0.110999,0
0.111838,0
0.112678,0
0.113514,0
0.114352,0
0.115187,0
0.116023,0
0.116858,0
0.117689,0
0.118522,0
0.119351,0
0.120181,0
0.121011,0
0.121837,0
0.122664,0
0.123488,0
0.124313,0
0.125136,0
0.125957,0
0.126778,0
0.127596,0
0.128415,0
0.129234,0
0.130048,0
0.130864,0
0.131676,0
0.132489,0
0.133301,0
0.13411,0
0.13492,0
0.135726,0
0.136533,0
0.137339,0
0.138141,0
0.138945,0
0.139745,0
0.140545,0
0.141345,0
0.142141,0
0.142938,0
0.143732,0
0.144526,0
0.145319,0
0.146109,0
0.146899,0
0.147686,0
0.148474,0
0.14926,0
0.150043,0
0.150827,0
0.151607,0
0.152388,0
0.153167,0
0.153943,0
0.15472,0
0.155493,0
0.156267,0
0.15704,0
0.157809,0
0.158578,0
0.159344,0
0.160111,0
0.160876,0
0.161638,0
0.1624,0
0.163159,0
0.163918,0
0.164676,0
0.165431,0
0.166185,0
0.166937,0
0.167689,0
0.168439,0
0.169186,0
0.169933,0
0.170676,0
0.171421,0
0.172163,0
0.172902,0
0.173642,0
0.174377,0
0.175114,0
0.175846,0
0.176579,0
0.177311,0
0.178039,0
0.178767,0
0.179491,0
0.180216,0
0.18094,0
0.181659,0
0.182379,0
0.183096,0
0.183812,0
0.184527,0
0.185239,0
0.18595,0
0.186658,0
0.187367,0
0.188073,0
0.188776,0
0.189479,0
0.190179,0
0.190878,0
0.191576,0
0.19227,0
0.192965,0
0.193656,0
0.194347,0
0.195036,0
0.195721,0
0.196407,0
0.197089,0
0.197771,0
0.198451,0
0.199127,0
0.199804,0
0.200477,0
0.20115,0
0.201821,0
0.202488,0
0.203156,0
0.203819,0
0.204483,0
0.205145,0
0.205803,0
0.206461,0
0.207116,0
0.20777,0
0.208422,0
0.209071,0
0.20972,0
0.210365,0
0.21101,0
0.211652,0
0.212292,0
0.212931,0
0.213566,0
0.214201,0
0.214834,0
0.215464,0
0.216093,0
0.216719,0
0.217344,0
0.217967,0
0.218587,0
0.219207,0
0.219822,0
0.220438,0
0.221051,0
0.221661,0
0.22227,0
0.222876,0
0.223481,0
0.224084,0
0.224684,0
0.225283,0
0.225878,0
0.226474,0
0.227065,0
0.227656,0
0.228245,0
0.22883,0
0.229415,0
0.229996,0
0.230576,0
0.231155,0
0.231729,0
0.232303,0
0.232874,0
0.233444,0
0.234012,0
0.234576,0
0.23514,0
0.235699,0
0.236259,0
0.236816,0
0.237369,0
0.237922,0
0.238471,0
0.23902,0
0.239566,0
0.240109,0
0.240651,0
0.241189,0
0.241726,0
0.242262,0
0.242793,0
0.243324,0
0.243852,0
0.244378,0
0.244902,0
0.245423,0
0.245943,0
0.246459,0
0.246974,0
0.247487,0
0.247997,0
0.248505,0
0.24901,0
0.249514,0
0.250016,0
0.250514,0
0.251011,0
0.251505,0
0.251997,0
0.252488,0
0.252974,0
0.25346,0
0.253942,0
0.254423,0
0.254902,0
0.255377,0
0.255851,0
0.256322,0
0.256791,0
0.257259,0
0.257722,0
0.258185,0
0.258643,0
0.259101,0
0.259557,0
0.260008,0
0.260459,0
0.260906,0
0.261352,0
0.261795,0
0.262235,0
0.262674,0
0.263109,0
0.263543,0
0.263975,0
0.264403,0
0.26483,0
0.265253,0
0.265675,0
0.266093,0
0.26651,0
0.266925,0
0.267336,0
0.267746,0
0.268152,0
0.268557,0
0.268959,0
0.269358,0
0.269756,0
0.27015,0
0.270542,0
0.270933,0
0.271319,0
0.271705,0
0.272086,0
0.272467,0
0.272844,0
0.273219,0
0.273592,0
0.273961,0
0.274329,0
0.274694,0
0.275056,0
0.275416,0
0.275773,0
0.276129,0
0.276481,0
0.276831,0
0.277178,0
0.277523,0
0.277866,0
0.278206,0
0.278542,0
0.278878,0
0.279209,0
0.279539,0
0.279867,0
0.280191,0
0.280513,0
0.280832,0
0.28115,0
0.281464,0
0.281776,0
0.282085,0
0.282391,0
0.282696,0
0.282998,0
0.283296,0
0.283593,0
0.283886,0
0.284178,0
0.284467,0
0.284752,0
0.285036,0
0.285317,0
0.285595,0
0.285871,0
0.286144,0
0.286415,0
0.286682,0
0.286948,0
0.287211,0
0.28747,0
0.287728,0
0.287982,0
0.288235,0
0.288485,0
0.288731,0
0.288976,0
0.289217,0
0.289457,0
0.289693,0
0.289927,0
0.290158,0
0.290386,0
0.290612,0
0.290835,0
0.291056,0
0.291274,0
0.291489,0
0.291702,0
0.291912,0
0.292119,0
0.292324,0
0.292526,0
0.292726,0
0.292922,0
0.293116,0
0.293308,0
0.293496,0
0.293683,0
0.293866,0
0.294047,0
0.294225,0
0.2944,0
0.294573,0
0.294742,0
0.29491,0
0.295075,0
0.295236,0
0.295396,0
0.295552,0
0.295706,0
0.295857,0
0.296006,0
0.296152,0
0.296295,0
0.296435,0
0.296573,0
0.296708,0
0.29684,0
0.29697,0
0.297097,0
0.297221,0
0.297342,0
0.297461,0
0.297577,0
0.297691,0
0.297802,0
0.297909,0
0.298015,0
0.298117,0
0.298217,0
0.298314,0
0.298409,0
0.2985,0
0.298589,0
0.298676,0
0.298759,0
0.29884,0
0.298918,0
0.298994,0
0.299066,0
0.299136,0
0.299204,0
0.299268,0
0.29933,0
0.299389,0
0.299445,0
0.299499,0
0.29955,0
0.299598,0
0.299643,0
0.299686,0
0.299726,0
0.299764,0
0.299798,0
0.29983,0
0.299859,0
0.299885,0
0.299909,0
0.29993,0
0.299948,0
0.299964,0
0.299976,0
0.299986,0
0.299994,0
0.299998,0
0.3,0
0.299999,0
0.299995,0
0.299989,0
0.29998,0
0.299968,0
0.299954,0
0.299936,0
0.299916,0
0.299894,0
0.299868,0
0.29984,0
0.299809,0
0.299775,0
0.299739,0
0.2997,0
0.299658,0
0.299613,0
0.299566,0
0.299516,0
0.299464,0
0.299408,0
0.29935,0
0.299289,0
0.299225,0
0.299159,0
0.29909,0
0.299018,0
0.298944,0
0.298866,0
0.298787,0
0.298704,0
0.298618,0
0.29853,0
0.29844,0
0.298346,0
0.29825,0
0.298151,0
0.298049,0
0.297945,0
0.297838,0
0.297728,0
0.297615,0
0.2975,0
0.297382,0
0.297262,0
0.297138,0
0.297012,0
0.296884,0
0.296752,0
0.296618,0
0.296481,0
0.296342,0
0.2962,0
0.296055,0
0.295907,0
0.295757,0
0.295604,0
0.295448,0
0.29529,0
0.295129,0
0.294965,0
0.294798,0
0.29463,0
0.294458,0
0.294283,0
0.294106,0
0.293927,0
0.293744,0
0.293559,0
0.293371,0
0.29318,0
0.292988,0
0.292792,0
0.292593,0
0.292392,0
0.292188,0
0.291982,0
0.291773,0
0.291561,0
0.291346,0
0.291129,0
0.29091,0
0.290687,0
0.290462,0
0.290235,0
0.290004,0
0.289772,0
0.289536,0
0.289297,0
0.289057,0
0.288813,0
0.288567,0
0.288318,0
0.288067,0
0.287813,0
0.287556,0
0.287298,0
0.287036,0
0.286771,0
0.286504,0
0.286234,0
0.285963,0
0.285687,0
0.28541,0
0.28513,0
0.284847,0
0.284562,0
0.284274,0
0.283984,0
0.283691,0
0.283395,0
0.283098,0
0.282797,0
0.282493,0
0.282188,0
0.281879,0
0.281568,0
0.281255,0
0.280938,0
0.28062,0
0.280298,0
0.279975,0
0.279649,0
0.279319,0
0.278989,0
0.278654,0
0.278318,0
0.277979,0
0.277637,0
0.277294,0
0.276947,0
0.276598,0
0.276246,0
0.275892,0
0.275536,0
0.275176,0
0.274815,0
0.274451,0
0.274084,0
0.273715,0
0.273343,0
0.27297,0
0.272593,0
0.272214,0
0.271832,0
0.271448,0
0.271062,0
0.270673,0
0.270282,0
0.269888,0
0.269491,0
0.269093,0
0.268691,0
0.268288,0
0.267882,0
0.267473,0
0.267062,0
0.266648,0
0.266233,0
0.265815,0
0.265393,0
0.264971,0
0.264545,0
0.264118,0
0.263687,0
0.263254,0
0.26282,0
0.262382,0
0.261943,0
0.2615,0
0.261055,0
0.260608,0
0.260159,0
0.259708,0
0.259253,0
0.258796,0
0.258338,0
0.257876,0
0.257414,0
0.256947,0
0.256478,0
0.256009,0
0.255535,0
0.255061,0
0.254583,0
0.254103,0
0.253621,0
0.253136,0
0.25265,0
0.252161,0
0.251669,0
0.251176,0
0.25068,0
0.250182,0
0.249681,0
0.249178,0
0.248674,0
0.248166,0
0.247658,0
0.247145,0
0.246631,0
0.246115,0
0.245596,0
0.245076,0
0.244553,0
0.244027,0
0.243501,0
0.24297,0
0.242439,0
0.241905,0
0.241368,0
0.24083,0
0.240289,0
0.239747,0
0.239202,0
0.238654,0
0.238106,0
0.237553,0
0.237001,0
0.236444,0
0.235887,0
0.235327,0
0.234764,0
0.2342,0
0.233633,0
0.233066,0
0.232494,0
0.231921,0
0.231347,0
0.230769,0
0.230191,0
0.229609,0
0.229025,0
0.22844,0
0.227852,0
0.227263,0
0.226671,0
0.226077,0
0.225482,0
0.224883,0
0.224285,0
0.223682,0
0.223077,0
0.222472,0
0.221864,0
0.221255,0
0.220642,0
0.220027,0
0.219412,0
0.218793,0
0.218175,0
0.217552,0
0.216927,0
0.216302,0
0.215674,0
0.215045,0
0.214412,0
0.213778,0
0.213143,0
0.212505,0
0.211866,0
0.211224,0
0.21058,0
0.209935,0
0.209287,0
0.208639,0
0.207987,0
0.207334,0
0.20668,0
0.206022,0
0.205365,0
0.204704,0
0.20404,0
0.203377,0
0.202711,0
0.202044,0
0.201373,0
0.200701,0
0.200029,0
0.199353,0
0.198677,0
0.197997,0
0.197316,0
0.196635,0
0.19595,0
0.195265,0
0.194576,0
0.193886,0
0.193196,0
0.192502,0
0.191808,0
0.191111,0
0.190412,0
0.189713,0
0.18901,0
0.188308,0
0.187602,0
0.186896,0
0.186187,0
0.185476,0
0.184765,0
0.184051,0
0.183336,0
0.182619,0
0.181899,0
0.18118,0
0.180457,0
0.179735,0
0.179009,0
0.178281,0
0.177554,0
0.176823,0
0.176092,0
0.175358,0
0.174623,0
0.173887,0
0.173148,0
0.17241,0
0.171668,0
0.170924,0
0.170181,0
0.169434,0
0.168688,0
0.167938,0
0.167187,0
0.166436,0
0.165682,0
0.164928,0
0.164171,0
0.163412,0
0.162654,0
0.161892,0
0.161131,0
0.160366,0
0.1596,0
0.158834,0
0.158065,0
0.157297,0
0.156524,0
0.155751,0
0.154978,0
0.154202,0
0.153427,0
0.152647,0
0.151867,0
0.151087,0
0.150304,0
0.149522,0
0.148736,0
0.147948,0
0.147162,0
0.146372,0
0.145583,0
0.14479,0
0.143996,0
0.143203,0
0.142407,0
0.141611,0
0.140812,0
0.140011,0
0.139212,0
0.138409,0
0.137607,0
0.136801,0
0.135994,0
0.135189,0
0.134379,0
0.133571,0
0.13276,0
0.131947,0
0.131135,0
0.13032,0
0.129506,0
0.128688,0
0.127871,0
0.127051,0
0.12623,0
0.12541,0
0.124587,0
0.123765,0
0.122939,0
0.122112,0
0.121287,0
0.120457,0
0.11963,0
0.118798,0
0.117966,0
0.117135,0
0.116301,0
0.115468,0
0.114631,0
0.113793,0
0.112957,0
0.112117,0
0.111279,0
0.110437,0
0.109595,0
0.108753,0
0.107909,0
0.107065,0
0.106219,0
0.105371,0
0.104525,0
0.103675,0
0.102827,0
0.101976,0
0.101124,0
0.100273,0
0.0994187,0
0.0985661,0
0.0977101,0
0.0968532,0
0.0959979,0
0.0951392,0
0.0942822,0
0.0934219,0
0.0925606,0
0.0917011,0
0.0908382,0
0.089977,0
0.0891124,0
0.0882471,0
0.0873834,0
0.0865165,0
0.0856512,0
0.0847827,0
0.0839134,0
0.0830459,0
0.0821751,0
0.081306,0
0.0804337,0
0.0795607,0
0.0786895,0
0.077815,0
0.0769423,0
0.0760664,0
0.0751899,0
0.0743151,0
0.0734372,0
0.0725611,0
0.0716819,0
0.0708019,0
0.0699239,0
0.0690427,0
0.0681635,0
0.067281,0
0.0663979,0
0.0655168,0
0.0646325,0
0.0637503,0
0.0628648,0
0.0619814,0
0.0610948,0
0.0602077,0
0.0593226,0
0.0584344,0
0.0575482,0
0.0566589,0
0.0557691,0
0.0548814,0
0.0539906,0
0.0531019,0
0.0522101,0
0.0513179,0
0.0504277,0
0.0495346,0
0.0486435,0
0.0477495,0
0.046855,0
0.0459626,0
0.0450673,0
0.0441741,0
0.0432779,0
0.0423814,0
0.041487,0
0.0405897,0
0.0396946,0
0.0387966,0
0.0378982,0
0.037002,0
0.036103,0
0.0352061,0
0.0343064,0
0.0334064,0
0.0325086,0
0.031608,0
0.0307096,0
0.0298084,0
0.0289069,0
0.0280078,0
0.0271058,0
0.0262062,0
0.0253037,0
0.0244009,0
0.0235006,0
0.0225975,0
0.0216967,0
0.0207932,0
0.0198894,0
0.0189881,0
0.018084,0
0.0171823,0
0.0162779,0
0.0153733,0
0.0144712,0
0.0135664,0
0.0126641,0
0.011759,0
0.0108538,0
0.00995111,0
0.00904573,0
0.00814289,0
0.00723735,0
0.00633174,0
0.00542871,0
0.004523,0
0.00361988,0
0.00271409,0
0.00180828,0
0.000905079,0
-7.58377e-07,0
-0.000903963,0
-0.00180979,0
-0.0027156,0
-0.00361876,0
-0.00452452,0
-0.0054276,0
-0.00633326,0
-0.00723623,0
-0.00814178,0
-0.00904724,0
-0.00995,0
-0.0108553,0
-0.0117579,0
-0.0126629,0
-0.0135679,0
-0.0144701,0
-0.0153748,0
-0.0162768,0
-0.0171812,0
-0.0180855,0
-0.018987,0
-0.0198909,0
-0.020792,0
-0.0216956,0
-0.022599,0
-0.0234995,0
-0.0244025,0
-0.0253026,0
-0.026205,0
-0.0271073,0
-0.0280067,0
-0.0289084,0
-0.0298073,0
-0.0307085,0
-0.0316095,0
-0.0325075,0
-0.0334079,0
-0.0343053,0
-0.035205,0
-0.0361045,0
-0.0370009,0
-0.0378997,0
-0.0387955,0
-0.0396935,0
-0.0405912,0
-0.0414859,0
-0.0423829,0
-0.0432768,0
-0.044173,0
-0.0450688,0
-0.0459615,0
-0.0468565,0
-0.0477484,0
-0.0486424,0
-0.0495361,0
-0.0504266,0
-0.0513194,0
-0.052209,0
-0.0531008,0
-0.0539921,0
-0.0548803,0
-0.0557706,0
-0.0566578,0
-0.0575471,0
-0.0584358,0
-0.0593215,0
-0.0602092,0
-0.0610937,0
-0.0619803,0
-0.0628663,0
-0.0637492,0
-0.064634,0
-0.0655157,0
-0.0663994,0
-0.0672825,0
-0.0681624,0
-0.0690442,0
-0.0699228,0
-0.0708034,0
-0.0716833,0
-0.0725601,0
-0.0734387,0
-0.0743141,0
-0.0751913,0
-0.0760654,0
-0.0769413,0
-0.0778164,0
-0.0786884,0
-0.0795621,0
-0.0804326,0
-0.081305,0
-0.0821765,0
-0.0830448,0
-0.0839149,0
-0.0847816,0
-0.0856502,0
-0.0865179,0
-0.0873823,0
-0.0882485,0
-0.0891113,0
-0.0899759,0
-0.0908396,0
-0.0917,0
-0.0925621,0
-0.0934208,0
-0.0942812,0
-0.0951407,0
-0.0959968,0
-0.0968546,0
-0.097709,0
-0.098565,0
-0.0994201,0
-0.100272,0
-0.101125,0
-0.101975,0
-0.102826,0
-0.103677,0
-0.104524,0
-0.105373,0
-0.106218,0
-0.107064,0
-0.10791,0
-0.108752,0
-0.109596,0
-0.110436,0
-0.111278,0
-0.112119,0
-0.112956,0
-0.113795,0
-0.11463,0
-0.115467,0
-0.116302,0
-0.117134,0
-0.117968,0
-0.118797,0
-0.119629,0
-0.120459,0
-0.121285,0
-0.122113,0
-0.122938,0
-0.123764,0
-0.124588,0
-0.125409,0
-0.126232,0
-0.12705,0
-0.12787,0
-0.128689,0
-0.129505,0
-0.130321,0
-0.131134,0
-0.131948,0
-0.132761,0
-0.13357,0
-0.134381,0
-0.135188,0
-0.135996,0
-0.136803,0
-0.137606,0
-0.13841,0
-0.139211,0
-0.140013,0
-0.140811,0
-0.14161,0
-0.142408,0
-0.143202,0
-0.143998,0
-0.144789,0
-0.145582,0
-0.146373,0
-0.147161,0
-0.14795,0
-0.148735,0
-0.149521,0
-0.150305,0
-0.151086,0
-0.151868,0
-0.152647,0
-0.153426,0
-0.154203,0
-0.154977,0
-0.155752,0
-0.156524,0
-0.157296,0
-0.158066,0
-0.158833,0
-0.159601,0
-0.160365,0
-0.16113,0
-0.161893,0
-0.162653,0
-0.163413,0
-0.16417,0
-0.164927,0
-0.165683,0
-0.166435,0
-0.167188,0
-0.167938,0
-0.168687,0
-0.169436,0
-0.17018,0
-0.170925,0
-0.171667,0
-0.172409,0
-0.17315,0
-0.173886,0
-0.174624,0
-0.175357,0
-0.176092,0
-0.176824,0
-0.177553,0
-0.178282,0
-0.179008,0
-0.179734,0
-0.180458,0
-0.181179,0
-0.1819,0
-0.182618,0
-0.183336,0
-0.184052,0
-0.184764,0
-0.185477,0
-0.186186,0
-0.186895,0
-0.187603,0
-0.188307,0
-0.189011,0
-0.189712,0
-0.190413,0
-0.191112,0
-0.191807,0
-0.192503,0
-0.193195,0
-0.193887,0
-0.194575,0
-0.195264,0
-0.195951,0
-0.196634,0
-0.197317,0
-0.197996,0
-0.198676,0
-0.199354,0
-0.200028,0
-0.200702,0
-0.201372,0
-0.202043,0
-0.202712,0
-0.203377,0
-0.204042,0
-0.204703,0
-0.205364,0
-0.206023,0
-0.206679,0
-0.207335,0
-0.207987,0
-0.208638,0
-0.209288,0
-0.209934,0
-0.210581,0
-0.211223,0
-0.211865,0
-0.212506,0
-0.213142,0
-0.213779,0
-0.214411,0
-0.215044,0
-0.215675,0
-0.216301,0
-0.216928,0
-0.217551,0
-0.218174,0
-0.218795,0
-0.219411,0
-0.220028,0
-0.220641,0
-0.221254,0
-0.221865,0
-0.222472,0
-0.223078,0
-0.223681,0
-0.224284,0
-0.224884,0
-0.225481,0
-0.226078,0
-0.22667,0
-0.227263,0
-0.227853,0
-0.22844,0
-0.229026,0
-0.229608,0
-0.23019,0
-0.23077,0
-0.231346,0
-0.231922,0
-0.232493,0
-0.233065,0
-0.233634,0
-0.2342,0
-0.234765,0
-0.235326,0
-0.235887,0
-0.236445,0
-0.237,0
-0.237554,0
-0.238105,0
-0.238655,0
-0.239203,0
-0.239747,0
-0.24029,0
-0.24083,0
-0.241369,0
-0.241904,0
-0.242439,0
-0.242971,0
-0.2435,0
-0.244028,0
-0.244552,0
-0.245076,0
-0.245597,0
-0.246115,0
-0.246631,0
-0.247145,0
-0.247657,0
-0.248167,0
-0.248673,0
-0.249179,0
-0.249681,0
-0.250182,0
-0.250681,0
-0.251176,0
-0.25167,0
-0.25216,0
-0.25265,0
-0.253137,0
-0.253621,0
-0.254103,0
-0.254582,0
-0.25506,0
-0.255536,0
-0.256008,0
-0.256479,0
-0.256947,0
-0.257413,0
-0.257877,0
-0.258337,0
-0.258797,0
-0.259252,0
-0.259707,0
-0.260159,0
-0.260608,0
-0.261055,0
-0.261499,0
-0.261942,0
-0.262382,0
-0.262819,0
-0.263255,0
-0.263687,0
-0.264117,0
-0.264546,0
-0.264971,0
-0.265394,0
-0.265814,0
-0.266233,0
-0.266649,0
-0.267062,0
-0.267473,0
-0.267881,0
-0.268288,0
-0.268692,0
-0.269092,0
-0.269491,0
-0.269887,0
-0.270281,0
-0.270673,0
-0.271062,0
-0.271448,0
-0.271832,0
-0.272214,0
-0.272593,0
-0.272969,0
-0.273344,0
-0.273715,0
-0.274084,0
-0.274451,0
-0.274815,0
-0.275177,0
-0.275535,0
-0.275892,0
-0.276246,0
-0.276598,0
-0.276947,0
-0.277293,0
-0.277638,0
-0.277979,0
-0.278318,0
-0.278655,0
-0.278988,0
-0.27932,0
-0.279648,0
-0.279975,0
-0.280299,0
-0.28062,0
-0.280939,0
-0.281254,0
-0.281568,0
-0.281879,0
-0.282187,0
-0.282494,0
-0.282796,0
-0.283097,0
-0.283396,0
-0.283691,0
-0.283984,0
-0.284274,0
-0.284562,0
-0.284848,0
-0.28513,0
-0.28541,0
-0.285687,0
-0.285962,0
-0.286235,0
-0.286504,0
-0.286771,0
-0.287035,0
-0.287297,0
-0.287557,0
-0.287813,0
-0.288067,0
-0.288318,0
-0.288567,0
-0.288814,0
-0.289057,0
-0.289298,0
-0.289535,0
-0.289771,0
-0.290004,0
-0.290234,0
-0.290462,0
-0.290687,0
-0.29091,0
-0.291129,0
-0.291346,0
-0.291561,0
-0.291772,0
-0.291982,0
-0.292188,0
-0.292392,0
-0.292593,0
-0.292791,0
-0.292987,0
-0.293181,0
-0.293371,0
-0.293559,0
-0.293744,0
-0.293926,0
-0.294106,0
-0.294283,0
-0.294458,0
-0.294629,0
-0.294799,0
-0.294965,0
-0.295129,0
-0.29529,0
-0.295448,0
-0.295604,0
-0.295757,0
-0.295907,0
-0.296055,0
-0.296199,0
-0.296342,0
-0.296481,0
-0.296618,0
-0.296752,0
-0.296884,0
-0.297012,0
-0.297138,0
-0.297262,0
-0.297382,0
-0.2975,0
-0.297616,0
-0.297728,0
-0.297838,0
-0.297945,0
-0.298049,0
-0.298151,0
-0.29825,0
-0.298346,0
-0.29844,0
-0.29853,0
-0.298619,0
-0.298704,0
-0.298786,0
-0.298867,0
-0.298944,0
-0.299018,0
-0.29909,0
-0.299159,0
-0.299225,0
-0.299289,0
-0.29935,0
-0.299408,0
-0.299463,0
-0.299516,0
-0.299566,0
-0.299614,0
-0.299658,0
-0.2997,0
-0.299739,0
-0.299775,0
-0.299809,0
-0.29984,0
-0.299868,0
-0.299894,0
-0.299916,0
-0.299936,0
-0.299954,0
-0.299968,0
-0.29998,0
-0.299989,0
-0.299995,0
-0.299999,0
-0.3,0
-0.299998,0
-0.299994,0
-0.299986,0
-0.299976,0
-0.299964,0
-0.299948,0
-0.29993,0
-0.299909,0
-0.299885,0
-0.299859,0
-0.29983,0
-0.299798,0
-0.299763,0
-0.299726,0
-0.299686,0
-0.299643,0
-0.299598,0
-0.29955,0
-0.299499,0
-0.299445,0
-0.299389,0
-0.29933,0
-0.299268,0
-0.299204,0
-0.299136,0
-0.299066,0
-0.298994,0
-0.298918,0
-0.29884,0
-0.298759,0
-0.298676,0
-0.298589,0
-0.2985,0
-0.298409,0
-0.298314,0
-0.298217,0
-0.298117,0
-0.298015,0
-0.29791,0
-0.297801,0
-0.297691,0
-0.297577,0
-0.297461,0
-0.297343,0
-0.297221,0
-0.297097,0
-0.29697,0
-0.29684,0
-0.296708,0
-0.296573,0
-0.296435,0
-0.296295,0
-0.296151,0
-0.296006,0
-0.295857,0
-0.295706,0
-0.295552,0
-0.295395,0
-0.295236,0
-0.295074,0
-0.29491,0
-0.294743,0
-0.294572,0
-0.2944,0
-0.294224,0
-0.294047,0
-0.293866,0
-0.293682,0
-0.293497,0
-0.293308,0
-0.293117,0
-0.292922,0
-0.292725,0
-0.292526,0
-0.292324,0
-0.29212,0
-0.291912,0
-0.291702,0
-0.29149,0
-0.291274,0
-0.291056,0
-0.290836,0
-0.290612,0
-0.290387,0
-0.290158,0
-0.289927,0
-0.289693,0
-0.289456,0
-0.289218,0
-0.288976,0
-0.288732,0
-0.288484,0
-0.288235,0
-0.287983,0
-0.287728,0
-0.287471,0
-0.28721,0
-0.286948,0
-0.286683,0
-0.286414,0
-0.286144,0
-0.285871,0
-0.285596,0
-0.285317,0
-0.285036,0
-0.284753,0
-0.284466,0
-0.284178,0
-0.283887,0
-0.283592,0
-0.283297,0
-0.282997,0
-0.282696,0
-0.282392,0
-0.282085,0
-0.281776,0
-0.281464,0
-0.28115,0
-0.280833,0
-0.280513,0
-0.280191,0
-0.279866,0
-0.27954,0
-0.27921,0
-0.278877,0
-0.278543,0
-0.278205,0
-0.277866,0
-0.277523,0
-0.277178,0
-0.276831,0
-0.276481,0
-0.276129,0
-0.275774,0
-0.275416,0
-0.275056,0
-0.274694,0
-0.274329,0
-0.273961,0
-0.273591,0
-0.273219,0
-0.272844,0
-0.272467,0
-0.272087,0
-0.271704,0
-0.27132,0
-0.270932,0
-0.270543,0
-0.27015,0
-0.269755,0
-0.269359,0
-0.268959,0
-0.268557,0
-0.268152,0
-0.267745,0
-0.267336,0
-0.266924,0
-0.266511,0
-0.266094,0
-0.265674,0
-0.265253,0
-0.264829,0
-0.264403,0
-0.263974,0
-0.263543,0
-0.26311,0
-0.262673,0
-0.262236,0
-0.261795,0
-0.261351,0
-0.260907,0
-0.260458,0
-0.260009,0
-0.259556,0
-0.259102,0
-0.258644,0
-0.258184,0
-0.257723,0
-0.257258,0
-0.256792,0
-0.256323,0
-0.255851,0
-0.255378,0
-0.254901,0
-0.254424,0
-0.253943,0
-0.253459,0
-0.252975,0
-0.252487,0
-0.251998,0
-0.251505,0
-0.25101,0
-0.250515,0
-0.250015,0
-0.249515,0
-0.249011,0
-0.248504,0
-0.247997,0
-0.247486,0
-0.246975,0
-0.246459,0
-0.245942,0
-0.245424,0
-0.244902,0
-0.244379,0
-0.243852,0
-0.243323,0
-0.242794,0
-0.242261,0
-0.241727,0
-0.241189,0
-0.24065,0
-0.240109,0
-0.239565,0
-0.23902,0
-0.238472,0
-0.237921,0
-0.23737,0
-0.236815,0
-0.236259,0
-0.2357,0
-0.235139,0
-0.234577,0
-0.234011,0
-0.233445,0
-0.232875,0
-0.232302,0
-0.23173,0
-0.231154,0
-0.230577,0
-0.229996,0
-0.229414,0
-0.228831,0
-0.228244,0
-0.227657,0
-0.227066,0
-0.226473,0
-0.225879,0
-0.225282,0
-0.224685,0
-0.224083,0
-0.22348,0
-0.222876,0
-0.222269,0
-0.221661,0
-0.22105,0
-0.220437,0
-0.219823,0
-0.219205,0
-0.218588,0
-0.217966,0
-0.217345,0
-0.216719,0
-0.216092,0
-0.215465,0
-0.214833,0
-0.214202,0
-0.213567,0
-0.21293,0
-0.212292,0
-0.211651,0
-0.21101,0
-0.210366,0
-0.209719,0
-0.209072,0
-0.208421,0
-0.207771,0
-0.207116,0
-0.20646,0
-0.205804,0
-0.205144,0
-0.204484,0
-0.20382,0
-0.203155,0
-0.202489,0
-0.20182,0
-0.201151,0
-0.200478,0
-0.199803,0
-0.199128,0
-0.19845,0
-0.197771,0
-0.197089,0
-0.196406,0
-0.195722,0
-0.195035,0
-0.194347,0
-0.193657,0
-0.192964,0
-0.192271,0
-0.191575,0
-0.190879,0
-0.190179,0
-0.189478,0
-0.188777,0
-0.188072,0
-0.187368,0
-0.186659,0
-0.185949,0
-0.18524,0
-0.184526,0
-0.183813,0
-0.183097,0
-0.182378,0
-0.18166,0
-0.180938,0
-0.180217,0
-0.179492,0
-0.178766,0
-0.178039,0
-0.17731,0
-0.17658,0
-0.175847,0
-0.175112,0
-0.174378,0
-0.17364,0
-0.172903,0
-0.172162,0
-0.171419,0
-0.170677,0
-0.169932,0
-0.169187,0
-0.168438,0
-0.167687,0
-0.166938,0
-0.166184,0
-0.165432,0
-0.164675,0
-0.163919,0
-0.16316,0
-0.162399,0
-0.161639,0
-0.160875,0
-0.160112,0
-0.159345,0
-0.158577,0
-0.15781,0
-0.157038,0
-0.156268,0
-0.155494,0
-0.154719,0
-0.153944,0
-0.153166,0
-0.152389,0
-0.151608,0
-0.150826,0
-0.150044,0
-0.149259,0
-0.148475,0
-0.147687,0
-0.146898,0
-0.14611,0
-0.145318,0
-0.144527,0
-0.143733,0
-0.142937,0
-0.142142,0
-0.141344,0
-0.140546,0
-0.139746,0
-0.138943,0
-0.138142,0
-0.137338,0
-0.136534,0
-0.135727,0
-0.134918,0
-0.134111,0
-0.1333,0
-0.13249,0
-0.131677,0
-0.130862,0
-0.130049,0
-0.129232,0
-0.128416,0
-0.127597,0
-0.126777,0
-0.125958,0
-0.125135,0
-0.124314,0
-0.123489,0
-0.122662,0
-0.121838,0
-0.121009,0
-0.120182,0
-0.119352,0
-0.11852,0
-0.11769,0
-0.116856,0
-0.116024,0
-0.115188,0
-0.114351,0
-0.113515,0
-0.112676,0
-0.111839,0
-0.110998,0
-0.110156,0
-0.109315,0
-0.108471,0
-0.107628,0
-0.106782,0
-0.105938,0
-0.10509,0
-0.104241,0
-0.103394,0
-0.102543,0
-0.101694,0
-0.100841,0
-0.0999873,0
-0.0991352,0
-0.0982798,0
-0.097426,0
-0.0965689,0
-0.0957108,0
-0.0948543,0
-0.0939946,0
-0.0931364,0
-0.0922749,0
-0.0914126,0
-0.0905519,0
-0.0896879,0
-0.0888256,0
-0.08796,0
-0.0870935,0
-0.0862288,0
-0.0853608,0
-0.0844946,0
-0.083625,0
-0.0827547,0
-0.0818862,0
-0.0810143,0
-0.0801443,0
-0.079271,0
-0.078397,0
-0.0775249,0
-0.0766494,0
-0.0757759,0
-0.0748991,0
-0.0740216,0
-0.073146,0
-0.0722671,0
-0.0713902,0
-0.07051,0
-0.0696293,0
-0.0687504,0
-0.0678684,0
-0.0669883,0
-0.066105,0
-0.0652211,0
-0.0643392,0
-0.0634542,0
-0.0625711,0
-0.0616849,0
-0.0607981,0
-0.0599134,0
-0.0590255,0
-0.0581397,0
-0.0572508,0
-0.0563614,0
-0.055474,0
-0.0545835,0
-0.0536951,0
-0.0528037,0
-0.0519117,0
-0.0510219,0
-0.0501291,0
-0.0492383,0
-0.0483445,0
-0.0474503,0
-0.0465583,0
-0.0456632,0
-0.0447703,0
-0.0438744,0
-0.0429781,0
-0.042084,0
-0.041187,0
-0.0402921,0
-0.0393943,0
-0.0384987,0
-0.0376002,0
-0.0367014,0
-0.0358048,0
-0.0349052,0
-0.034008,0
-0.0331079,0
-0.0322074,0
-0.0313093,0
-0.0304082,0
-0.0295096,0
-0.028608,0
-0.0277061,0
-0.0268067,0
-0.0259043,0
-0.0250044,0
-0.0241016,0
-0.0231986,0
-0.022298,0
-0.0213945,0
-0.0204935,0
-0.0195897,0
-0.0186857,0
-0.0177842,0
-0.0168799,0
-0.015978,0
-0.0150734,0
-0.0141686,0
-0.0132664,0
-0.0123613,0
-0.0114588,0
-0.0105536,0
-0.00964829,0
-0.00874551,0
-0.00784002,0
-0.00693709,0
-0.00603146,0
-0.00512578,0
-0.00422269,0
-0.00331692,0
-0.00241375,0
-0.00150793,0
-0.000602102,0
0.000301104,0
0.00120694,0
0.00211013,0
0.00301594,0
0.00392171,0
0.00482482,0
0.00573052,0
0.00663354,0
0.00753912,0
0.00844464,0
0.00934745,0
0.0102528,0
0.0111554,0
0.0120606,0
0.0129656,0
0.0138679,0
0.0147728,0
0.0156748,0
0.0165793,0
0.0174837,0
0.0183853,0
0.0192893,0
0.0201906,0
0.0210943,0
0.0219978,0
0.0228985,0
0.0238015,0
0.0247018,0
0.0256044,0
0.0265069,0
0.0274064,0
0.0283083,0
0.0292074,0
0.0301088,0
0.0310073,0
0.0319081,0
0.0328087,0
0.0337063,0
0.0346063,0
0.0355033,0
0.0364026,0
0.0373016,0
0.0381976,0
0.0390959,0
0.0399912,0
0.0408888,0
0.041786,0
0.0426802,0
0.0435766,0
0.0444701,0
0.0453657,0
0.0462609,0
0.0471531,0
0.0480475,0
0.0489388,0
0.0498323,0
0.0507253,0
0.0516153,0
0.0525073,0
0.0533964,0
0.0542875,0
0.0551781,0
0.0560657,0
0.0569553,0
0.0578418,0
0.0587304,0
0.0596184,0
0.0605034,0
0.0613903,0
0.0622741,0
0.06316,0
0.0640452,0
0.0649273,0
0.0658114,0
0.0666923,0
0.0675751,0
0.0684574,0
0.0693365,0
0.0702174,0
0.0710952,0
0.0719749,0
0.072854,0
0.0737298,0
0.0746076,0
0.075482,0
0.0763584,0
0.0772341,0
0.0781065,0
0.0789807,0
0.0798517,0
0.0807245,0
0.0815965,0
0.0824653,0
0.0833359,0
0.0842032,0
0.0850722,0
0.0859405,0
0.0868054,0
0.0876721,0
0.0885355,0
0.0894006,0
0.0902649,0
0.0911258,0
0.0919884,0
0.0928477,0
0.0937087,0
0.0945687,0
0.0954255,0
0.0962838,0
0.0971388,0
0.0979954,0
0.0988486,0
0.0997034,0
0.100557,0
0.101408,0
0.10226,0
0.103109,0
0.103959,0
0.104808,0
0.105654,0
0.106501,0
0.107345,0
0.10819,0
0.109035,0
0.109876,0
0.110718,0
0.111557,0
0.112397,0
0.113237,0
0.114073,0
0.11491,0
0.115744,0
0.116579,0
0.117413,0
0.118244,0
0.119076,0
0.119904,0
0.120734,0
0.121563,0
0.122388,0
0.123214,0
0.124037,0
0.124861,0
0.125684,0
0.126504,0
0.127325,0
0.128142,0
0.12896,0
0.129778,0
0.130591,0
0.131406,0
0.132218,0
0.13303,0
0.133842,0
0.134649,0
0.135458,0
0.136263,0
0.13707,0
0.137875,0
0.138677,0
0.139479,0
0.140278,0
0.141078,0
0.141877,0
0.142672,0
0.143468,0
0.144261,0
0.145055,0
0.145847,0
0.146635,0
0.147425,0
0.148211,0
0.148998,0
0.149783,0
0.150565,0
0.151348,0
0.152127,0
0.152907,0
0.153686,0
0.154461,0
0.155237,0
0.156009,0
0.156782,0
0.157553,0
0.158321,0
0.15909,0
0.159855,0
0.160621,0
0.161383,0
0.162146,0
0.162907,0
0.163665,0
0.164423,0
0.165178,0
0.165934,0
0.166687,0
0.167438,0
0.168189,0
0.168936,0
0.169683,0
0.17043,0
0.171172,0
0.171915,0
0.172655,0
0.173395,0
0.174133,0
0.174868,0
0.175603,0
0.176335,0
0.177067,0
0.177797,0
0.178524,0
0.179251,0
0.179974,0
0.180698,0
0.181421,0
0.182139,0
0.182858,0
0.183573,0
0.184289,0
0.185003,0
0.185713,0
0.186424,0
0.18713,0
0.187837,0
0.188543,0
0.189245,0
0.189947,0
0.190645,0
0.191343,0
0.19204,0
0.192733,0
0.193427,0
0.194116,0
0.194806,0
0.195494,0
0.196178,0
0.196862,0
0.197543,0
0.198224,0
0.198903,0
0.199578,0
0.200254,0
0.200925,0
0.201597,0
0.202267,0
0.202933,0
0.203599,0
0.204262,0
0.204924,0
0.205585,0
0.206242,0
0.206899,0
0.207552,0
0.208205,0
0.208856,0
0.209503,0
0.210151,0
0.210794,0
0.211438,0
0.21208,0
0.212718,0
0.213355,0
0.213989,0
0.214623,0
0.215253,0
0.215883,0
0.216511,0
0.217135,0
0.21776,0
0.21838,0
0.219,0
0.219618,0
0.220232,0
0.220846,0
0.221457,0
0.222067,0
0.222675,0
0.223279,0
0.223883,0
0.224483,0
0.225083,0
0.225681,0
0.226275,0
0.226869,0
0.227459,0
0.228048,0
0.228636,0
0.22922,0
0.229803,0
0.230382,0
0.230962,0
0.231539,0
0.232112,0
0.232685,0
0.233254,0
0.233822,0
0.234389,0
0.234952,0
0.235514,0
0.236072,0
0.23663,0
0.237186,0
0.237738,0
0.238289,0
0.238837,0
0.239384,0
0.239929,0
0.24047,0
0.24101,0
0.241547,0
0.242083,0
0.242617,0
0.243147,0
0.243677,0
0.244202,0
0.244728,0
0.24525,0
0.245769,0
0.246288,0
0.246802,0
0.247316,0
0.247828,0
0.248336,0
0.248843,0
0.249346,0
0.249849,0
0.250349,0
0.250845,0
0.251341,0
0.251833,0
0.252324,0
0.252813,0
0.253298,0
0.253782,0
0.254263,0
0.254743,0
0.25522,0
0.255693,0
0.256166,0
0.256635,0
0.257103,0
0.257567,0
0.25803,0
0.258491,0
0.258949,0
0.259405,0
0.259857,0
0.260309,0
0.260758,0
0.261203,0
0.261648,0
0.262088,0
0.262528,0
0.262965,0
0.263399,0
0.263831,0
0.26426,0
0.264687,0
0.265112,0
0.265534,0
0.265954,0
0.266371,0
0.266787,0
0.2672,0
0.267609,0
0.268017,0
0.268422,0
0.268825,0
0.269226,0
0.269623,0
0.270019,0
0.270412,0
0.270803,0
0.271191,0
0.271576,0
0.27196,0
0.27234,0
0.272719,0
0.273095,0
0.273467,0
0.273839,0
0.274206,0
0.274572,0
0.274936,0
0.275296,0
0.275655,0
0.27601,0
0.276364,0
0.276715,0
0.277063,0
0.277409,0
0.277751,0
0.278092,0
0.278431,0
0.278766,0
0.279099,0
0.279429,0
0.279758,0
0.280084,0
0.280406,0
0.280727,0
0.281044,0
0.281359,0
0.281673,0
0.281982,0
0.28229,0
0.282594,0
0.282897,0
0.283197,0
0.283494,0
0.283789,0
0.284081,0
0.284371,0
0.284658,0
0.284942,0
0.285224,0
0.285503,0
0.285779,0
0.286053,0
0.286325,0
0.286594,0
0.286859,0
0.287123,0
0.287384,0
0.287642,0
0.287898,0
0.288151,0
0.288402,0
0.288649,0
0.288895,0
0.289137,0
0.289377,0
0.289615,0
0.289849,0
0.290081,0
0.290311,0
0.290537,0
0.290762,0
0.290983,0
0.291202,0
0.291418,0
0.291631,0
0.291843,0
0.29205,0
0.292256,0
0.292459,0
0.292659,0
0.292857,0
0.293052,0
0.293244,0
0.293434,0
0.293621,0
0.293805,0
0.293986,0
0.294166,0
0.294342,0
0.294515,0
0.294686,0
0.294854,0
0.29502,0
0.295183,0
0.295343,0
0.2955,0
0.295655,0
0.295807,0
0.295957,0
0.296103,0
0.296247,0
0.296388,0
0.296527,0
0.296663,0
0.296796,0
0.296927,0
0.297055,0
0.29718,0
0.297302,0
0.297422,0
0.297539,0
0.297653,0
0.297765,0
0.297874,0
0.29798,0
0.298083,0
0.298184,0
0.298282,0
0.298378,0
0.29847,0
0.29856,0
0.298647,0
0.298732,0
0.298814,0
0.298892,0
0.298969,0
0.299042,0
0.299113,0
0.299181,0
0.299247,0
0.29931,0
0.29937,0
0.299427,0
0.299481,0
0.299533,0
0.299582,0
0.299629,0
0.299672,0
0.299713,0
0.299751,0
0.299787,0
0.29982,0
0.29985,0
0.299877,0
0.299901,0
0.299923,0
0.299942,0
0.299959,0
0.299972,0
0.299983,0
0.299991,0
0.299997,0
0.3,0
0.3,0
0.299997,0
0.299991,0
0.299983,0
0.299972,0
0.299959,0
0.299942,0
0.299923,0
0.299901,0
0.299877,0
0.29985,0
0.29982,0
0.299787,0
0.299751,0
0.299713,0
0.299672,0
0.299629,0
0.299582,0
0.299533,0
0.299481,0
0.299427,0
0.29937,0
0.299309,0
0.299247,0
0.299181,0
0.299113,0
0.299042,0
0.298969,0
0.298893,0
0.298813,0
0.298732,0
0.298647,0
0.29856,0
0.29847,0
0.298377,0
0.298282,0
0.298184,0
0.298083,0
0.29798,0
0.297874,0
0.297765,0
0.297653,0
0.297539,0
0.297422,0
0.297302,0
0.29718,0
0.297055,0
0.296927,0
0.296796,0
0.296663,0
0.296527,0
0.296389,0
0.296248,0
0.296103,0
0.295956,0
0.295807,0
0.295655,0
0.295501,0
0.295343,0
0.295183,0
0.29502,0
0.294854,0
0.294686,0
0.294515,0
0.294342,0
0.294166,0
0.293987,0
0.293805,0
0.293621,0
0.293434,0
0.293244,0
0.293052,0
0.292857,0
0.292659,0
0.292459,0
0.292256,0
0.292051,0
0.291843,0
0.291632,0
0.291418,0
0.291202,0
0.290983,0
0.290762,0
0.290537,0
0.29031,0
0.290081,0
0.289849,0
0.289615,0
0.289377,0
0.289137,0
0.288895,0
0.288649,0
0.288402,0
0.288151,0
0.287898,0
0.287642,0
0.287384,0
0.287123,0
0.28686,0
0.286593,0
0.286325,0
0.286053,0
0.28578,0
0.285503,0
0.285223,0
0.284942,0
0.284657,0
0.284371,0
0.284081,0
0.283789,0
0.283494,0
0.283197,0
0.282897,0
0.282595,0
0.282289,0
0.281982,0
0.281672,0
0.28136,0
0.281044,0
0.280726,0
0.280406,0
0.280083,0
0.279758,0
0.27943,0
0.2791,0
0.278766,0
0.27843,0
0.278093,0
0.277752,0
0.277409,0
0.277063,0
0.276714,0
0.276364,0
0.27601,0
0.275655,0
0.275297,0
0.274935,0
0.274573,0
0.274206,0
0.273839,0
0.273468,0
0.273094,0
0.272719,0
0.27234,0
0.27196,0
0.271576,0
0.27119,0
0.270803,0
0.270412,0
0.27002,0
0.269624,0
0.269225,0
0.268825,0
0.268422,0
0.268018,0
0.267609,0
0.267199,0
0.266787,0
0.266371,0
0.265955,0
0.265534,0
0.265112,0
0.264688,0
0.26426,0
0.263831,0
0.263399,0
0.262964,0
0.262528,0
0.262089,0
0.261648,0
0.261204,0
0.260757,0
0.260309,0
0.259858,0
0.259405,0
0.258949,0
0.25849,0
0.258031,0
0.257567,0
0.257103,0
0.256635,0
0.256165,0
0.255694,0
0.255219,0
0.254743,0
0.254263,0
0.253781,0
0.253299,0
0.252812,0
0.252325,0
0.251834,0
0.25134,0
0.250846,0
0.250348,0
0.249849,0
0.249346,0
0.248842,0
0.248336,0
0.247827,0
0.247317,0
0.246803,0
0.246288,0
0.24577,0
0.245249,0
0.244728,0
0.244203,0
0.243677,0
0.243148,0
0.242616,0
0.242084,0
0.241547,0
0.241011,0
0.24047,0
0.239928,0
0.239384,0
0.238837,0
0.23829,0
0.237738,0
0.237185,0
0.23663,0
0.236073,0
0.235514,0
0.234952,0
0.234388,0
0.233823,0
0.233254,0
0.232685,0
0.232112,0
0.231537,0
0.230962,0
0.230383,0
0.229803,0
0.22922,0
0.228635,0
0.228049,0
0.227459,0
0.226869,0
0.226275,0
0.22568,0
0.225084,0
0.224484,0
0.223883,0
0.223279,0
0.222673,0
0.222067,0
0.221457,0
0.220847,0
0.220233,0
0.219617,0
0.219,0
0.21838,0
0.21776,0
0.217136,0
0.21651,0
0.215884,0
0.215254,0
0.214624,0
0.21399,0
0.213354,0
0.212718,0
0.212078,0
0.211438,0
0.210795,0
0.210149,0
0.209504,0
0.208855,0
0.208205,0
0.207552,0
0.206897,0
0.206242,0
0.205583,0
0.204925,0
0.204262,0
0.203598,0
0.202933,0
0.202265,0
0.201597,0
0.200926,0
0.200254,0
0.199579,0
0.198901,0
0.198224,0
0.197544,0
0.196863,0
0.196179,0
0.195492,0
0.194806,0
0.194117,0
0.193427,0
0.192734,0
0.192039,0
0.191344,0
0.190645,0
0.189947,0
0.189245,0
0.188541,0
0.187838,0
0.187131,0
0.186424,0
0.185713,0
0.185001,0
0.184289,0
0.183574,0
0.182859,0
0.18214,0
0.181419,0
0.180699,0
0.179975,0
0.179251,0
0.178524,0
0.177795,0
0.177067,0
0.176335,0
0.175604,0
0.174868,0
0.174132,0
0.173395,0
0.172655,0
0.171916,0
0.171173,0
0.170428,0
0.169684,0
0.168936,0
0.168189,0
0.167438,0
0.166686,0
0.165934,0
0.165179,0
0.164424,0
0.163666,0
0.162906,0
0.162146,0
0.161384,0
0.160621,0
0.159856,0
0.159088,0
0.158322,0
0.157552,0
0.156782,0
0.156009,0
0.155235,0
0.154461,0
0.153684,0
0.152908,0
0.152128,0
0.151346,0
0.150566,0
0.149782,0
0.148998,0
0.148211,0
0.147423,0
0.146636,0
0.145845,0
0.145055,0
0.144262,0
0.143469,0
0.142673,0
0.141875,0
0.141079,0
0.140279,0
0.13948,0
0.138677,0
0.137873,0
0.13707,0
0.136264,0
0.135459,0
0.13465,0
0.13384,0
0.133031,0
0.132218,0
0.131407,0
0.130592,0
0.129776,0
0.128961,0
0.128143,0
0.127325,0
0.126505,0
0.125683,0
0.124862,0
0.124038,0
0.123215,0
0.122388,0
0.121561,0
0.120734,0
0.119905,0
0.119076,0
0.118244,0
0.117411,0
0.116579,0
0.115744,0
0.11491,0
0.114073,0
0.113235,0
0.112398,0
0.111558,0
0.110719,0
0.109876,0
0.109033,0
0.108191,0
0.107346,0
0.106502,0
0.105654,0
0.104806,0
0.103959,0
0.103109,0
0.10226,0
0.101408,0
0.100555,0
0.099704,0
0.0988492,0
0.097996,0
0.0971394,0
0.096282,0
0.0954261,0
0.0945669,0
0.0937093,0
0.0928483,0
0.0919866,0
0.0911264,0
0.090263,0
0.0894012,0
0.0885361,0
0.0876702,0
0.0868061,0
0.0859386,0
0.0850728,0
0.0842038,0
0.083334,0
0.082466,0
0.0815946,0
0.0807251,0
0.0798523,0
0.0789813,0
0.0781071,0
0.0772321,0
0.076359,0
0.0754827,0
0.0746082,0
0.0737305,0
0.0728521,0
0.0719756,0
0.0710959,0
0.0702181,0
0.0693371,0
0.0684555,0
0.0675758,0
0.0666929,0
0.065812,0
0.0649279,0
0.0640433,0
0.0631606,0
0.0622748,0
0.061391,0
0.060504,0
0.0596165,0
0.058731,0
0.0578425,0
0.0569559,0
0.0560663,0
0.0551762,0
0.0542881,0
0.053397,0
0.052508,0
0.0516159,0
0.0507233,0
0.0498329,0
0.0489394,0
0.0480481,0
0.0471537,0
0.0462589,0
0.0453663,0
0.0444707,0
0.0435773,0
0.0426808,0
0.041784,0
0.0408894,0
0.0399919,0
0.0390965,0
0.0381983,0
0.0372996,0
0.0364032,0
0.0355039,0
0.0346069,0
0.033707,0
0.0328067,0
0.0319088,0
0.0310079,0
0.0301094,0
0.029208,0
0.0283064,0
0.0274071,0
0.0265049,0
0.0256051,0
0.0247024,0
0.0237996,0
0.0228991,0
0.0219958,0
0.0210949,0
0.0201912,0
0.0192874,0
0.0183859,0
0.0174817,0
0.01658,0
0.0156754,0
0.0147708,0
0.0138686,0
0.0129637,0
0.0120612,0
0.0111561,0
0.0102535,0
0.0093481,0
0.00844266,0
0.00753977,0
0.00663419,0
0.00573118,0
0.00482548,0
0.00391973,0
0.00301659,0
0.00211078,0
0.00120759,0
0.000301757,0
-0.000604082,0
-0.00150728,0
-0.0024131,0
-0.00331626,0
-0.00422203,0
-0.00512776,0
-0.00603081,0
-0.00693644,0
-0.00783937,0
-0.00874486,0
-0.00965027,0
-0.010553,0
-0.0114582,0
-0.0123607,0
-0.0132657,0
-0.0141706,0
-0.0150727,0
-0.0159773,0
-0.0168792,0
-0.0177835,0
-0.0186877,0
-0.0195891,0
-0.0204929,0
-0.0213939,0
-0.0222973,0
-0.0232005,0
-0.0241009,0
-0.0250037,0
-0.0259037,0
-0.026806,0
-0.0277081,0
-0.0286073,0
-0.0295089,0
-0.0304076,0
-0.0313086,0
-0.0322094,0
-0.0331072,0
-0.0340074,0
-0.0349046,0
-0.0358041,0
-0.0367033,0
-0.0375996,0
-0.0384981,0
-0.0393937,0
-0.0402915,0
-0.0411889,0
-0.0420834,0
-0.0429801,0
-0.0438738,0
-0.0447697,0
-0.0456652,0
-0.0465576,0
-0.0474523,0
-0.0483439,0
-0.0492377,0
-0.050131,0
-0.0510213,0
-0.0519137,0
-0.052803,0
-0.0536945,0
-0.0545855,0
-0.0554733,0
-0.0563633,0
-0.0572502,0
-0.0581391,0
-0.0590249,0
-0.0599128,0
-0.0608001,0
-0.0616843,0
-0.0625705,0
-0.0634535,0
-0.0643386,0
-0.0652231,0
-0.0661044,0
-0.0669876,0
-0.0678677,0
-0.0687498,0
-0.0696312,0
-0.0705094,0
-0.0713896,0
-0.0722665,0
-0.0731453,0
-0.0740235,0
-0.0748984,0
-0.0757752,0
-0.0766488,0
-0.0775242,0
-0.078399,0
-0.0792704,0
-0.0801437,0
-0.0810137,0
-0.0818855,0
-0.0827566,0
-0.0836244,0
-0.0844939,0
-0.0853602,0
-0.0862282,0
-0.0870954,0
-0.0879593,0
-0.088825,0
-0.0896873,0
-0.0905513,0
-0.0914144,0
-0.0922743,0
-0.0931358,0
-0.0939939,0
-0.0948537,0
-0.0957127,0
-0.0965682,0
-0.0974254,0
-0.0982792,0
-0.0991346,0
-0.0999891,0
-0.10084,0
-0.101693,0
-0.102542,0
-0.103393,0
-0.104243,0
-0.105089,0
-0.105937,0
-0.106782,0
-0.107628,0
-0.108473,0
-0.109314,0
-0.110158,0
-0.110997,0
-0.111838,0
-0.112678,0
-0.113515,0
-0.114353,0
-0.115187,0
-0.116023,0
-0.116858,0
-0.117689,0
-0.118522,0
-0.119351,0
-0.120182,0
-0.121011,0
-0.121837,0
-0.122664,0
-0.123488,0
-0.124313,0
-0.125134,0
-0.125957,0
-0.126779,0
-0.127597,0
-0.128416,0
-0.129232,0
-0.130048,0
-0.130864,0
-0.131676,0
-0.13249,0
-0.133299,0
-0.13411,0
-0.13492,0
-0.135726,0
-0.136533,0
-0.137337,0
-0.138142,0
-0.138945,0
-0.139745,0
-0.140546,0
-0.141343,0
-0.142142,0
-0.142939,0
-0.143732,0
-0.144527,0
-0.145317,0
-0.146109,0
-0.1469,0
-0.147686,0
-0.148474,0
-0.149258,0
-0.150044,0
-0.150827,0
-0.151607,0
-0.152388,0
-0.153166,0
-0.153944,0
-0.154721,0
-0.155494,0
-0.156268,0
-0.157038,0
-0.157809,0
-0.158579,0
-0.159345,0
-0.160111,0
-0.160875,0
-0.161638,0
-0.162401,0
-0.163159,0
-0.163919,0
-0.164675,0
-0.165431,0
-0.166186,0
-0.166937,0
-0.167689,0
-0.168437,0
-0.169186,0
-0.169933,0
-0.170677,0
-0.171421,0
-0.172161,0
-0.172902,0
-0.173642,0
-0.174378,0
-0.175114,0
-0.175847,0
-0.17658,0
-0.177311,0
-0.178039,0
-0.178767,0
-0.179492,0
-0.180217,0
-0.180938,0
-0.18166,0
-0.18238,0
-0.183096,0
-0.183813,0
-0.184526,0
-0.185239,0
-0.185951,0
-0.186659,0
-0.187367,0
-0.188072,0
-0.188776,0
-0.18948,0
-0.190179,0
-0.190879,0
-0.191575,0
-0.192271,0
-0.192965,0
-0.193656,0
-0.194347,0
-0.195034,0
-0.195722,0
-0.196407,0
-0.197089,0
-0.197771,0
-0.198449,0
-0.199128,0
-0.199804,0
-0.200477,0
-0.20115,0
-0.201819,0
-0.202489,0
-0.203156,0
-0.20382,0
-0.204483,0
-0.205143,0
-0.205803,0
-0.206462,0
-0.207116,0
-0.20777,0
-0.208421,0
-0.209071,0
-0.20972,0
-0.210365,0
-0.21101,0
-0.211651,0
-0.212292,0
-0.212931,0
-0.213566,0
-0.214202,0
-0.214833,0
-0.215464,0
-0.216094,0
-0.216719,0
-0.217344,0
-0.217966,0
-0.218587,0
-0.219207,0
-0.219822,0
-0.220438,0
-0.22105,0
-0.221661,0
-0.22227,0
-0.222876,0
-0.223481,0
-0.224083,0
-0.224684,0
-0.225283,0
-0.225879,0
-0.226474,0
-0.227065,0
-0.227656,0
-0.228245,0
-0.22883,0
-0.229415,0
-0.229996,0
-0.230576,0
-0.231153,0
-0.231729,0
-0.232304,0
-0.232874,0
-0.233444,0
-0.23401,0
-0.234576,0
-0.23514,0
-0.2357,0
-0.236259,0
-0.236814,0
-0.23737,0
-0.237922,0
-0.238471,0
-0.23902,0
-0.239565,0
-0.240109,0
-0.240651,0
-0.241189,0
-0.241727,0
-0.24226,0
-0.242794,0
-0.243325,0
-0.243852,0
-0.244378,0
-0.244901,0
-0.245423,0
-0.245943,0
-0.246459,0
-0.246974,0
-0.247486,0
-0.247997,0
-0.248506,0
-0.24901,0
-0.249514,0
-0.250015,0
-0.250514,0
-0.251012,0
-0.251505,0
-0.251998,0
-0.252487,0
-0.252975,0
-0.25346,0
-0.253942,0
-0.254424,0
-0.254901,0
-0.255378,0
-0.255852,0
-0.256322,0
-0.256792,0
-0.257258,0
-0.257722,0
-0.258185,0
-0.258644,0
-0.259101,0
-0.259555,0
-0.260009,0
-0.260459,0
-0.260906,0
-0.261352,0
-0.261794,0
-0.262236,0
-0.262674,0
-0.263109,0
-0.263543,0
-0.263974,0
-0.264403,0
-0.26483,0
-0.265253,0
-0.265675,0
-0.266093,0
-0.26651,0
-0.266925,0
-0.267336,0
-0.267746,0
-0.268152,0
-0.268557,0
-0.268958,0
-0.269358,0
-0.269756,0
-0.27015,0
-0.270543,0
-0.270932,0
-0.271319,0
-0.271705,0
-0.272086,0
-0.272467,0
-0.272844,0
-0.273219,0
-0.273592,0
-0.273961,0
-0.274329,0
-0.274693,0
-0.275056,0
-0.275417,0
-0.275773,0
-0.276129,0
-0.276481,0
-0.276831,0
-0.277179,0
-0.277523,0
-0.277866,0
-0.278205,0
-0.278543,0
-0.278878,0
-0.279209,0
-0.279539,0
-0.279866,0
-0.280191,0
-0.280513,0
-0.280832,0
-0.28115,0
-0.281464,0
-0.281776,0
-0.282085,0
-0.282392,0
-0.282696,0
-0.282997,0
-0.283296,0
-0.283593,0
-0.283886,0
-0.284178,0
-0.284466,0
-0.284753,0
-0.285036,0
-0.285317,0
-0.285595,0
-0.285871,0
-0.286144,0
-0.286415,0
-0.286682,0
-0.286948,0
-0.28721,0
-0.28747,0
-0.287728,0
-0.287983,0
-0.288235,0
-0.288484,0
-0.288732,0
-0.288976,0
-0.289217,0
-0.289457,0
-0.289693,0
-0.289927,0
-0.290158,0
-0.290386,0
-0.290613,0
-0.290835,0
-0.291056,0
-0.291275,0
-0.291489,0
-0.291702,0
-0.291912,0
-0.29212,0
-0.292324,0
-0.292526,0
-0.292726,0
-0.292922,0
-0.293116,0
-0.293307,0
-0.293496,0
-0.293683,0
-0.293866,0
-0.294047,0
-0.294224,0
-0.2944,0
-0.294573,0
-0.294742,0
-0.29491,0
-0.295074,0
-0.295236,0
-0.295396,0
-0.295552,0
-0.295706,0
-0.295857,0
-0.296006,0
-0.296152,0
-0.296295,0
-0.296435,0
-0.296573,0
-0.296708,0
-0.29684,0
-0.29697,0
-0.297097,0
-0.297221,0
-0.297342,0
-0.297461,0
-0.297577,0
-0.297691,0
-0.297801,0
-0.297909,0
-0.298015,0
-0.298117,0
-0.298217,0
-0.298314,0
-0.298409,0
-0.298501,0
-0.298589,0
-0.298676,0
-0.298759,0
-0.29884,0
-0.298918,0
-0.298994,0
-0.299066,0
-0.299136,0
-0.299204,0
-0.299268,0
-0.29933,0
-0.299389,0
-0.299445,0
-0.299499,0
-0.29955,0
-0.299598,0
-0.299644,0
-0.299686,0
-0.299726,0
-0.299764,0
-0.299798,0
-0.29983,0
-0.299859,0
-0.299885,0
-0.299909,0
-0.29993,0
-0.299948,0
-0.299964,0
-0.299976,0
-0.299986,0
-0.299994,0
-0.299998,0
-0.3,0
-0.299999,0
-0.299995,0
-0.299989,0
-0.29998,0
-0.299968,0
-0.299954,0
-0.299936,0
-0.299916,0
-0.299894,0
-0.299868,0
-0.29984,0
-0.299809,0
-0.299775,0
-0.299739,0
-0.2997,0
-0.299658,0
-0.299614,0
-0.299566,0
-0.299516,0
-0.299464,0
-0.299408,0
-0.29935,0
-0.299289,0
-0.299225,0
-0.299159,0
-0.29909,0
-0.299018,0
-0.298944,0
-0.298866,0
-0.298787,0
-0.298704,0
-0.298619,0
-0.29853,0
-0.298439,0
-0.298346,0
-0.29825,0
-0.298151,0
-0.298049,0
-0.297945,0
-0.297838,0
-0.297728,0
-0.297616,0
-0.2975,0
-0.297382,0
-0.297262,0
-0.297138,0
-0.297013,0
-0.296884,0
-0.296752,0
-0.296618,0
-0.296481,0
-0.296342,0
-0.2962,0
-0.296055,0
-0.295907,0
-0.295757,0
-0.295604,0
-0.295448,0
-0.29529,0
-0.295129,0
-0.294965,0
-0.294799,0
-0.294629,0
-0.294458,0
-0.294283,0
-0.294106,0
-0.293927,0
-0.293744,0
-0.293558,0
-0.293371,0
-0.29318,0
-0.292987,0
-0.292791,0
-0.292593,0
-0.292392,0
-0.292188,0
-0.291982,0
-0.291772,0
-0.291561,0
-0.291346,0
-0.291129,0
-0.29091,0
-0.290687,0
-0.290462,0
-0.290235,0
-0.290004,0
-0.289771,0
-0.289536,0
-0.289298,0
-0.289057,0
-0.288813,0
-0.288567,0
-0.288318,0
-0.288067,0
-0.287813,0
-0.287556,0
-0.287298,0
-0.287035,0
-0.286771,0
-0.286504,0
-0.286234,0
-0.285962,0
-0.285687,0
-0.28541,0
-0.28513,0
-0.284847,0
-0.284562,0
-0.284274,0
-0.283984,0
-0.283691,0
-0.283395,0
-0.283098,0
-0.282796,0
-0.282494,0
-0.282188,0
-0.281879,0
-0.281568,0
-0.281254,0
-0.280939,0
-0.28062,0
-0.280298,0
-0.279975,0
-0.279648,0
-0.27932,0
-0.278988,0
-0.278654,0
-0.278318,0
-0.277979,0
-0.277638,0
-0.277294,0
-0.276947,0
-0.276598,0
-0.276246,0
-0.275893,0
-0.275536,0
-0.275176,0
-0.274815,0
-0.27445,0
-0.274084,0
-0.273715,0
-0.273343,0
-0.272969,0
-0.272592,0
-0.272214,0
-0.271832,0
-0.271448,0
-0.271062,0
-0.270672,0
-0.270282,0
-0.269887,0
-0.269491,0
-0.269093,0
-0.268691,0
-0.268288,0
-0.267881,0
-0.267473,0
-0.267062,0
-0.266648,0
-0.266233,0
-0.265814,0
-0.265394,0
-0.264971,0
-0.264545,0
-0.264118,0
-0.263687,0
-0.263255,0
-0.262819,0
-0.262381,0
-0.261942,0
-0.2615,0
-0.261056,0
-0.260608,0
-0.260158,0
-0.259707,0
-0.259253,0
-0.258797,0
-0.258338,0
-0.257876,0
-0.257413,0
-0.256947,0
-0.25648,0
-0.256009,0
-0.255535,0
-0.255061,0
-0.254583,0
-0.254104,0
-0.253621,0
-0.253136,0
-0.25265,0
-0.252161,0
-0.25167,0
-0.251176,0
-0.25068,0
-0.250182,0
-0.249681,0
-0.249179,0
-0.248674,0
-0.248166,0
-0.247657,0
-0.247145,0
-0.246632,0
-0.246115,0
-0.245596,0
-0.245076,0
-0.244553,0
-0.244028,0
-0.2435,0
-0.24297,0
-0.242439,0
-0.241905,0
-0.241369,0
-0.24083,0
-0.240289,0
-0.239747,0
-0.239201,0
-0.238655,0
-0.238105,0
-0.237553,0
-0.237,0
-0.236444,0
-0.235887,0
-0.235326,0
-0.234763,0
-0.2342,0
-0.233633,0
-0.233065,0
-0.232494,0
-0.23192,0
-0.231346,0
-0.230769,0
-0.23019,0
-0.229608,0
-0.229026,0
-0.22844,0
-0.227852,0
-0.227263,0
-0.226671,0
-0.226078,0
-0.225482,0
-0.224883,0
-0.224284,0
-0.223682,0
-0.223079,0
-0.222472,0
-0.221863,0
-0.221254,0
-0.220642,0
-0.220029,0
-0.219412,0
-0.218793,0
-0.218174,0
-0.217551,0
-0.216929,0
-0.216302,0
-0.215673,0
-0.215044,0
-0.214412,0
-0.213779,0
-0.213143,0
-0.212504,0
-0.211866,0
-0.211223,0
-0.210581,0
-0.209935,0
-0.209287,0
-0.208639,0
-0.207987,0
-0.207335,0
-0.206679,0
-0.206022,0
-0.205365,0
-0.204703,0
-0.204042,0
-0.203377,0
-0.20271,0
-0.202043,0
-0.201373,0
-0.200703,0
-0.200028,0
-0.199352,0
-0.198677,0
-0.197997,0
-0.197317,0
-0.196634,0
-0.195949,0
-0.195264,0
-0.194576,0
-0.193887,0
-0.193195,0
-0.192501,0
-0.191808,0
-0.19111,0
-0.190413,0
-0.189713,0
-0.18901,0
-0.188308,0
-0.187602,0
-0.186896,0
-0.186187,0
-0.185475,0
-0.184765,0
-0.18405,0
-0.183336,0
-0.182618,0
-0.181899,0
-0.18118,0
-0.180457,0
-0.179735,0
-0.179008,0
-0.178283,0
-0.177554,0
-0.176823,0
-0.176092,0
-0.175358,0
-0.174624,0
-0.173887,0
-0.173148,0
-0.17241,0
-0.171668,0
-0.170926,0
-0.170181,0
-0.169434,0
-0.168688,0
-0.167938,0
-0.167189,0
-0.166436,0
-0.165682,0
-0.164928,0
-0.16417,0
-0.163414,0
-0.162653,0
-0.161891,0
-0.16113,0
-0.160366,0
-0.159601,0
-0.158834,0
-0.158065,0
-0.157296,0
-0.156524,0
-0.155753,0
-0.154978,0
-0.154202,0
-0.153426,0
-0.152647,0
-0.151869,0
-0.151087,0
-0.150304,0
-0.149521,0
-0.148735,0
-0.14795,0
-0.147162,0
-0.146372,0
-0.145582,0
-0.14479,0
-0.143998,0
-0.143203,0
-0.142406,0
-0.141611,0
-0.140811,0
-0.140013,0
-0.139211,0
-0.138408,0
-0.137606,0
-0.136801,0
-0.135996,0
-0.135188,0
-0.134379,0
-0.133571,0
-0.132759,0
-0.131949,0
-0.131135,0
-0.130319,0
-0.129505,0
-0.128687,0
-0.127871,0
-0.127051,0
-0.12623,0
-0.12541,0
-0.124586,0
-0.123764,0
-0.122938,0
-0.122114,0
-0.121286,0
-0.120457,0
-0.119629,0
-0.118798,0
-0.117968,0
-0.117135,0
-0.1163,0
-0.115467,0
-0.114631,0
-0.113795,0
-0.112957,0
-0.112117,0
-0.111279,0
-0.110437,0
-0.109597,0
-0.108753,0
-0.107908,0
-0.107065,0
-0.106218,0
-0.105373,0
-0.104525,0
-0.103675,0
-0.102827,0
-0.101976,0
-0.101126,0
-0.100272,0
-0.0994182,0
-0.0985656,0
-0.0977096,0
-0.0968552,0
-0.0959974,0
-0.0951388,0
-0.0942818,0
-0.0934214,0
-0.0925627,0
-0.0917006,0
-0.0908377,0
-0.0899765,0
-0.089112,0
-0.0882491,0
-0.087383,0
-0.086516,0
-0.0856508,0
-0.0847823,0
-0.0839155,0
-0.0830454,0
-0.0821746,0
-0.0813056,0
-0.0804333,0
-0.0795628,0
-0.078689,0
-0.0778145,0
-0.0769419,0
-0.076066,0
-0.075192,0
-0.0743147,0
-0.0734368,0
-0.0725607,0
-0.0716814,0
-0.0708041,0
-0.0699235,0
-0.0690423,0
-0.068163,0
-0.0672805,0
-0.0664,0
-0.0655164,0
-0.0646321,0
-0.0637498,0
-0.0628644,0
-0.0619809,0
-0.0610944,0
-0.0602072,0
-0.0593221,0
-0.0584339,0
-0.0575477,0
-0.0566585,0
-0.0557712,0
-0.0548809,0
-0.0539901,0
-0.0531014,0
-0.0522097,0
-0.05132,0
-0.0504273,0
-0.0495341,0
-0.0486431,0
-0.047749,0
-0.0468571,0
-0.0459622,0
-0.0450668,0
-0.0441737,0
-0.0432775,0
-0.0423835,0
-0.0414866,0
-0.0405893,0
-0.0396942,0
-0.0387961,0
-0.0379003,0
-0.0370016,0
-0.0361025,0
-0.0352057,0
-0.0343059,0
-0.0334085,0
-0.0325082,0
-0.0316075,0
-0.0307092,0
-0.029808,0
-0.0289091,0
-0.0280073,0
-0.0271053,0
-0.0262057,0
-0.0253032,0
-0.0244031,0
-0.0235002,0
-0.022597,0
-0.0216963,0
-0.0207927,0
-0.0198916,0
-0.0189876,0
-0.0180835,0
-0.0171819,0
-0.0162774,0
-0.0153755,0
-0.0144708,0
-0.0135659,0
-0.0126636,0
-0.0117585,0
-0.0108559,0
-0.00995065,0
-0.00904526,0
-0.00814243,0
-0.00723689,0
-0.00633391,0
-0.00542825,0
-0.00452254,0
-0.00361941,0
-0.00271362,0
-0.00181044,0
-0.000904616,0
1.22183e-06,0
0.000904426,0
0.00181026,0
0.00271344,0
0.00361922,0
0.00452498,0
0.00542806,0
0.00633372,0
0.0072367,0
0.00814224,0
0.00904771,0
0.00995046,0
0.0108558,0
0.0117583,0
0.0126634,0
0.0135657,0
0.0144706,0
0.0153753,0
0.0162773,0
0.0171817,0
0.0180833,0
0.0189874,0
0.0198914,0
0.0207925,0
0.0216961,0
0.0225968,0
0.0235,0
0.0244029,0
0.025303,0
0.0262055,0
0.0271051,0
0.0280072,0
0.0289089,0
0.0298078,0
0.030709,0
0.0316073,0
0.032508,0
0.0334083,0
0.0343058,0
0.0352055,0
0.0361023,0
0.0370014,0
0.0379001,0
0.0387959,0
0.039694,0
0.0405891,0
0.0414864,0
0.0423833,0
0.0432773,0
0.0441735,0
0.0450666,0
0.045962,0
0.0468569,0
0.0477488,0
0.0486429,0
0.0495339,0
0.0504271,0
0.0513198,0
0.0522095,0
0.0531013,0
0.05399,0
0.0548808,0
0.0557711,0
0.0566583,0
0.0575475,0
0.0584337,0
0.0593219,0
0.0602096,0
0.0610942,0
0.0619807,0
0.0628642,0
0.0637496,0
0.0646345,0
0.0655162,0
0.0663999,0
0.0672804,0
0.0681628,0
0.0690446,0
0.0699233,0
0.0708039,0
0.0716812,0
0.0725605,0
0.0734391,0
0.0743145,0
0.0751918,0
0.0760658,0
0.0769417,0
0.0778169,0
0.0786888,0
0.0795626,0
0.0804331,0
0.0813054,0
0.0821744,0
0.0830452,0
0.0839153,0
0.0847821,0
0.0856506,0
0.0865158,0
0.0873828,0
0.0882489,0
0.0891118,0
0.0899763,0
0.0908376,0
0.0917004,0
0.0925625,0
0.0934212,0
0.0942816,0
0.0951386,0
0.0959973,0
0.096855,0
0.0977094,0
0.0985654,0
0.0994181,0
0.100272,0
0.101126,0
0.101975,0
0.102827,0
0.103675,0
0.104524,0
0.105373,0
0.106218,0
0.107065,0
0.107908,0
0.108753,0
0.109597,0
0.110437,0
0.111279,0
0.112117,0
0.112957,0
0.113795,0
0.11463,0
0.115467,0
0.1163,0
0.117135,0
0.117968,0
0.118798,0
0.119629,0
0.120457,0
0.121286,0
0.122114,0
0.122938,0
0.123764,0
0.124586,0
0.12541,0
0.126232,0
0.127051,0
0.127871,0
0.128687,0
0.129505,0
0.130321,0
0.131134,0
0.131949,0
0.132759,0
0.133571,0
0.134381,0
0.135188,0
0.135996,0
0.136801,0
0.137606,0
0.138411,0
0.139211,0
0.140013,0
0.140811,0
0.14161,0
0.142408,0
0.143203,0
0.143998,0
0.14479,0
0.145582,0
0.146371,0
0.147161,0
0.14795,0
0.148735,0
0.149521,0
0.150304,0
0.151087,0
0.151869,0
0.152647,0
0.153426,0
0.154201,0
0.154978,0
0.155753,0
0.156524,0
0.157296,0
0.158064,0
0.158834,0
0.159601,0
0.160365,0
0.16113,0
0.161891,0
0.162653,0
0.163414,0
0.16417,0
0.164928,0
0.165681,0
0.166436,0
0.167189,0
0.167938,0
0.168688,0
0.169434,0
0.170181,0
0.170926,0
0.171667,0
0.172409,0
0.173148,0
0.173887,0
0.174624,0
0.175358,0
0.176092,0
0.176822,0
0.177553,0
0.178283,0
0.179008,0
0.179734,0
0.180457,0
0.18118,0
0.181901,0
0.182618,0
0.183336,0
0.18405,0
0.184765,0
0.185477,0
0.186186,0
0.186896,0
0.187602,0
0.188308,0
0.189012,0
0.189712,0
0.190413,0
0.19111,0
0.191808,0
0.192503,0
0.193195,0
0.193887,0
0.194576,0
0.195264,0
0.195951,0
0.196634,0
0.197317,0
0.197997,0
0.198676,0
0.199354,0
0.200028,0
0.200702,0
0.201373,0
0.202043,0
0.20271,0
0.203377,0
0.204042,0
0.204703,0
0.205364,0
0.206022,0
0.206679,0
0.207335,0
0.207987,0
0.208639,0
0.209287,0
0.209935,0
0.210581,0
0.211223,0
0.211866,0
0.212504,0
0.213142,0
0.213779,0
0.214412,0
0.215044,0
0.215673,0
0.216302,0
0.216928,0
0.217551,0
0.218174,0
0.218793,0
0.219412,0
0.220029,0
0.220642,0
0.221254,0
0.221863,0
0.222472,0
0.223079,0
0.223682,0
0.224284,0
0.224883,0
0.225482,0
0.226078,0
0.226671,0
0.227263,0
0.227852,0
0.22844,0
0.229026,0
0.229608,0
0.23019,0
0.230768,0
0.231346,0
0.231922,0
0.232494,0
0.233065,0
0.233633,0
0.2342,0
0.234765,0
0.235326,0
0.235887,0
0.236444,0
0.237,0
0.237555,0
0.238105,0
0.238655,0
0.239201,0
0.239747,0
0.24029,0
0.24083,0
0.241369,0
0.241904,0
0.242439,0
0.242971,0
0.2435,0
0.244028,0
0.244552,0
0.245076,0
0.245597,0
0.246115,0
0.246632,0
0.247145,0
0.247657,0
0.248166,0
0.248674,0
0.249179,0
0.249681,0
0.250182,0
0.250679,0
0.251176,0
0.25167,0
0.252161,0
0.25265,0
0.253136,0
0.253621,0
0.254104,0
0.254583,0
0.255061,0
0.255535,0
0.256008,0
0.256479,0
0.256947,0
0.257413,0
0.257876,0
0.258338,0
0.258797,0
0.259253,0
0.259707,0
0.260158,0
0.260608,0
0.261056,0
0.261499,0
0.261942,0
0.262381,0
0.262819,0
0.263255,0
0.263687,0
0.264118,0
0.264545,0
0.264971,0
0.265394,0
0.265814,0
0.266233,0
0.266648,0
0.267062,0
0.267473,0
0.267881,0
0.268288,0
0.268691,0
0.269092,0
0.269492,0
0.269887,0
0.270282,0
0.270672,0
0.271062,0
0.271449,0
0.271832,0
0.272214,0
0.272592,0
0.272969,0
0.273344,0
0.273715,0
0.274084,0
0.27445,0
0.274815,0
0.275177,0
0.275535,0
0.275892,0
0.276246,0
0.276598,0
0.276947,0
0.277293,0
0.277638,0
0.277979,0
0.278318,0
0.278655,0
0.278988,0
0.27932,0
0.279648,0
0.279975,0
0.280298,0
0.28062,0
0.280939,0
0.281254,0
0.281568,0
0.281879,0
0.282187,0
0.282494,0
0.282796,0
0.283097,0
0.283395,0
0.283691,0
0.283984,0
0.284274,0
0.284562,0
0.284847,0
0.28513,0
0.28541,0
0.285687,0
0.285962,0
0.286234,0
0.286504,0
0.286771,0
0.287035,0
0.287297,0
0.287556,0
0.287813,0
0.288067,0
0.288318,0
0.288567,0
0.288813,0
0.289057,0
0.289298,0
0.289536,0
0.289771,0
0.290004,0
0.290234,0
0.290462,0
0.290687,0
0.29091,0
0.291129,0
0.291346,0
0.291561,0
0.291772,0
0.291982,0
0.292188,0
0.292392,0
0.292593,0
0.292791,0
0.292987,0
0.29318,0
0.293371,0
0.293559,0
0.293744,0
0.293927,0
0.294106,0
0.294283,0
0.294458,0
0.294629,0
0.294799,0
0.294965,0
0.295129,0
0.29529,0
0.295448,0
0.295604,0
0.295757,0
0.295907,0
0.296055,0
0.2962,0
0.296342,0
0.296481,0
0.296618,0
0.296752,0
0.296884,0
0.297013,0
0.297138,0
0.297262,0
0.297382,0
0.2975,0
0.297616,0
0.297728,0
0.297838,0
0.297945,0
0.298049,0
0.298151,0
0.29825,0
0.298346,0
0.298439,0
0.29853,0
0.298619,0
0.298704,0
0.298787,0
0.298866,0
0.298944,0
0.299018,0
0.29909,0
0.299159,0
0.299225,0
0.299289,0
0.29935,0
0.299408,0
0.299464,0
0.299516,0
0.299566,0
0.299614,0
0.299658,0
0.2997,0
0.299739,0
0.299775,0
0.299809,0
0.29984,0
0.299868,0
0.299894,0
0.299916,0
0.299936,0
0.299954,0
0.299968,0
0.29998,0
0.299989,0
0.299995,0
0.299999,0
0.3,0
0.299998,0
0.299994,0
0.299986,0
0.299976,0
0.299964,0
0.299948,0
0.29993,0
0.299909,0
0.299885,0
0.299859,0
0.29983,0
0.299798,0
0.299763,0
0.299726,0
0.299686,0
0.299644,0
0.299598,0
0.29955,0
0.299499,0
0.299445,0
0.299389,0
0.29933,0
0.299268,0
0.299204,0
0.299136,0
0.299066,0
0.298994,0
0.298918,0
0.29884,0
0.298759,0
0.298676,0
0.298589,0
0.298501,0
0.298409,0
0.298314,0
0.298217,0
0.298117,0
0.298015,0
0.297909,0
0.297801,0
0.297691,0
0.297577,0
0.297461,0
0.297342,0
0.297221,0
0.297097,0
0.29697,0
0.29684,0
0.296708,0
0.296573,0
0.296435,0
0.296295,0
0.296152,0
0.296006,0
0.295857,0
0.295706,0
0.295552,0
0.295396,0
0.295236,0
0.295074,0
0.29491,0
0.294742,0
0.294573,0
0.2944,0
0.294224,0
0.294047,0
0.293866,0
0.293683,0
0.293496,0
0.293308,0
0.293116,0
0.292922,0
0.292726,0
0.292526,0
0.292324,0
0.29212,0
0.291912,0
0.291702,0
0.29149,0
0.291274,0
0.291056,0
0.290836,0
0.290613,0
0.290386,0
0.290158,0
0.289927,0
0.289693,0
0.289457,0
0.289217,0
0.288975,0
0.288732,0
0.288484,0
0.288235,0
0.287983,0
0.287728,0
0.287471,0
0.28721,0
0.286948,0
0.286682,0
0.286414,0
0.286144,0
0.285871,0
0.285596,0
0.285317,0
0.285036,0
0.284753,0
0.284466,0
0.284178,0
0.283887,0
0.283593,0
0.283296,0
0.282997,0
0.282696,0
0.282392,0
0.282085,0
0.281776,0
0.281464,0
0.28115,0
0.280832,0
0.280514,0
0.280191,0
0.279866,0
0.27954,0
0.279209,0
0.278878,0
0.278543,0
0.278205,0
0.277866,0
0.277523,0
0.277179,0
0.276831,0
0.276481,0
0.276129,0
0.275773,0
0.275417,0
0.275056,0
0.274693,0
0.274329,0
0.273961,0
0.273592,0
0.273219,0
0.272844,0
0.272467,0
0.272087,0
0.271705,0
0.27132,0
0.270932,0
0.270543,0
0.27015,0
0.269756,0
0.269358,0
0.268958,0
0.268557,0
0.268152,0
0.267746,0
0.267336,0
0.266924,0
0.26651,0
0.266093,0
0.265675,0
0.265253,0
0.264829,0
0.264403,0
0.263974,0
0.263544,0
0.26311,0
0.262673,0
0.262236,0
0.261795,0
0.261352,0
0.260906,0
0.260458,0
0.260009,0
0.259556,0
0.259101,0
0.258644,0
0.258184,0
0.257722,0
0.257258,0
0.256792,0
0.256322,0
0.255852,0
0.255378,0
0.254901,0
0.254424,0
0.253943,0
0.253461,0
0.252975,0
0.252487,0
0.251998,0
0.251505,0
0.251012,0
0.250514,0
0.250015,0
0.249515,0
0.249011,0
0.248506,0
0.247997,0
0.247486,0
0.246975,0
0.246459,0
0.245943,0
0.245423,0
0.244901,0
0.244378,0
0.243852,0
0.243325,0
0.242794,0
0.242261,0
0.241727,0
0.241189,0
0.240651,0
0.240109,0
0.239565,0
0.23902,0
0.238472,0
0.237922,0
0.23737,0
0.236815,0
0.236259,0
0.2357,0
0.23514,0
0.234576,0
0.234011,0
0.233444,0
0.232874,0
0.232304,0
0.23173,0
0.231153,0
0.230576,0
0.229996,0
0.229415,0
0.22883,0
0.228243,0
0.227656,0
0.227065,0
0.226474,0
0.225879,0
0.225282,0
0.224684,0
0.224083,0
0.223481,0
0.222876,0
0.222269,0
0.221661,0
0.22105,0
0.220438,0
0.219823,0
0.219205,0
0.218588,0
0.217966,0
0.217345,0
0.216719,0
0.216092,0
0.215464,0
0.214833,0
0.214202,0
0.213566,0
0.212931,0
0.212292,0
0.211651,0
0.21101,0
0.210365,0
0.20972,0
0.209072,0
0.208421,0
0.20777,0
0.207116,0
0.206462,0
0.205804,0
0.205144,0
0.204484,0
0.20382,0
0.203156,0
0.202489,0
0.201819,0
0.20115,0
0.200477,0
0.199804,0
0.199128,0
0.198449,0
0.197771,0
0.197089,0
0.196407,0
0.195722,0
0.195034,0
0.194347,0
0.193656,0
0.192965,0
0.192271,0
0.191575,0
0.190879,0
0.190179,0
0.18948,0
0.188777,0
0.188072,0
0.187367,0
0.186659,0
0.185951,0
0.185239,0
0.184526,0
0.183813,0
0.183096,0
0.18238,0
0.18166,0
0.180938,0
0.180217,0
0.179492,0
0.178767,0
0.178039,0
0.177309,0
0.17658,0
0.175847,0
0.175114,0
0.174378,0
0.17364,0
0.172903,0
0.172162,0
0.171421,0
0.170677,0
0.169931,0
0.169186,0
0.168437,0
0.167689,0
0.166937,0
0.166184,0
0.165431,0
0.164675,0
0.163919,0
0.16316,0
0.162399,0
0.161639,0
0.160875,0
0.160112,0
0.159345,0
0.158579,0
0.157809,0
0.157038,0
0.156268,0
0.155494,0
0.154721,0
0.153944,0
0.153166,0
0.152388,0
0.151607,0
0.150827,0
0.150044,0
0.149259,0
0.148474,0
0.147687,0
0.1469,0
0.146109,0
0.145318,0
0.144527,0
0.143732,0
0.142939,0
0.142142,0
0.141343,0
0.140546,0
0.139745,0
0.138945,0
0.138142,0
0.137337,0
0.136533,0
0.135726,0
0.13492,0
0.13411,0
0.1333,0
0.13249,0
0.131677,0
0.130864,0
0.130049,0
0.129232,0
0.128416,0
0.127597,0
0.126779,0
0.125957,0
0.125135,0
0.124313,0
0.123488,0
0.122664,0
0.121837,0
0.121009,0
0.120182,0
0.119351,0
0.118522,0
0.117689,0
0.116856,0
0.116023,0
0.115187,0
0.114353,0
0.113515,0
0.112676,0
0.111838,0
0.110997,0
0.110158,0
0.109315,0
0.108471,0
0.107628,0
0.106782,0
0.105937,0
0.105089,0
0.104241,0
0.103393,0
0.102542,0
0.101693,0
0.10084,0
0.0999868,0
0.0991348,0
0.0982794,0
0.0974256,0
0.0965684,0
0.0957128,0
0.0948539,0
0.0939941,0
0.093136,0
0.0922744,0
0.0914146,0
0.0905514,0
0.0896874,0
0.0888251,0
0.0879595,0
0.0870956,0
0.0862284,0
0.0853604,0
0.0844941,0
0.0836246,0
0.0827568,0
0.0818857,0
0.0810139,0
0.0801439,0
0.0792706,0
0.0783991,0
0.0775244,0
0.076649,0
0.0757754,0
0.0748986,0
0.0740237,0
0.0731455,0
0.0722667,0
0.0713897,0
0.0705096,0
0.0696314,0
0.06875,0
0.0678679,0
0.0669878,0
0.0661045,0
0.0652232,0
0.0643388,0
0.0634537,0
0.0625707,0
0.0616845,0
0.0608003,0
0.059913,0
0.0590251,0
0.0581393,0
0.0572503,0
0.0563635,0
0.0554735,0
0.0545831,0
0.0536947,0
0.0528032,0
0.0519139,0
0.0510215,0
0.0501286,0
0.0492379,0
0.0483441,0
0.0474525,0
0.0465578,0
0.0456627,0
0.0447699,0
0.043874,0
0.0429803,0
0.0420836,0
0.0411865,0
0.0402917,0
0.0393938,0
0.0384983,0
0.0375998,0
0.0367009,0
0.0358043,0
0.0349048,0
0.0340076,0
0.0331074,0
0.0322069,0
0.0313088,0
0.0304078,0
0.0295091,0
0.0286075,0
0.0277083,0
0.0268062,0
0.0259039,0
0.0250039,0
0.0241011,0
0.0232007,0
0.0222975,0
0.0213941,0
0.0204931,0
0.0195892,0
0.0186879,0
0.0177837,0
0.0168794,0
0.0159775,0
0.0150729,0
0.0141708,0
0.0132659,0
0.0123609,0
0.0114584,0
0.0105532,0
0.00965046,0
0.00874505,0
0.00783956,0
0.00693663,0
0.006031,0
0.00512795,0
0.00422222,0
0.00331645,0
0.00241329,0
0.00150747,0
0.000604271,0
-0.000301567,0
-0.0012074,0
-0.00211059,0
-0.0030164,0
-0.00391954,0
-0.00482529,0
-0.00573099,0
-0.006634,0
-0.00753958,0
-0.00844247,0
-0.00934791,0
-0.0102533,0
-0.0111559,0
-0.0120611,0
-0.0129635,0
-0.0138684,0
-0.0147732,0
-0.0156753,0
-0.0165798,0
-0.0174815,0
-0.0183858,0
-0.0192898,0
-0.020191,0
-0.0210947,0
-0.0219956,0
-0.0228989,0
-0.023802,0
-0.0247023,0
-0.0256049,0
-0.0265047,0
-0.0274069,0
-0.0283088,0
-0.0292078,0
-0.0301092,0
-0.0310077,0
-0.0319086,0
-0.0328091,0
-0.0337068,0
-0.0346067,0
-0.0355037,0
-0.0364031,0
-0.037302,0
-0.0381981,0
-0.0390964,0
-0.0399917,0
-0.0408892,0
-0.0417838,0
-0.0426807,0
-0.0435771,0
-0.0444705,0
-0.0453661,0
-0.0462588,0
-0.0471535,0
-0.0480479,0
-0.0489392,0
-0.0498327,0
-0.0507231,0
-0.0516157,0
-0.0525078,0
-0.0533968,0
-0.054288,0
-0.055176,0
-0.0560661,0
-0.0569558,0
-0.0578423,0
-0.0587309,0
-0.0596163,0
-0.0605038,0
-0.0613908,0
-0.0622746,0
-0.0631604,0
-0.0640431,0
-0.0649277,0
-0.0658118,0
-0.0666927,0
-0.0675756,0
-0.0684553,0
-0.0693369,0
-0.0702179,0
-0.0710957,0
-0.0719754,0
-0.0728519,0
-0.0737303,0
-0.074608,0
-0.0754825,0
-0.0763588,0
-0.077232,0
-0.0781069,0
-0.0789812,0
-0.0798521,0
-0.0807249,0
-0.0815945,0
-0.0824658,0
-0.0833363,0
-0.0842036,0
-0.0850727,0
-0.0859384,0
-0.0868059,0
-0.0876726,0
-0.088536,0
-0.089401,0
-0.0902628,0
-0.0911263,0
-0.0919889,0
-0.0928482,0
-0.0937091,0
-0.0945667,0
-0.0954259,0
-0.0962843,0
-0.0971393,0
-0.0979958,0
-0.0988491,0
-0.0997039,0
-0.100558,0
-0.101408,0
-0.10226,0
-0.103109,0
-0.103959,0
-0.104808,0
-0.105654,0
-0.106502,0
-0.107345,0
-0.108191,0
-0.109033,0
-0.109876,0
-0.110719,0
-0.111557,0
-0.112398,0
-0.113235,0
-0.114073,0
-0.11491,0
-0.115744,0
-0.116579,0
-0.117411,0
-0.118244,0
-0.119076,0
-0.119904,0
-0.120734,0
-0.121561,0
-0.122388,0
-0.123215,0
-0.124038,0
-0.124862,0
-0.125682,0
-0.126504,0
-0.127325,0
-0.128142,0
-0.128961,0
-0.129776,0
-0.130592,0
-0.131407,0
-0.132218,0
-0.133031,0
-0.13384,0
-0.13465,0
-0.135459,0
-0.136264,0
-0.13707,0
-0.137873,0
-0.138677,0
-0.13948,0
-0.140279,0
-0.141079,0
-0.141875,0
-0.142673,0
-0.143469,0
-0.144261,0
-0.145055,0
-0.145845,0
-0.146636,0
-0.147425,0
-0.148211,0
-0.148998,0
-0.149781,0
-0.150566,0
-0.151348,0
-0.152128,0
-0.152908,0
-0.153684,0
-0.154461,0
-0.155237,0
-0.156009,0
-0.156782,0
-0.157552,0
-0.158322,0
-0.159091,0
-0.159856,0
-0.160621,0
-0.161383,0
-0.162146,0
-0.162908,0
-0.163665,0
-0.164424,0
-0.165179,0
-0.165934,0
-0.166686,0
-0.167438,0
-0.168189,0
-0.168936,0
-0.169684,0
-0.170428,0
-0.171173,0
-0.171916,0
-0.172655,0
-0.173395,0
-0.174131,0
-0.174868,0
-0.175604,0
-0.176335,0
-0.177067,0
-0.177795,0
-0.178524,0
-0.179251,0
-0.179975,0
-0.180699,0
-0.181419,0
-0.182139,0
-0.182858,0
-0.183574,0
-0.184289,0
-0.185001,0
-0.185713,0
-0.186424,0
-0.187131,0
-0.187838,0
-0.188541,0
-0.189245,0
-0.189947,0
-0.190645,0
-0.191344,0
-0.192039,0
-0.192734,0
-0.193427,0
-0.194116,0
-0.194806,0
-0.195492,0
-0.196178,0
-0.196863,0
-0.197543,0
-0.198224,0
-0.198901,0
-0.199579,0
-0.200254,0
-0.200926,0
-0.201597,0
-0.202265,0
-0.202933,0
-0.2036,0
-0.204262,0
-0.204924,0
-0.205583,0
-0.206242,0
-0.206899,0
-0.207552,0
-0.208205,0
-0.208854,0
-0.209504,0
-0.210151,0
-0.210795,0
-0.211438,0
-0.212078,0
-0.212718,0
-0.213356,0
-0.21399,0
-0.214623,0
-0.215254,0
-0.215884,0
-0.216512,0
-0.217136,0
-0.21776,0
-0.21838,0
-0.219,0
-0.219617,0
-0.220233,0
-0.220847,0
-0.221457,0
-0.222067,0
-0.222673,0
-0.223279,0
-0.223883,0
-0.224484,0
-0.225083,0
-0.22568,0
-0.226275,0
-0.226869,0
-0.227459,0
-0.228049,0
-0.228634,0
-0.22922,0
-0.229803,0
-0.230383,0
-0.230962,0
-0.231537,0
-0.232112,0
-0.232685,0
-0.233254,0
-0.233823,0
-0.234387,0
-0.234952,0
-0.235514,0
-0.236072,0
-0.23663,0
-0.237184,0
-0.237738,0
-0.238289,0
-0.238837,0
-0.239384,0
-0.239927,0
-0.24047,0
-0.241011,0
-0.241547,0
-0.242083,0
-0.242616,0
-0.243148,0
-0.243677,0
-0.244203,0
-0.244728,0
-0.245249,0
-0.24577,0
-0.246288,0
-0.246803,0
-0.247316,0
-0.247827,0
-0.248336,0
-0.248843,0
-0.249346,0
-0.249849,0
-0.250348,0
-0.250846,0
-0.251341,0
-0.251833,0
-0.252325,0
-0.252812,0
-0.253298,0
-0.253783,0
-0.254263,0
-0.254743,0
-0.255219,0
-0.255694,0
-0.256166,0
-0.256635,0
-0.257103,0
-0.257567,0
-0.258031,0
-0.258492,0
-0.258949,0
-0.259405,0
-0.259857,0
-0.260309,0
-0.260757,0
-0.261203,0
-0.261648,0
-0.262089,0
-0.262528,0
-0.262964,0
-0.263399,0
-0.263831,0
-0.26426,0
-0.264688,0
-0.265111,0
-0.265534,0
-0.265955,0
-0.266371,0
-0.266787,0
-0.267199,0
-0.267609,0
-0.268017,0
-0.268422,0
-0.268825,0
-0.269225,0
-0.269623,0
-0.270019,0
-0.270412,0
-0.270803,0
-0.27119,0
-0.271576,0
-0.27196,0
-0.27234,0
-0.272719,0
-0.273094,0
-0.273468,0
-0.273839,0
-0.274206,0
-0.274573,0
-0.274935,0
-0.275296,0
-0.275655,0
-0.27601,0
-0.276364,0
-0.276714,0
-0.277063,0
-0.277409,0
-0.277752,0
-0.278093,0
-0.27843,0
-0.278766,0
-0.2791,0
-0.27943,0
-0.279758,0
-0.280083,0
-0.280406,0
-0.280727,0
-0.281044,0
-0.28136,0
-0.281672,0
-0.281982,0
-0.28229,0
-0.282595,0
-0.282897,0
-0.283197,0
-0.283494,0
-0.283789,0
-0.284081,0
-0.284371,0
-0.284657,0
-0.284942,0
-0.285224,0
-0.285503,0
-0.28578,0
-0.286053,0
-0.286325,0
-0.286594,0
-0.286859,0
-0.287123,0
-0.287384,0
-0.287642,0
-0.287898,0
-0.288151,0
-0.288402,0
-0.288649,0
-0.288895,0
-0.289137,0
-0.289377,0
-0.289615,0
-0.289849,0
-0.290081,0
-0.29031,0
-0.290537,0
-0.290762,0
-0.290983,0
-0.291202,0
-0.291418,0
-0.291632,0
-0.291843,0
-0.292051,0
-0.292256,0
-0.292459,0
-0.292659,0
-0.292857,0
-0.293052,0
-0.293244,0
-0.293434,0
-0.293621,0
-0.293805,0
-0.293986,0
-0.294166,0
-0.294342,0
-0.294515,0
-0.294686,0
-0.294854,0
-0.29502,0
-0.295183,0
-0.295343,0
-0.295501,0
-0.295655,0
-0.295807,0
-0.295956,0
-0.296103,0
-0.296247,0
-0.296389,0
-0.296527,0
-0.296663,0
-0.296796,0
-0.296927,0
-0.297055,0
-0.29718,0
-0.297302,0
-0.297422,0
-0.297539,0
-0.297653,0
-0.297765,0
-0.297874,0
-0.29798,0
-0.298084,0
-0.298184,0
-0.298282,0
-0.298377,0
-0.29847,0
-0.29856,0
-0.298647,0
-0.298732,0
-0.298813,0
-0.298892,0
-0.298969,0
-0.299042,0
-0.299113,0
-0.299181,0
-0.299247,0
-0.29931,0
-0.29937,0
-0.299427,0
-0.299481,0
-0.299533,0
-0.299582,0
-0.299629,0
-0.299672,0
-0.299713,0
-0.299751,0
-0.299787,0
-0.29982,0
-0.29985,0
-0.299877,0
-0.299901,0
-0.299923,0
-0.299942,0
-0.299959,0
-0.299972,0
-0.299983,0
-0.299991,0
-0.299997,0
-0.3,0
-0.3,0
-0.299997,0
-0.299991,0
-0.299983,0
-0.299972,0
-0.299959,0
-0.299942,0
-0.299923,0
-0.299901,0
-0.299877,0
-0.29985,0
-0.29982,0
-0.299787,0
-0.299751,0
-0.299713,0
-0.299672,0
-0.299629,0
-0.299582,0
-0.299533,0
-0.299481,0
-0.299427,0
-0.29937,0
-0.29931,0
-0.299247,0
-0.299181,0
-0.299113,0
-0.299042,0
-0.298969,0
-0.298892,0
-0.298813,0
-0.298732,0
-0.298647,0
-0.29856,0
-0.29847,0
-0.298377,0
-0.298282,0
-0.298184,0
-0.298084,0
-0.29798,0
-0.297874,0
-0.297765,0
-0.297653,0
-0.297539,0
-0.297422,0
-0.297302,0
-0.29718,0
-0.297055,0
-0.296927,0
-0.296796,0
-0.296663,0
-0.296527,0
-0.296389,0
-0.296247,0
-0.296103,0
-0.295956,0
-0.295807,0
-0.295655,0
-0.2955,0
-0.295343,0
-0.295183,0
-0.29502,0
-0.294854,0
-0.294686,0
-0.294515,0
-0.294342,0
-0.294166,0
-0.293986,0
-0.293805,0
-0.293621,0
-0.293434,0
-0.293244,0
-0.293052,0
-0.292857,0
-0.292659,0
-0.292459,0
-0.292256,0
-0.292051,0
-0.291843,0
-0.291631,0
-0.291418,0
-0.291202,0
-0.290983,0
-0.290762,0
-0.290537,0
-0.290311,0
-0.290081,0
-0.289849,0
-0.289615,0
-0.289377,0
-0.289138,0
-0.288895,0
-0.288649,0
-0.288402,0
-0.288151,0
-0.287898,0
-0.287642,0
-0.287384,0
-0.287123,0
-0.286859,0
-0.286594,0
-0.286325,0
-0.286053,0
-0.285779,0
-0.285503,0
-0.285224,0
-0.284942,0
-0.284657,0
-0.284371,0
-0.284081,0
-0.283789,0
-0.283494,0
-0.283197,0
-0.282897,0
-0.282595,0
-0.28229,0
-0.281982,0
-0.281672,0
-0.28136,0
-0.281044,0
-0.280727,0
-0.280406,0
-0.280083,0
-0.279758,0
-0.279429,0
-0.279099,0
-0.278766,0
-0.27843,0
-0.278092,0
-0.277751,0
-0.277409,0
-0.277063,0
-0.276714,0
-0.276364,0
-0.27601,0
-0.275655,0
-0.275296,0
-0.274936,0
-0.274572,0
-0.274206,0
-0.273839,0
-0.273467,0
-0.273095,0
-0.272719,0
-0.27234,0
-0.27196,0
-0.271576,0
-0.271191,0
-0.270803,0
-0.270412,0
-0.270019,0
-0.269623,0
-0.269226,0
-0.268825,0
-0.268422,0
-0.268017,0
-0.267609,0
-0.2672,0
-0.266787,0
-0.266371,0
-0.265954,0
-0.265534,0
-0.265113,0
-0.264687,0
-0.26426,0
-0.263831,0
-0.263399,0
-0.262965,0
-0.262528,0
-0.262088,0
-0.261648,0
-0.261203,0
-0.260758,0
-0.260309,0
-0.259857,0
-0.259405,0
-0.258949,0
-0.258491,0
-0.25803,0
-0.257567,0
-0.257103,0
-0.256635,0
-0.256166,0
-0.255693,0
-0.255219,0
-0.254743,0
-0.254263,0
-0.253783,0
-0.253298,0
-0.252812,0
-0.252324,0
-0.251833,0
-0.251341,0
-0.250846,0
-0.250348,0
-0.249849,0
-0.249346,0
-0.248843,0
-0.248336,0
-0.247826,0
-0.247316,0
-0.246802,0
-0.246288,0
-0.24577,0
-0.245249,0
-0.244728,0
-0.244203,0
-0.243677,0
-0.243147,0
-0.242616,0
-0.242083,0
-0.241547,0
-0.24101,0
-0.24047,0
-0.239929,0
-0.239384,0
-0.238837,0
-0.238289,0
-0.237738,0
-0.237186,0
-0.23663,0
-0.236072,0
-0.235514,0
-0.234952,0
-0.234389,0
-0.233822,0
-0.233254,0
-0.232685,0
-0.232112,0
-0.231539,0
-0.230962,0
-0.230383,0
-0.229803,0
-0.22922,0
-0.228636,0
-0.228048,0
-0.227459,0
-0.226869,0
-0.226275,0
-0.225681,0
-0.225083,0
-0.224483,0
-0.223883,0
-0.223279,0
-0.222675,0
-0.222067,0
-0.221457,0
-0.220847,0
-0.220232,0
-0.219618,0
-0.219,0
-0.21838,0
-0.21776,0
-0.217136,0
-0.216511,0
-0.215883,0
-0.215253,0
-0.214623,0
-0.213989,0
-0.213355,0
-0.212718,0
-0.212078,0
-0.211438,0
-0.210795,0
-0.210151,0
-0.209504,0
-0.208854,0
-0.208205,0
-0.207552,0
-0.206899,0
-0.206242,0
-0.205583,0
-0.204924,0
-0.204262,0
-0.203599,0
-0.202933,0
-0.202265,0
-0.201597,0
-0.200925,0
-0.200254,0
-0.199578,0
-0.198901,0
-0.198224,0
-0.197543,0
-0.196863,0
-0.196178,0
-0.195492,0
-0.194806,0
-0.194116,0
-0.193427,0
-0.192733,0
-0.19204,0
-0.191344,0
-0.190645,0
-0.189947,0
-0.189245,0
-0.188543,0
-0.187838,0
-0.18713,0
-0.186424,0
-0.185713,0
-0.185003,0
-0.184289,0
-0.183573,0
-0.182858,0
-0.182139,0
-0.181421,0
-0.180698,0
-0.179975,0
-0.179251,0
-0.178524,0
-0.177797,0
-0.177067,0
-0.176335,0
-0.175603,0
-0.174868,0
-0.174133,0
-0.173395,0
-0.172655,0
-0.171916,0
-0.171172,0
-0.17043,0
-0.169684,0
-0.168936,0
-0.168189,0
-0.167438,0
-0.166688,0
-0.165934,0
-0.165178,0
-0.164424,0
-0.163665,0
-0.162907,0
-0.162146,0
-0.161383,0
-0.160621,0
-0.159855,0
-0.15909,0
-0.158322,0
-0.157551,0
-0.156782,0
-0.156009,0
-0.155237,0
-0.154461,0
-0.153684,0
-0.152907,0
-0.152127,0
-0.151348,0
-0.150565,0
-0.149781,0
-0.148998,0
-0.148211,0
-0.147425,0
-0.146636,0
-0.145845,0
-0.145055,0
-0.144261,0
-0.143469,0
-0.142672,0
-0.141875,0
-0.141078,0
-0.140278,0
-0.139479,0
-0.138677,0
-0.137875,0
-0.13707,0
-0.136264,0
-0.135458,0
-0.134649,0
-0.133842,0
-0.13303,0
-0.132218,0
-0.131407,0
-0.130592,0
-0.129778,0
-0.128961,0
-0.128142,0
-0.127325,0
-0.126504,0
-0.125685,0
-0.124862,0
-0.124037,0
-0.123214,0
-0.122388,0
-0.121563,0
-0.120734,0
-0.119904,0
-0.119076,0
-0.118244,0
-0.117413,0
-0.116579,0
-0.115744,0
-0.11491,0
-0.114073,0
-0.113237,0
-0.112398,0
-0.111557,0
-0.110718,0
-0.109876,0
-0.109035,0
-0.108191,0
-0.107345,0
-0.106501,0
-0.105654,0
-0.104808,0
-0.103959,0
-0.103109,0
-0.10226,0
-0.101408,0
-0.100557,0
-0.0997036,0
-0.0988488,0
-0.0979956,0
-0.097139,0
-0.096284,0
-0.0954257,0
-0.0945664,0
-0.0937088,0
-0.0928479,0
-0.0919886,0
-0.091126,0
-0.0902625,0
-0.0894008,0
-0.0885357,0
-0.0876723,0
-0.0868056,0
-0.0859381,0
-0.0850724,0
-0.0842034,0
-0.0833361,0
-0.0824655,0
-0.0815942,0
-0.0807247,0
-0.0798519,0
-0.0789809,0
-0.0781066,0
-0.0772317,0
-0.0763586,0
-0.0754822,0
-0.0746077,0
-0.07373,0
-0.0728542,0
-0.0719751,0
-0.0710954,0
-0.0702176,0
-0.0693366,0
-0.0684576,0
-0.0675753,0
-0.0666924,0
-0.0658115,0
-0.0649275,0
-0.0640454,0
-0.0631601,0
-0.0622743,0
-0.0613905,0
-0.0605036,0
-0.0596186,0
-0.0587306,0
-0.057842,0
-0.0569555,0
-0.0560659,0
-0.0551783,0
-0.0542877,0
-0.0533966,0
-0.0525075,0
-0.0516154,0
-0.0507255,0
-0.0498324,0
-0.048939,0
-0.0480476,0
-0.0471533,0
-0.0462611,0
-0.0453659,0
-0.0444702,0
-0.0435768,0
-0.0426804,0
-0.0417862,0
-0.040889,0
-0.0399914,0
-0.0390961,0
-0.0381978,0
-0.0373018,0
-0.0364028,0
-0.0355035,0
-0.0346065,0
-0.0337065,0
-0.0328089,0
-0.0319083,0
-0.0310075,0
-0.030109,0
-0.0292076,0
-0.0283085,0
-0.0274066,0
-0.0265044,0
-0.0256046,0
-0.024702,0
-0.0238017,0
-0.0228986,0
-0.0219953,0
-0.0210945,0
-0.0201908,0
-0.0192895,0
-0.0183855,0
-0.0174813,0
-0.0165795,0
-0.015675,0
-0.0147729,0
-0.0138681,0
-0.0129632,0
-0.0120608,0
-0.0111556,0
-0.010253,0
-0.00934764,0
-0.0084422,0
-0.00753931,0
-0.00663373,0
-0.00573071,0
-0.00482501,0
-0.0039219,0
-0.00301613,0
-0.00211032,0
-0.00120713,0
-0.000301293,0
0.000601912,0
0.00150775,0
0.00241356,0
0.00331673,0
0.0042225,0
0.00512559,0
0.00603127,0
0.0069369,0
0.00783983,0
0.00874532,0
0.0096481,0
0.0105534,0
0.0114587,0
0.0123612,0
0.0132662,0
0.0141684,0
0.0150732,0
0.0159778,0
0.0168797,0
0.017784,0
0.0186855,0
0.0195895,0
0.0204933,0
0.0213943,0
0.0222978,0
0.0231984,0
0.0241014,0
0.0250042,0
0.0259041,0
0.0268065,0
0.0277059,0
0.0286078,0
0.0295094,0
0.0304081,0
0.0313091,0
0.0322072,0
0.0331077,0
0.0340078,0
0.0349051,0
0.0358046,0
0.0367012,0
0.0376,0
0.0384986,0
0.0393941,0
0.0402919,0
0.0411868,0
0.0420838,0
0.0429805,0
0.0438742,0
0.0447701,0
0.045663,0
0.0465581,0
0.0474527,0
0.0483444,0
0.0492381,0
0.0501289,0
0.0510217,0
0.0519141,0
0.0528035,0
0.0536949,0
0.0545833,0
0.0554738,0
0.0563638,0
0.0572506,0
0.0581395,0
0.0590254,0
0.0599132,0
0.0608005,0
0.0616847,0
0.0625709,0
0.063454,0
0.064339,0
0.0652209,0
0.0661048,0
0.0669881,0
0.0678682,0
0.0687502,0
0.0696291,0
0.0705099,0
0.07139,0
0.0722669,0
0.0731458,0
0.0740214,0
0.0748989,0
0.0757757,0
0.0766493,0
0.0775247,0
0.0783969,0
0.0792709,0
0.0801441,0
0.0810142,0
0.081886,0
0.0827545,0
0.0836248,0
0.0844944,0
0.0853606,0
0.0862286,0
0.0870933,0
0.0879598,0
0.0888254,0
0.0896877,0
0.0905517,0
0.0914124,0
0.0922747,0
0.0931362,0
0.0939944,0
0.0948542,0
0.0957106,0
0.0965687,0
0.0974259,0
0.0982797,0
0.0991351,0
0.0999871,0
0.100841,0
0.101693,0
0.102543,0
0.103393,0
0.104241,0
0.10509,0
0.105938,0
0.106782,0
0.107628,0
0.108471,0
0.109315,0
0.110158,0
0.110998,0
0.111839,0
0.112676,0
0.113515,0
0.114353,0
0.115188,0
0.116024,0
0.116856,0
0.11769,0
0.118522,0
0.119352,0
0.120182,0
0.121009,0
0.121837,0
0.122665,0
0.123488,0
0.124313,0
0.125135,0
0.125958,0
0.126779,0
0.127597,0
0.128416,0
0.129232,0
0.130049,0
0.130862,0
0.131677,0
0.13249,0
0.1333,0
0.134111,0
0.134918,0
0.135726,0
0.136534,0
0.137337,0
0.138142,0
0.138943,0
0.139745,0
0.140546,0
0.141344,0
0.142142,0
0.142937,0
0.143732,0
0.144527,0
0.145318,0
0.14611,0
0.146898,0
0.147687,0
0.148475,0
0.149259,0
0.150044,0
0.150825,0
0.151608,0
0.152389,0
0.153166,0
0.153944,0
0.154719,0
0.155494,0
0.156268,0
0.157038,0
0.157809,0
0.158577,0
0.159345,0
0.160112,0
0.160875,0
0.161639,0
0.162399,0
0.16316,0
0.163919,0
0.164675,0
0.165431,0
0.166184,0
0.166937,0
0.167689,0
0.168438,0
0.169186,0
0.169931,0
0.170677,0
0.171421,0
0.172162,0
0.172903,0
0.17364,0
0.174378,0
0.175114,0
0.175847,0
0.17658,0
0.177309,0
0.178039,0
0.178768,0
0.179492,0
0.180217,0
0.180938,0
0.18166,0
0.18238,0
0.183096,0
0.183813,0
0.184526,0
0.185239,0
0.185951,0
0.186659,0
0.187367,0
0.188072,0
0.188777,0
0.189478,0
0.190179,0
0.190879,0
0.191575,0
0.192271,0
0.192964,0
0.193656,0
0.194347,0
0.195034,0
0.195722,0
0.196406,0
0.197089,0
0.197771,0
0.19845,0
0.199128,0
0.199803,0
0.200477,0
0.20115,0
0.20182,0
0.202489,0
0.203154,0
0.20382,0
0.204484,0
0.205144,0
0.205804,0
0.20646,0
0.207116,0
0.207771,0
0.208421,0
0.209072,0
0.209719,0
0.210365,0
0.21101,0
0.211651,0
0.212292,0
0.21293,0
0.213567,0
0.214202,0
0.214833,0
0.215465,0
0.216092,0
0.216719,0
0.217345,0
0.217966,0
0.218588,0
0.219205,0
0.219823,0
0.220438,0
0.22105,0
0.221661,0
0.222269,0
0.222876,0
0.223482,0
0.224083,0
0.224684,0
0.225282,0
0.225879,0
0.226474,0
0.227065,0
0.227656,0
0.228244,0
0.22883,0
0.229415,0
0.229996,0
0.230577,0
0.231153,0
0.23173,0
0.232304,0
0.232874,0
0.233444,0
0.234011,0
0.234576,0
0.23514,0
0.2357,0
0.236259,0
0.236815,0
0.23737,0
0.237921,0
0.238472,0
0.23902,0
0.239565,0
0.240109,0
0.24065,0
0.241189,0
0.241727,0
0.242261,0
0.242794,0
0.243323,0
0.243852,0
0.244379,0
0.244901,0
0.245423,0
0.245942,0
0.246459,0
0.246975,0
0.247486,0
0.247997,0
0.248504,0
0.249011,0
0.249515,0
0.250015,0
0.250515,0
0.25101,0
0.251505,0
0.251998,0
0.252487,0
0.252975,0
0.253459,0
0.253943,0
0.254424,0
0.254901,0
0.255378,0
0.255851,0
0.256322,0
0.256792,0
0.257258,0
0.257723,0
0.258184,0
0.258644,0
0.259102,0
0.259556,0
0.260009,0
0.260458,0
0.260906,0
0.261352,0
0.261795,0
0.262236,0
0.262673,0
0.26311,0
0.263544,0
0.263974,0
0.264403,0
0.264829,0
0.265253,0
0.265675,0
0.266093,0
0.266511,0
0.266924,0
0.267336,0
0.267746,0
0.268152,0
0.268557,0
0.268959,0
0.269359,0
0.269756,0
0.27015,0
0.270543,0
0.270932,0
0.27132,0
0.271705,0
0.272087,0
0.272467,0
0.272844,0
0.273219,0
0.273591,0
0.273961,0
0.274329,0
0.274693,0
0.275056,0
0.275416,0
0.275774,0
0.276129,0
0.276481,0
0.276831,0
0.277178,0
0.277523,0
0.277866,0
0.278205,0
0.278543,0
0.278877,0
0.27921,0
0.27954,0
0.279866,0
0.280191,0
0.280513,0
0.280833,0
0.28115,0
0.281464,0
0.281776,0
0.282085,0
0.282392,0
0.282696,0
0.282997,0
0.283297,0
0.283592,0
0.283887,0
0.284178,0
0.284466,0
0.284753,0
0.285036,0
0.285317,0
0.285596,0
0.285871,0
0.286144,0
0.286414,0
0.286682,0
0.286948,0
0.28721,0
0.287471,0
0.287728,0
0.287983,0
0.288235,0
0.288484,0
0.288732,0
0.288976,0
0.289218,0
0.289457,0
0.289693,0
0.289927,0
0.290158,0
0.290387,0
0.290613,0
0.290836,0
0.291056,0
0.291274,0
0.29149,0
0.291702,0
0.291912,0
0.29212,0
0.292324,0
0.292526,0
0.292726,0
0.292922,0
0.293117,0
0.293308,0
0.293496,0
0.293683,0
0.293866,0
0.294047,0
0.294224,0
0.2944,0
0.294572,0
0.294742,0
0.29491,0
0.295074,0
0.295236,0
0.295395,0
0.295552,0
0.295706,0
0.295857,0
0.296006,0
0.296151,0
0.296295,0
0.296435,0
0.296573,0
0.296708,0
0.29684,0
0.29697,0
0.297097,0
0.297221,0
0.297343,0
0.297461,0
0.297577,0
0.297691,0
0.297801,0
0.297909,0
0.298015,0
0.298117,0
0.298217,0
0.298314,0
0.298409,0
0.2985,0
0.298589,0
0.298676,0
0.298759,0
0.29884,0
0.298918,0
0.298994,0
0.299066,0
0.299136,0
0.299204,0
0.299268,0
0.29933,0
0.299389,0
0.299445,0
0.299499,0
0.29955,0
0.299598,0
0.299644,0
0.299686,0
0.299726,0
0.299763,0
0.299798,0
0.29983,0
0.299859,0
0.299885,0
0.299909,0
0.29993,0
0.299948,0
0.299964,0
0.299976,0
0.299986,0
0.299994,0
0.299998,0
0.3,0
0.299999,0
0.299995,0
0.299989,0
0.29998,0
0.299968,0
0.299954,0
0.299936,0
0.299916,0
0.299894,0
0.299868,0
0.29984,0
0.299809,0
0.299775,0
0.299739,0
0.2997,0
0.299658,0
0.299614,0
0.299566,0
0.299516,0
0.299463,0
0.299408,0
0.29935,0
0.299289,0
0.299225,0
0.299159,0
0.29909,0
0.299018,0
0.298944,0
0.298867,0
0.298787,0
0.298704,0
0.298619,0
0.29853,0
0.29844,0
0.298346,0
0.29825,0
0.298151,0
0.298049,0
0.297945,0
0.297838,0
0.297728,0
0.297616,0
0.2975,0
0.297383,0
0.297262,0
0.297138,0
0.297012,0
0.296884,0
0.296752,0
0.296618,0
0.296481,0
0.296342,0
0.2962,0
0.296055,0
0.295907,0
0.295757,0
0.295604,0
0.295448,0
0.29529,0
0.295129,0
0.294965,0
0.294799,0
0.294629,0
0.294458,0
0.294283,0
0.294106,0
0.293926,0
0.293744,0
0.293559,0
0.293371,0
0.29318,0
0.292987,0
0.292791,0
0.292593,0
0.292392,0
0.292188,0
0.291982,0
0.291772,0
0.291561,0
0.291346,0
0.291129,0
0.29091,0
0.290687,0
0.290462,0
0.290234,0
0.290005,0
0.289771,0
0.289535,0
0.289298,0
0.289057,0
0.288814,0
0.288567,0
0.288318,0
0.288067,0
0.287813,0
0.287557,0
0.287297,0
0.287035,0
0.286771,0
0.286504,0
0.286235,0
0.285962,0
0.285687,0
0.28541,0
0.28513,0
0.284848,0
0.284562,0
0.284274,0
0.283984,0
0.283691,0
0.283396,0
0.283097,0
0.282796,0
0.282494,0
0.282187,0
0.28188,0
0.281568,0
0.281254,0
0.280939,0
0.28062,0
0.280299,0
0.279975,0
0.279648,0
0.27932,0
0.278988,0
0.278655,0
0.278318,0
0.277979,0
0.277638,0
0.277293,0
0.276947,0
0.276598,0
0.276246,0
0.275892,0
0.275535,0
0.275177,0
0.274815,0
0.27445,0
0.274084,0
0.273715,0
0.273344,0
0.272969,0
0.272592,0
0.272214,0
0.271832,0
0.271449,0
0.271062,0
0.270672,0
0.270281,0
0.269887,0
0.269492,0
0.269092,0
0.268691,0
0.268288,0
0.267881,0
0.267473,0
0.267062,0
0.266648,0
0.266233,0
0.265814,0
0.265394,0
0.264971,0
0.264546,0
0.264118,0
0.263687,0
0.263255,0
0.262819,0
0.262382,0
0.261942,0
0.261499,0
0.261055,0
0.260608,0
0.260159,0
0.259707,0
0.259253,0
0.258797,0
0.258337,0
0.257877,0
0.257413,0
0.256947,0
0.256479,0
0.256008,0
0.255536,0
0.255061,0
0.254582,0
0.254104,0
0.253621,0
0.253137,0
0.25265,0
0.25216,0
0.25167,0
0.251176,0
0.250681,0
0.250182,0
0.249681,0
0.249179,0
0.248674,0
0.248167,0
0.247657,0
0.247145,0
0.246632,0
0.246115,0
0.245597,0
0.245076,0
0.244552,0
0.244028,0
0.2435,0
0.242971,0
0.242439,0
0.241904,0
0.241369,0
0.24083,0
0.24029,0
0.239747,0
0.239201,0
0.238655,0
0.238105,0
0.237555,0
0.237,0
0.236444,0
0.235887,0
0.235326,0
0.234765,0
0.2342,0
0.233633,0
0.233065,0
0.232493,0
0.231922,0
0.231346,0
0.230768,0
0.23019,0
0.229608,0
0.229026,0
0.22844,0
0.227851,0
0.227263,0
0.226671,0
0.226078,0
0.225481,0
0.224885,0
0.224284,0
0.223681,0
0.223078,0
0.222472,0
0.221865,0
0.221254,0
0.220641,0
0.220028,0
0.219412,0
0.218795,0
0.218174,0
0.217551,0
0.216928,0
0.216302,0
0.215675,0
0.215044,0
0.214411,0
0.213779,0
0.213142,0
0.212506,0
0.211865,0
0.211223,0
0.210581,0
0.209935,0
0.209288,0
0.208638,0
0.207987,0
0.207335,0
0.206679,0
0.206024,0
0.205364,0
0.204703,0
0.204042,0
0.203377,0
0.202712,0
0.202043,0
0.201373,0
0.200702,0
0.200028,0
0.199354,0
0.198676,0
0.197997,0
0.197317,0
0.196634,0
0.195951,0
0.195264,0
0.194575,0
0.193887,0
0.193195,0
0.192503,0
0.191807,0
0.19111,0
0.190413,0
0.189712,0
0.189012,0
0.188307,0
0.187601,0
0.186896,0
0.186186,0
0.185477,0
0.184764,0
0.18405,0
0.183336,0
0.182618,0
0.1819,0
0.181179,0
0.180457,0
0.179734,0
0.179008,0
0.178282,0
0.177553,0
0.176822,0
0.176092,0
0.175358,0
0.174624,0
0.173887,0
0.17315,0
0.172409,0
0.171667,0
0.170926,0
0.17018,0
0.169436,0
0.168688,0
0.167938,0
0.167189,0
0.166436,0
0.165683,0
0.164927,0
0.16417,0
0.163413,0
0.162653,0
0.161893,0
0.16113,0
0.160365,0
0.159601,0
0.158833,0
0.158066,0
0.157296,0
0.156524,0
0.155752,0
0.154978,0
0.154204,0
0.153426,0
0.152647,0
0.151868,0
0.151087,0
0.150306,0
0.149521,0
0.148735,0
0.14795,0
0.147161,0
0.146373,0
0.145582,0
0.144789,0
0.143998,0
0.143202,0
0.142408,0
0.14161,0
0.140811,0
0.140013,0
0.139211,0
0.13841,0
0.137606,0
0.1368,0
0.135996,0
0.135188,0
0.134381,0
0.133571,0
0.132759,0
0.131948,0
0.131134,0
0.130321,0
0.129505,0
0.128687,0
0.127871,0
0.127051,0
0.126232,0
0.125409,0
0.124586,0
0.123764,0
0.122938,0
0.122114,0
0.121286,0
0.120457,0
0.119629,0
0.118798,0
0.117968,0
0.117134,0
0.1163,0
0.115467,0
0.11463,0
0.113795,0
0.112956,0
0.112119,0
0.111278,0
0.110437,0
0.109596,0
0.108753,0
0.10791,0
0.107065,0
0.106218,0
0.105373,0
0.104524,0
0.103677,0
0.102827,0
0.101975,0
0.101125,0
0.100272,0
0.0994203,0
0.0985652,0
0.0977092,0
0.0968548,0
0.095997,0
0.0951409,0
0.0942813,0
0.093421,0
0.0925623,0
0.0917002,0
0.0908398,0
0.0899761,0
0.0891115,0
0.0882487,0
0.0873825,0
0.0865181,0
0.0856503,0
0.0847818,0
0.083915,0
0.083045,0
0.0821767,0
0.0813051,0
0.0804328,0
0.0795623,0
0.0786886,0
0.0778166,0
0.0769414,0
0.0760655,0
0.0751915,0
0.0743142,0
0.0734389,0
0.0725602,0
0.071681,0
0.0708036,0
0.069923,0
0.0690444,0
0.0681625,0
0.0672801,0
0.0663996,0
0.0655159,0
0.0646342,0
0.0637494,0
0.0628639,0
0.0619805,0
0.0610939,0
0.0602093,0
0.0593217,0
0.0584334,0
0.0575473,0
0.056658,0
0.0557708,0
0.0548805,0
0.0539897,0
0.053101,0
0.0522092,0
0.0513196,0
0.0504268,0
0.0495337,0
0.0486426,0
0.0477485,0
0.0468566,0
0.0459617,0
0.045069,0
0.0441732,0
0.043277,0
0.0423831,0
0.0414861,0
0.0405914,0
0.0396937,0
0.0387957,0
0.0378999,0
0.0370011,0
0.0361046,0
0.0352052,0
0.0343055,0
0.033408,0
0.0325077,0
0.0316097,0
0.0307087,0
0.0298075,0
0.0289086,0
0.0280069,0
0.0271075,0
0.0262052,0
0.0253027,0
0.0244026,0
0.0234997,0
0.0225992,0
0.0216958,0
0.0207922,0
0.0198911,0
0.0189872,0
0.0180857,0
0.0171814,0
0.016277,0
0.015375,0
0.0144703,0
0.0135681,0
0.0126631,0
0.011758,0
0.0108555,0
0.00995018,0
0.00904743,0
0.00814197,0
0.00723642,0
0.00633345,0
0.00542779,0
0.0045247,0
0.00361895,0
0.00271316,0
0.00180998,0
0.000904152,0
9.47971e-07,0
-0.00090489,0
-0.00181072,0
-0.0027139,0
-0.00361969,0
-0.00452281,0
-0.00542852,0
-0.00633419,0
-0.00723716,0
-0.0081427,0
-0.00904554,0
-0.00995092,0
-0.0108562,0
-0.0117588,0
-0.0126639,0
-0.0135662,0
-0.0144711,0
-0.0153758,0
-0.0162777,0
-0.0171822,0
-0.0180838,0
-0.0189879,0
-0.0198918,0
-0.020793,0
-0.0216965,0
-0.0225973,0
-0.0235004,0
-0.0244008,0
-0.0253035,0
-0.026206,0
-0.0271056,0
-0.0280076,0
-0.0289067,0
-0.0298082,0
-0.0307095,0
-0.0316078,0
-0.0325084,0
-0.0334062,0
-0.0343062,0
-0.035206,0
-0.0361028,0
-0.0370019,0
-0.037898,0
-0.0387964,0
-0.0396945,0
-0.0405895,0
-0.0414869,0
-0.0423812,0
-0.0432778,0
-0.0441739,0
-0.0450671,0
-0.0459624,0
-0.0468548,0
-0.0477493,0
-0.0486433,0
-0.0495344,0
-0.0504276,0
-0.0513177,0
-0.0522099,0
-0.0531017,0
-0.0539904,0
-0.0548812,0
-0.0557689,0
-0.0566587,0
-0.057548,0
-0.0584342,0
-0.0593224,0
-0.0602075,0
-0.0610946,0
-0.0619812,0
-0.0628646,0
-0.0637501,0
-0.0646324,0
-0.0655166,0
-0.0664003,0
-0.0672808,0
-0.0681633,0
-0.0690425,0
-0.0699238,0
-0.0708043,0
-0.0716817,0
-0.072561,0
-0.073437,0
-0.074315,0
-0.0751922,0
-0.0760663,0
-0.0769421,0
-0.0778148,0
-0.0786893,0
-0.079563,0
-0.0804335,0
-0.0813058,0
-0.0821749,0
-0.0830457,0
-0.0839158,0
-0.0847825,0
-0.085651,0
-0.0865163,0
-0.0873832,0
-0.0882494,0
-0.0891122,0
-0.0899768,0
-0.090838,0
-0.0917009,0
-0.0925605,0
-0.0934217,0
-0.094282,0
-0.0951391,0
-0.0959977,0
-0.096853,0
-0.0977099,0
-0.0985659,0
-0.0994185,0
-0.100273,0
-0.101123,0
-0.101976,0
-0.102827,0
-0.103675,0
-0.104525,0
-0.105371,0
-0.106219,0
-0.107065,0
-0.107909,0
-0.108753,0
-0.109595,0
-0.110437,0
-0.111279,0
-0.112117,0
-0.112957,0
-0.113793,0
-0.114631,0
-0.115467,0
-0.1163,0
-0.117135,0
-0.117966,0
-0.118798,0
-0.11963,0
-0.120457,0
-0.121286,0
-0.122112,0
-0.122939,0
-0.123764,0
-0.124587,0
-0.12541,0
-0.12623,0
-0.127051,0
-0.127871,0
-0.128688,0
-0.129505,0
-0.13032,0
-0.131135,0
-0.131949,0
-0.132759,0
-0.133571,0
-0.134379,0
-0.135189,0
-0.135997,0
-0.136801,0
-0.137607,0
-0.138409,0
-0.139212,0
-0.140013,0
-0.140812,0
-0.141611,0
-0.142406,0
-0.143203,0
-0.143998,0
-0.14479,0
-0.145583,0
-0.146372,0
-0.147162,0
-0.147951,0
-0.148736,0
-0.149522,0
-0.150304,0
-0.151087,0
-0.151867,0
-0.152647,0
-0.153426,0
-0.154202,0
-0.154978,0
-0.155751,0
-0.156524,0
-0.157296,0
-0.158065,0
-0.158834,0
-0.159599,0
-0.160366,0
-0.161131,0
-0.161892,0
-0.162654,0
-0.163412,0
-0.164171,0
-0.164928,0
-0.165682,0
-0.166436,0
-0.167187,0
-0.167938,0
-0.168688,0
-0.169434,0
-0.170181,0
-0.170924,0
-0.171668,0
-0.17241,0
-0.173148,0
-0.173887,0
-0.174622,0
-0.175358,0
-0.176092,0
-0.176823,0
-0.177554,0
-0.178281,0
-0.179009,0
-0.179735,0
-0.180457,0
-0.18118,0
-0.181899,0
-0.182618,0
-0.183336,0
-0.18405,0
-0.184765,0
-0.185476,0
-0.186187,0
-0.186896,0
-0.187602,0
-0.188308,0
-0.18901,0
-0.189713,0
-0.190414,0
-0.191111,0
-0.191808,0
-0.192502,0
-0.193196,0
-0.193888,0
-0.194576,0
-0.195265,0
-0.195949,0
-0.196634,0
-0.197318,0
-0.197997,0
-0.198677,0
-0.199353,0
-0.200029,0
-0.200703,0
-0.201373,0
-0.202044,0
-0.20271,0
-0.203377,0
-0.204042,0
-0.204703,0
-0.205365,0
-0.206022,0
-0.20668,0
-0.207333,0
-0.207987,0
-0.208639,0
-0.209287,0
-0.209935,0
-0.210579,0
-0.211224,0
-0.211866,0
-0.212504,0
-0.213143,0
-0.213777,0
-0.214412,0
-0.215045,0
-0.215673,0
-0.216302,0
-0.216927,0
-0.217552,0
-0.218174,0
-0.218793,0
-0.219412,0
-0.220027,0
-0.220642,0
-0.221255,0
-0.221864,0
-0.222472,0
-0.223077,0
-0.223682,0
-0.224284,0
-0.224883,0
-0.225482,0
-0.226077,0
-0.226671,0
-0.227263,0
-0.227852,0
-0.22844,0
-0.229025,0
-0.229609,0
-0.230191,0
-0.230769,0
-0.231346,0
-0.23192,0
-0.232494,0
-0.233065,0
-0.233633,0
-0.2342,0
-0.234764,0
-0.235326,0
-0.235887,0
-0.236444,0
-0.237001,0
-0.237553,0
-0.238105,0
-0.238655,0
-0.239202,0
-0.239747,0
-0.240289,0
-0.24083,0
-0.241369,0
-0.241905,0
-0.242439,0
-0.24297,0
-0.2435,0
-0.244028,0
-0.244553,0
-0.245076,0
-0.245596,0
-0.246115,0
-0.246632,0
-0.247145,0
-0.247657,0
-0.248166,0
-0.248674,0
-0.249179,0
-0.249681,0
-0.250182,0
-0.25068,0
-0.251176,0
-0.251669,0
-0.252161,0
-0.25265,0
-0.253136,0
-0.253621,0
-0.254103,0
-0.254583,0
-0.255061,0
-0.255535,0
-0.256009,0
-0.256478,0
-0.256947,0
-0.257413,0
-0.257876,0
-0.258338,0
-0.258796,0
-0.259253,0
-0.259708,0
-0.260158,0
-0.260608,0
-0.261055,0
-0.2615,0
-0.261942,0
-0.262382,0
-0.26282,0
-0.263254,0
-0.263687,0
-0.264118,0
-0.264545,0
-0.264971,0
-0.265393,0
-0.265814,0
-0.266233,0
-0.266648,0
-0.267062,0
-0.267472,0
-0.267881,0
-0.268288,0
-0.268691,0
-0.269093,0
-0.269491,0
-0.269887,0
-0.270282,0
-0.270673,0
-0.271062,0
-0.271448,0
-0.271832,0
-0.272214,0
-0.272593,0
-0.27297,0
-0.273343,0
-0.273715,0
-0.274085,0
-0.274451,0
-0.274815,0
-0.275176,0
-0.275536,0
-0.275893,0
-0.276246,0
-0.276598,0
-0.276947,0
-0.277294,0
-0.277638,0
-0.277979,0
-0.278318,0
-0.278654,0
-0.278989,0
-0.27932,0
-0.279649,0
-0.279975,0
-0.280298,0
-0.28062,0
-0.280939,0
-0.281255,0
-0.281568,0
-0.281879,0
-0.282188,0
-0.282493,0
-0.282797,0
-0.283098,0
-0.283395,0
-0.283691,0
-0.283984,0
-0.284274,0
-0.284562,0
-0.284847,0
-0.28513,0
-0.28541,0
-0.285687,0
-0.285963,0
-0.286234,0
-0.286504,0
-0.286771,0
-0.287036,0
-0.287298,0
-0.287556,0
-0.287813,0
-0.288067,0
-0.288318,0
-0.288567,0
-0.288813,0
-0.289057,0
-0.289297,0
-0.289536,0
-0.289771,0
-0.290004,0
-0.290235,0
-0.290462,0
-0.290687,0
-0.29091,0
-0.291129,0
-0.291346,0
-0.29156,0
-0.291772,0
-0.291982,0
-0.292188,0
-0.292392,0
-0.292593,0
-0.292791,0
-0.292988,0
-0.29318,0
-0.293371,0
-0.293559,0
-0.293744,0
-0.293927,0
-0.294106,0
-0.294283,0
-0.294458,0
-0.29463,0
-0.294799,0
-0.294965,0
-0.295129,0
-0.29529,0
-0.295448,0
-0.295604,0
-0.295757,0
-0.295907,0
-0.296055,0
-0.2962,0
-0.296342,0
-0.296481,0
-0.296618,0
-0.296752,0
-0.296884,0
-0.297013,0
-0.297138,0
-0.297262,0
-0.297382,0
-0.2975,0
-0.297616,0
-0.297728,0
-0.297838,0
-0.297945,0
-0.298049,0
-0.298151,0
-0.29825,0
-0.298346,0
-0.29844,0
-0.29853,0
-0.298618,0
-0.298704,0
-0.298787,0
-0.298866,0
-0.298944,0
-0.299018,0
-0.29909,0
-0.299159,0
-0.299225,0
-0.299289,0
-0.29935,0
-0.299408,0
-0.299464,0
-0.299516,0
-0.299566,0
-0.299613,0
-0.299658,0
-0.2997,0
-0.299739,0
-0.299775,0
-0.299809,0
-0.29984,0
-0.299868,0
-0.299894,0
-0.299916,0
-0.299936,0
-0.299954,0
-0.299968,0
-0.29998,0
-0.299989,0
-0.299995,0
-0.299999,0
-0.3,0
-0.299998,0
-0.299994,0
-0.299986,0
-0.299976,0
-0.299964,0
-0.299948,0
-0.29993,0
-0.299909,0
-0.299885,0
-0.299859,0
-0.29983,0
-0.299798,0
-0.299764,0
-0.299726,0
-0.299686,0
-0.299644,0
-0.299598,0
-0.29955,0
-0.299499,0
-0.299445,0
-0.299389,0
-0.29933,0
-0.299268,0
-0.299204,0
-0.299136,0
-0.299066,0
-0.298994,0
-0.298918,0
-0.29884,0
-0.298759,0
-0.298676,0
-0.298589,0
-0.298501,0
-0.298409,0
-0.298314,0
-0.298217,0
-0.298117,0
-0.298015,0
-0.297909,0
-0.297802,0
-0.297691,0
-0.297577,0
-0.297461,0
-0.297342,0
-0.297221,0
-0.297097,0
-0.29697,0
-0.29684,0
-0.296708,0
-0.296573,0
-0.296435,0
-0.296295,0
-0.296152,0
-0.296006,0
-0.295857,0
-0.295706,0
-0.295552,0
-0.295396,0
-0.295236,0
-0.295075,0
-0.29491,0
-0.294742,0
-0.294573,0
-0.2944,0
-0.294225,0
-0.294047,0
-0.293866,0
-0.293683,0
-0.293496,0
-0.293308,0
-0.293116,0
-0.292922,0
-0.292726,0
-0.292526,0
-0.292324,0
-0.29212,0
-0.291912,0
-0.291702,0
-0.291489,0
-0.291274,0
-0.291056,0
-0.290835,0
-0.290613,0
-0.290386,0
-0.290158,0
-0.289927,0
-0.289693,0
-0.289457,0
-0.289217,0
-0.288976,0
-0.288731,0
-0.288484,0
-0.288235,0
-0.287983,0
-0.287728,0
-0.28747,0
-0.28721,0
-0.286948,0
-0.286682,0
-0.286415,0
-0.286144,0
-0.285871,0
-0.285595,0
-0.285317,0
-0.285036,0
-0.284753,0
-0.284466,0
-0.284178,0
-0.283886,0
-0.283593,0
-0.283296,0
-0.282997,0
-0.282696,0
-0.282391,0
-0.282085,0
-0.281776,0
-0.281464,0
-0.28115,0
-0.280832,0
-0.280513,0
-0.280191,0
-0.279867,0
-0.279539,0
-0.279209,0
-0.278878,0
-0.278543,0
-0.278206,0
-0.277866,0
-0.277523,0
-0.277179,0
-0.276831,0
-0.276481,0
-0.276129,0
-0.275773,0
-0.275416,0
-0.275056,0
-0.274694,0
-0.274329,0
-0.273961,0
-0.273592,0
-0.273219,0
-0.272844,0
-0.272467,0
-0.272086,0
-0.271705,0
-0.271319,0
-0.270933,0
-0.270543,0
-0.27015,0
-0.269756,0
-0.269358,0
-0.268959,0
-0.268557,0
-0.268152,0
-0.267746,0
-0.267336,0
-0.266925,0
-0.26651,0
-0.266093,0
-0.265675,0
-0.265253,0
-0.26483,0
-0.264403,0
-0.263974,0
-0.263543,0
-0.263109,0
-0.262674,0
-0.262235,0
-0.261794,0
-0.261352,0
-0.260906,0
-0.260459,0
-0.260008,0
-0.259555,0
-0.259101,0
-0.258643,0
-0.258185,0
-0.257722,0
-0.257257,0
-0.256792,0
-0.256322,0
-0.255852,0
-0.255377,0
-0.254901,0
-0.254423,0
-0.253942,0
-0.25346,0
-0.252975,0
-0.252486,0
-0.251998,0
-0.251505,0
-0.251011,0
-0.250514,0
-0.250016,0
-0.249514,0
-0.24901,0
-0.248505,0
-0.247997,0
-0.247487,0
-0.246974,0
-0.246459,0
-0.245943,0
-0.245423,0
-0.244902,0
-0.244378,0
-0.243852,0
-0.243324,0
-0.242793,0
-0.242262,0
-0.241726,0
-0.241189,0
-0.240651,0
-0.240109,0
-0.239566,0
-0.23902,0
-0.238471,0
-0.237922,0
-0.237369,0
-0.236816,0
-0.236259,0
-0.235699,0
-0.23514,0
-0.234576,0
-0.234012,0
-0.233444,0
-0.232874,0
-0.232304,0
-0.231729,0
-0.231155,0
-0.230576,0
-0.229996,0
-0.229415,0
-0.22883,0
-0.228245,0
-0.227656,0
-0.227065,0
-0.226474,0
-0.225879,0
-0.225283,0
-0.224684,0
-0.224083,0
-0.223481,0
-0.222876,0
-0.22227,0
-0.221661,0
-0.221049,0
-0.220438,0
-0.219822,0
-0.219207,0
-0.218587,0
-0.217966,0
-0.217344,0
-0.216719,0
-0.216093,0
-0.215464,0
-0.214833,0
-0.214201,0
-0.213566,0
-0.212931,0
-0.212292,0
-0.211651,0
-0.21101,0
-0.210365,0
-0.20972,0
-0.209071,0
-0.208421,0
-0.20777,0
-0.207116,0
-0.206461,0
-0.205803,0
-0.205145,0
-0.204483,0
-0.203819,0
-0.203156,0
-0.202488,0
-0.201821,0
-0.20115,0
-0.200477,0
-0.199804,0
-0.199127,0
-0.198451,0
-0.197771,0
-0.197089,0
-0.196407,0
-0.195721,0
-0.195036,0
-0.194347,0
-0.193656,0
-0.192965,0
-0.192271,0
-0.191576,0
-0.190878,0
-0.190179,0
-0.189479,0
-0.188776,0
-0.188073,0
-0.187367,0
-0.186659,0
-0.185951,0
-0.185239,0
-0.184528,0
-0.183813,0
-0.183096,0
-0.18238,0
-0.181659,0
-0.18094,0
-0.180216,0
-0.179491,0
-0.178767,0
-0.178039,0
-0.177311,0
-0.176579,0
-0.175846,0
-0.175114,0
-0.174377,0
-0.173642,0
-0.172902,0
-0.172161,0
-0.171421,0
-0.170677,0
-0.169933,0
-0.169186,0
-0.168437,0
-0.167689,0
-0.166937,0
-0.166186,0
-0.165431,0
-0.164674,0
-0.163919,0
-0.163159,0
-0.162401,0
-0.161638,0
-0.160874,0
-0.160111,0
-0.159344,0
-0.158578,0
-0.157809,0
-0.157038,0
-0.156267,0
-0.155493,0
-0.15472,0
-0.153944,0
-0.153168,0
-0.152388,0
-0.151607,0
-0.150827,0
-0.150043,0
-0.14926,0
-0.148474,0
-0.147686,0
-0.146899,0
-0.146109,0
-0.145319,0
-0.144526,0
-0.143732,0
-0.142938,0
-0.142141,0
-0.141345,0
-0.140546,0
-0.139745,0
-0.138945,0
-0.138141,0
-0.137339,0
-0.136533,0
-0.135726,0
-0.13492,0
-0.13411,0
-0.133302,0
-0.132489,0
-0.131676,0
-0.130864,0
-0.130048,0
-0.129234,0
-0.128416,0
-0.127596,0
-0.126778,0
-0.125957,0
-0.125137,0
-0.124313,0
-0.123488,0
-0.122664,0
-0.121837,0
-0.121011,0
-0.120181,0
-0.119351,0
-0.118522,0
-0.117689,0
-0.116858,0
-0.116023,0
-0.115187,0
-0.114353,0
-0.113515,0
-0.112678,0
-0.111838,0
-0.110997,0
-0.110157,0
-0.109314,0
-0.108473,0
-0.107628,0
-0.106782,0
-0.105937,0
-0.105089,0
-0.104243,0
-0.103393,0
-0.102542,0
-0.101693,0
-0.10084,0
-0.0999889,0
-0.0991344,0
-0.098279,0
-0.0974252,0
-0.096568,0
-0.0957124,0
-0.0948535,0
-0.0939937,0
-0.0931355,0
-0.092274,0
-0.0914142,0
-0.090551,0
-0.0896895,0
-0.0888247,0
-0.0879591,0
-0.0870952,0
-0.0862279,0
-0.0853625,0
-0.0844937,0
-0.0836241,0
-0.0827563,0
-0.0818853,0
-0.081016,0
-0.0801434,0
-0.0792702,0
-0.0783987,0
-0.077524,0
-0.0766511,0
-0.075775,0
-0.0748982,0
-0.0740232,0
-0.0731451,0
-0.0722688,0
-0.0713893,0
-0.0705091,0
-0.0696309,0
-0.0687495,0
-0.06787,0
-0.0669874,0
-0.0661041,0
-0.0652228,0
-0.0643383,0
-0.0634558,0
-0.0625702,0
-0.061684,0
-0.0607998,0
-0.0599125,0
-0.0590272,0
-0.0581388,0
-0.0572499,0
-0.056363,0
-0.0554731,0
-0.0545852,0
-0.0536942,0
-0.0528028,0
-0.0519134,0
-0.051021,0
-0.0501307,0
-0.0492374,0
-0.0483436,0
-0.047452,0
-0.0465574,0
-0.0456649,0
-0.0447694,0
-0.0438735,0
-0.0429798,0
-0.0420831,0
-0.0411886,0
-0.0402912,0
-0.0393934,0
-0.0384978,0
-0.0375993,0
-0.0367031,0
-0.0358039,0
-0.0349043,0
-0.0340071,0
-0.0331069,0
-0.0322091,0
-0.0313084,0
-0.0304073,0
-0.0295086,0
-0.028607,0
-0.0277078,0
-0.0268057,0
-0.0259034,0
-0.0250035,0
-0.0241007,0
-0.0232003,0
-0.022297,0
-0.0213962,0
-0.0204926,0
-0.0195888,0
-0.0186874,0
-0.0177833,0
-0.0168816,0
-0.0159771,0
-0.0150725,0
-0.0141703,0
-0.0132654,0
-0.012363,0
-0.0114579,0
-0.0105527,0
-0.00965,0
-0.00874459,0
-0.00784173,0
-0.00693616,0
-0.00603054,0
-0.00512749,0
-0.00422176,0
-0.00331862,0
-0.00241283,0
-0.00150701,0
-0.000603808,0
0.000302031,0
0.00120523,0
0.00211106,0
0.00301686,0
0.00392001,0
0.00482575,0
0.00572882,0
0.00663446,0
0.00754005,0
0.00844293,0
0.00934837,0
0.0102511,0
0.0111564,0
0.0120615,0
0.0129639,0
0.0138689,0
0.014771,0
0.0156757,0
0.0165802,0
0.017482,0
0.0183862,0
0.0192876,0
0.0201915,0
0.0210952,0
0.0219961,0
0.0228994,0
0.0237998,0
0.0247027,0
0.0256054,0
0.0265052,0
0.0274073,0
0.0283066,0
0.0292083,0
0.0301097,0
0.0310082,0
0.0319091,0
0.032807,0
0.0337072,0
0.0346072,0
0.0355042,0
0.0364035,0
0.0372999,0
0.0381985,0
0.0390968,0
0.0399921,0
0.0408897,0
0.0417843,0
0.0426811,0
0.0435775,0
0.044471,0
0.0453666,0
0.0462592,0
0.047154,0
0.0480458,0
0.0489397,0
0.0498332,0
0.0507236,0
0.0516162,0
0.0525057,0
0.0533973,0
0.0542884,0
0.0551765,0
0.0560666,0
0.0569536,0
0.0578427,0
0.0587313,0
0.0596168,0
0.0605043,0
0.0613886,0
0.062275,0
0.0631609,0
0.0640435,0
0.0649282,0
0.0658097,0
0.0666932,0
0.067576,0
0.0684557,0
0.0693374,0
0.0702158,0
0.0710961,0
0.0719758,0
0.0728524,0
0.0737307,0
0.0746059,0
0.0754829,0
0.0763593,0
0.0772324,0
0.0781074,0
0.0789791,0
0.0798526,0
0.0807254,0
0.0815949,0
0.0824662,0
0.0833343,0
0.0842041,0
0.0850731,0
0.0859388,0
0.0868063,0
0.0876705,0
0.0885364,0
0.0894015,0
0.0902632,0
0.0911267,0
0.0919868,0
0.0928486,0
0.0937095,0
0.0945671,0
0.0954264,0
0.0962822,0
0.0971397,0
0.0979963,0
0.0988495,0
0.0997043,0
0.100556,0
0.101409,0
0.102261,0
0.103109,0
0.10396,0
0.104806,0
0.105655,0
0.106502,0
0.107346,0
0.108191,0
0.109033,0
0.109877,0
0.110719,0
0.111558,0
0.112398,0
0.113235,0
0.114073,0
0.114908,0
0.115745,0
0.11658,0
0.117411,0
0.118244,0
0.119074,0
0.119905,0
0.120735,0
0.121561,0
0.122389,0
0.123213,0
0.124038,0
0.124862,0
0.125683,0
0.126505,0
0.127323,0
0.128143,0
0.128961,0
0.129776,0
0.130592,0
0.131405,0
0.132219,0
0.133031,0
0.13384,0
0.13465,0
0.135457,0
0.136264,0
0.137071,0
0.137873,0
0.138677,0
0.139478,0
0.140279,0
0.141079,0
0.141875,0
0.142673,0
0.143467,0
0.144262,0
0.145055,0
0.145845,0
0.146636,0
0.147423,0
0.148212,0
0.148999,0
0.149782,0
0.150566,0
0.151347,0
0.152128,0
0.152908,0
0.153684,0
0.154462,0
0.155235,0
0.15601,0
0.156783,0
0.157552,0
0.158322,0
0.159089,0
0.159856,0
0.160622,0
0.161384,0
0.162147,0
0.162906,0
0.163666,0
0.164424,0
0.165179,0
0.165934,0
0.166686,0
0.167438,0
0.168189,0
0.168936,0
0.169684,0
0.170428,0
0.171173,0
0.171916,0
0.172656,0
0.173396,0
0.174132,0
0.174869,0
0.175602,0
0.176335,0
0.177067,0
0.177796,0
0.178525,0
0.17925,0
0.179975,0
0.180699,0
0.181419,0
0.18214,0
0.182857,0
0.183574,0
0.18429,0
0.185001,0
0.185714,0
0.186422,0
0.187131,0
0.187838,0
0.188542,0
0.189245,0
0.189945,0
0.190646,0
0.191344,0
0.192039,0
0.192734,0
0.193425,0
0.194117,0
0.194807,0
0.195493,0
0.196179,0
0.196861,0
0.197544,0
0.198225,0
0.198902,0
0.199579,0
0.200252,0
0.200926,0
0.201598,0
0.202266,0
0.202934,0
0.203598,0
0.204262,0
0.204925,0
0.205584,0
0.206242,0
0.206897,0
0.207552,0
0.208205,0
0.208855,0
0.209504,0
0.21015,0
0.210795,0
0.211439,0
0.212078,0
0.212718,0
0.213354,0
0.21399,0
0.214624,0
0.215254,0
0.215884,0
0.21651,0
0.217136,0
0.21776,0
0.21838,0
0.219001,0
0.219617,0
0.220233,0
0.220847,0
0.221457,0
0.222067,0
0.222674,0
0.22328,0
0.223884,0
0.224484,0
0.225084,0
0.22568,0
0.226276,0
0.226868,0
0.227459,0
0.228049,0
0.228635,0
0.22922,0
0.229802,0
0.230383,0
0.230962,0
0.231538,0
0.232112,0
0.232684,0
0.233254,0
0.233823,0
0.234388,0
0.234952,0
0.235513,0
0.236073,0
0.236631,0
0.237185,0
0.237738,0
0.238288,0
0.238837,0
0.239384,0
0.239928,0
0.24047,0
0.241009,0
0.241548,0
0.242084,0
0.242616,0
0.243148,0
0.243676,0
0.244203,0
0.244728,0
0.245249,0
0.24577,0
0.246287,0
0.246803,0
0.247317,0
0.247827,0
0.248336,0
0.248842,0
0.249347,0
0.249849,0
0.250348,0
0.250846,0
0.25134,0
0.251834,0
0.252325,0
0.252812,0
0.253299,0
0.253782,0
0.254263,0
0.254743,0
0.255219,0
0.255694,0
0.256165,0
0.256635,0
0.257103,0
0.257568,0
0.258031,0
0.25849,0
0.258949,0
0.259405,0
0.259858,0
0.260309,0
0.260757,0
0.261204,0
0.261648,0
0.262089,0
0.262528,0
0.262964,0
0.263399,0
0.263831,0
0.26426,0
0.264688,0
0.265112,0
0.265534,0
0.265954,0
0.266372,0
0.266787,0
0.267199,0
0.26761,0
0.268017,0
0.268422,0
0.268826,0
0.269225,0
0.269624,0
0.270018,0
0.270412,0
0.270803,0
0.27119,0
0.271577,0
0.271959,0
0.27234,0
0.272719,0
0.273094,0
0.273468,0
0.273838,0
0.274207,0
0.274573,0
0.274935,0
0.275297,0
0.275654,0
0.27601,0
0.276364,0
0.276714,0
0.277063,0
0.277408,0
0.277752,0
0.278093,0
0.27843,0
0.278766,0
0.279099,0
0.27943,0
0.279758,0
0.280083,0
0.280406,0
0.280726,0
0.281044,0
0.28136,0
0.281672,0
0.281982,0
0.282289,0
0.282595,0
0.282898,0
0.283197,0
0.283494,0
0.283789,0
0.284081,0
0.284371,0
0.284657,0
0.284942,0
0.285223,0
0.285503,0
0.28578,0
0.286053,0
0.286325,0
0.286593,0
0.28686,0
0.287123,0
0.287384,0
0.287643,0
0.287898,0
0.288151,0
0.288402,0
0.288649,0
0.288895,0
0.289137,0
0.289377,0
0.289615,0
0.289849,0
0.290081,0
0.29031,0
0.290538,0
0.290761,0
0.290983,0
0.291202,0
0.291418,0
0.291632,0
0.291842,0
0.292051,0
0.292256,0
0.292459,0
0.29266,0
0.292857,0
0.293052,0
0.293244,0
0.293434,0
0.293621,0
0.293805,0
0.293987,0
0.294166,0
0.294342,0
0.294515,0
0.294686,0
0.294854,0
0.29502,0
0.295183,0
0.295343,0
0.2955,0
0.295655,0
0.295807,0
0.295956,0
0.296103,0
0.296247,0
0.296389,0
0.296527,0
0.296663,0
0.296796,0
0.296927,0
0.297055,0
0.29718,0
0.297302,0
0.297422,0
0.297539,0
0.297653,0
0.297765,0
0.297874,0
0.29798,0
0.298083,0
0.298184,0
0.298282,0
0.298377,0
0.29847,0
0.29856,0
0.298647,0
0.298732,0
0.298813,0
0.298893,0
0.298969,0
0.299042,0
0.299113,0
0.299181,0
0.299247,0
0.299309,0
0.29937,0
0.299427,0
0.299481,0
0.299533,0
0.299582,0
0.299629,0
0.299672,0
0.299713,0
0.299751,0
0.299787,0
0.29982,0
0.29985,0
0.299877,0
0.299901,0
0.299923,0
0.299942,0
0.299959,0
0.299972,0
0.299983,0
0.299991,0
0.299997,0
0.3,0
0.3,0
0.299997,0
0.299991,0
0.299983,0
0.299972,0
0.299959,0
0.299942,0
0.299923,0
0.299901,0
0.299877,0
0.29985,0
0.29982,0
0.299787,0
0.299751,0
0.299713,0
0.299672,0
0.299629,0
0.299582,0
0.299533,0
0.299481,0
0.299427,0
0.299369,0
0.29931,0
0.299247,0
0.299181,0
0.299113,0
0.299042,0
0.298969,0
0.298892,0
0.298814,0
0.298732,0
0.298647,0
0.29856,0
0.29847,0
0.298378,0
0.298282,0
0.298184,0
0.298083,0
0.29798,0
0.297874,0
0.297765,0
0.297653,0
0.297539,0
0.297422,0
0.297302,0
0.29718,0
0.297055,0
0.296927,0
0.296796,0
0.296663,0
0.296527,0
0.296388,0
0.296247,0
0.296103,0
0.295957,0
0.295807,0
0.295655,0
0.2955,0
0.295343,0
0.295183,0
0.29502,0
0.294854,0
0.294686,0
0.294515,0
0.294342,0
0.294165,0
0.293987,0
0.293805,0
0.293621,0
0.293434,0
0.293244,0
0.293052,0
0.292857,0
0.292659,0
0.292459,0
0.292256,0
0.292051,0
0.291843,0
0.291631,0
0.291418,0
0.291202,0
0.290983,0
0.290762,0
0.290537,0
0.290311,0
0.290081,0
0.289849,0
0.289615,0
0.289377,0
0.289137,0
0.288895,0
0.28865,0
0.288402,0
0.288151,0
0.287898,0
0.287642,0
0.287384,0
0.287123,0
0.286859,0
0.286594,0
0.286325,0
0.286054,0
0.285779,0
0.285502,0
0.285224,0
0.284942,0
0.284658,0
0.284371,0
0.284081,0
0.283789,0
0.283494,0
0.283197,0
0.282897,0
0.282594,0
0.28229,0
0.281982,0
0.281672,0
0.281359,0
0.281044,0
0.280727,0
0.280406,0
0.280083,0
0.279758,0
0.279429,0
0.279099,0
0.278766,0
0.278431,0
0.278092,0
0.277751,0
0.277409,0
0.277063,0
0.276715,0
0.276364,0
0.27601,0
0.275655,0
0.275296,0
0.274936,0
0.274572,0
0.274206,0
0.273838,0
0.273467,0
0.273095,0
0.272718,0
0.272341,0
0.27196,0
0.271576,0
0.271191,0
0.270802,0
0.270413,0
0.270019,0
0.269623,0
0.269226,0
0.268825,0
0.268423,0
0.268017,0
0.267609,0
0.2672,0
0.266786,0
0.266372,0
0.265954,0
0.265534,0
0.265112,0
0.264687,0
0.264261,0
0.263831,0
0.263398,0
0.262965,0
0.262528,0
0.262089,0
0.261647,0
0.261203,0
0.260758,0
0.260309,0
0.259858,0
0.259405,0
0.258948,0
0.258491,0
0.25803,0
0.257568,0
0.257103,0
0.256635,0
0.256166,0
0.255693,0
0.25522,0
0.254742,0
0.254263,0
0.253782,0
0.253298,0
0.252813,0
0.252324,0
0.251833,0
0.251341,0
0.250845,0
0.250349,0
0.249849,0
0.249346,0
0.248843,0
0.248336,0
0.247828,0
0.247316,0
0.246802,0
0.246288,0
0.245769,0
0.24525,0
0.244727,0
0.244202,0
0.243677,0
0.243147,0
0.242617,0
0.242083,0
0.241547,0
0.24101,0
0.24047,0
0.239929,0
0.239384,0
0.238837,0
0.238289,0
0.237738,0
0.237186,0
0.23663,0
0.236074,0
0.235514,0
0.234951,0
0.234389,0
0.233822,0
0.233255,0
0.232685,0
0.232112,0
0.231538,0
0.230961,0
0.230384,0
0.229803,0
0.229219,0
0.228636,0
0.228048,0
0.22746,0
0.226869,0
0.226275,0
0.225681,0
0.225083,0
0.224485,0
0.223883,0
0.223279,0
0.222675,0
0.222067,0
0.221458,0
0.220846,0
0.220232,0
0.219618,0
0.219,0
0.218381,0
0.217759,0
0.217135,0
0.216511,0
0.215883,0
0.215255,0
0.214623,0
0.213989,0
0.213355,0
0.212717,0
0.212079,0
0.211438,0
0.210794,0
0.210151,0
0.209503,0
0.208856,0
0.208205,0
0.207551,0
0.206898,0
0.206241,0
0.205585,0
0.204924,0
0.204261,0
0.203599,0
0.202933,0
0.202267,0
0.201597,0
0.200925,0
0.200253,0
0.199578,0
0.198903,0
0.198224,0
0.197543,0
0.196862,0
0.196178,0
0.195494,0
0.194806,0
0.194116,0
0.193426,0
0.192733,0
0.19204,0
0.191343,0
0.190645,0
0.189946,0
0.189244,0
0.188543,0
0.187837,0
0.187132,0
0.186423,0
0.185713,0
0.185003,0
0.184289,0
0.183575,0
0.182858,0
0.182139,0
0.18142,0
0.180698,0
0.179976,0
0.179251,0
0.178524,0
0.177797,0
0.177066,0
0.176337,0
0.175603,0
0.174868,0
0.174133,0
0.173395,0
0.172657,0
0.171915,0
0.171172,0
0.170429,0
0.169683,0
0.168938,0
0.168188,0
0.167437,0
0.166687,0
0.165933,0
0.16518,0
0.164423,0
0.163665,0
0.162907,0
0.162146,0
0.161385,0
0.160621,0
0.159855,0
0.15909,0
0.158321,0
0.157553,0
0.156782,0
0.156009,0
0.155236,0
0.154461,0
0.153686,0
0.152907,0
0.152127,0
0.151348,0
0.150565,0
0.149783,0
0.148998,0
0.148211,0
0.147425,0
0.146635,0
0.145847,0
0.145054,0
0.144261,0
0.143468,0
0.142672,0
0.141877,0
0.141078,0
0.140278,0
0.139479,0
0.138676,0
0.137875,0
0.13707,0
0.136263,0
0.135458,0
0.134649,0
0.133841,0
0.13303,0
0.132218,0
0.131406,0
0.130591,0
0.129778,0
0.12896,0
0.128144,0
0.127325,0
0.126504,0
0.125684,0
0.124861,0
0.124039,0
0.123214,0
0.122387,0
0.121562,0
0.120734,0
0.119906,0
0.119075,0
0.118243,0
0.117413,0
0.116579,0
0.115746,0
0.11491,0
0.114075,0
0.113236,0
0.112397,0
0.111557,0
0.110715,0
0.109878,0
0.109034,0
0.10819,0
0.107345,0
0.106498,0
0.105656,0
0.104808,0
0.103958,0
0.103108,0
0.102257,0
0.10141,0
0.100557,0
0.0997032,0
0.0988484,0
0.0979976,0
0.097141,0
0.0962836,0
0.0954252,0
0.094566,0
0.0937109,0
0.09285,0
0.0919882,0
0.0911256,0
0.0902621,0
0.0894029,0
0.0885378,0
0.0876719,0
0.0868052,0
0.0859377,0
0.0850745,0
0.0842054,0
0.0833356,0
0.0824651,0
0.0815938,0
0.0807268,0
0.079854,0
0.0789804,0
0.0781062,0
0.0772313,0
0.0763607,0
0.0754843,0
0.0746073,0
0.0737296,0
0.0728512,0
0.0719772,0
0.0710975,0
0.0702172,0
0.0693362,0
0.0684546,0
0.0675774,0
0.0666946,0
0.0658111,0
0.064927,0
0.0640424,0
0.0631623,0
0.0622764,0
0.06139,0
0.0605031,0
0.0596156,0
0.0587327,0
0.0578441,0
0.056955,0
0.0560654,0
0.0551753,0
0.0542898,0
0.0533987,0
0.0525071,0
0.051615,0
0.0507224,0
0.0498346,0
0.0489411,0
0.0480472,0
0.0471528,0
0.046258,0
0.045368,0
0.0444724,0
0.0435764,0
0.0426799,0
0.0417831,0
0.0408911,0
0.0399936,0
0.0390956,0
0.0381973,0
0.0372987,0
0.0364049,0
0.0355056,0
0.034606,0
0.0337061,0
0.0328058,0
0.0319105,0
0.0310096,0
0.0301085,0
0.0292071,0
0.0283054,0
0.0274088,0
0.0265066,0
0.0256042,0
0.0247015,0
0.0237986,0
0.0229008,0
0.0219975,0
0.021094,0
0.0201903,0
0.0192864,0
0.0183876,0
0.0174834,0
0.016579,0
0.0156745,0
0.0147698,0
0.0138703,0
0.0129654,0
0.0120603,0
0.0111552,0
0.0102499,0
0.00934981,0
0.00844437,0
0.00753885,0
0.00663326,0
0.00572762,0
0.00482718,0
0.00392144,0
0.00301566,0
0.00210986,0
0.00120403,0
0.000303463,0
-0.000602375,0
-0.00150821,0
-0.00241403,0
-0.00331982,0
-0.00422033,0
-0.00512605,0
-0.00603174,0
-0.00693736,0
-0.00784293,0
-0.00874315,0
-0.00964857,0
-0.0105539,0
-0.0114591,0
-0.0123642,0
-0.013264,0
-0.0141689,0
-0.0150736,0
-0.0159783,0
-0.0168828,0
-0.0177818,0
-0.018686,0
-0.01959,0
-0.0204938,0
-0.0213974,0
-0.0222956,0
-0.0231988,0
-0.0241019,0
-0.0250047,0
-0.0259072,0
-0.0268043,0
-0.0277064,0
-0.0286082,0
-0.0295098,0
-0.0304111,0
-0.0313069,0
-0.0322077,0
-0.0331081,0
-0.0340083,0
-0.0349081,0
-0.0358024,0
-0.0367016,0
-0.0376005,0
-0.038499,0
-0.039392,0
-0.0402898,0
-0.0411872,0
-0.0420843,0
-0.042981,0
-0.0438721,0
-0.044768,0
-0.0456635,0
-0.0465585,0
-0.0474532,0
-0.0483422,0
-0.049236,0
-0.0501293,0
-0.0510222,0
-0.0519146,0
-0.0528014,0
-0.0536928,0
-0.0545838,0
-0.0554742,0
-0.0563642,0
-0.0572485,0
-0.0581374,0
-0.0590258,0
-0.0599137,0
-0.060801,0
-0.0616826,0
-0.0625688,0
-0.0634544,0
-0.0643395,0
-0.065224,0
-0.0661027,0
-0.066986,0
-0.0678686,0
-0.0687507,0
-0.0696321,0
-0.0705077,0
-0.0713879,0
-0.0722674,0
-0.0731462,0
-0.0740244,0
-0.0748968,0
-0.0757736,0
-0.0766497,0
-0.0775251,0
-0.0783999,0
-0.0792688,0
-0.0801421,0
-0.0810146,0
-0.0818864,0
-0.0827575,0
-0.0836227,0
-0.0844923,0
-0.0853611,0
-0.0862291,0
-0.0870963,0
-0.0879577,0
-0.0888233,0
-0.0896881,0
-0.0905521,0
-0.0914153,0
-0.0922726,0
-0.0931342,0
-0.0939948,0
-0.0948546,0
-0.0957135,0
-0.0965666,0
-0.0974238,0
-0.0982801,0
-0.0991355,0
-0.09999,0
-0.100839,0
-0.101691,0
-0.102543,0
-0.103394,0
-0.104244,0
-0.105088,0
-0.105936,0
-0.106783,0
-0.107629,0
-0.108474,0
-0.109313,0
-0.110156,0
-0.110998,0
-0.111839,0
-0.112679,0
-0.113513,0
-0.114351,0
-0.115188,0
-0.116024,0
-0.116859,0
-0.117688,0
-0.11852,0
-0.119352,0
-0.120183,0
-0.121012,0
-0.121835,0
-0.122663,0
-0.123489,0
-0.124314,0
-0.125138,0
-0.125956,0
-0.126777,0
-0.127597,0
-0.128417,0
-0.129235,0
-0.130047,0
-0.130863,0
-0.131677,0
-0.132491,0
-0.133303,0
-0.134109,0
-0.134918,0
-0.135727,0
-0.136534,0
-0.13734,0
-0.13814,0
-0.138944,0
-0.139746,0
-0.140547,0
-0.141346,0
-0.14214,0
-0.142937,0
-0.143733,0
-0.144527,0
-0.14532,0
-0.146108,0
-0.146898,0
-0.147687,0
-0.148475,0
-0.149262,0
-0.150042,0
-0.150826,0
-0.151608,0
-0.152389,0
-0.153169,0
-0.153942,0
-0.154719,0
-0.155494,0
-0.156268,0
-0.157041,0
-0.157808,0
-0.158577,0
-0.159345,0
-0.160112,0
-0.160878,0
-0.161637,0
-0.162399,0
-0.16316,0
-0.16392,0
-0.164678,0
-0.16543,0
-0.166184,0
-0.166938,0
-0.16769,0
-0.168436,0
-0.169185,0
-0.169932,0
-0.170678,0
-0.171422,0
-0.17216,0
-0.172901,0
-0.173641,0
-0.174378,0
-0.175115,0
-0.175845,0
-0.176578,0
-0.17731,0
-0.17804,0
-0.178768,0
-0.17949,0
-0.180215,0
-0.180939,0
-0.18166,0
-0.18238,0
-0.183095,0
-0.183811,0
-0.184526,0
-0.18524,0
-0.185952,0
-0.186657,0
-0.187366,0
-0.188072,0
-0.188777,0
-0.18948,0
-0.190178,0
-0.190877,0
-0.191575,0
-0.192272,0
-0.192966,0
-0.193655,0
-0.194346,0
-0.195035,0
-0.195722,0
-0.196408,0
-0.197088,0
-0.19777,0
-0.19845,0
-0.199128,0
-0.199805,0
-0.200476,0
-0.201149,0
-0.20182,0
-0.202489,0
-0.203157,0
-0.203818,0
-0.204482,0
-0.205144,0
-0.205804,0
-0.206462,0
-0.207115,0
-0.207769,0
-0.208422,0
-0.209072,0
-0.209721,0
-0.210364,0
-0.211009,0
-0.211652,0
-0.212293,0
-0.212932,0
-0.213565,0
-0.2142,0
-0.214834,0
-0.215465,0
-0.216094,0
-0.216718,0
-0.217343,0
-0.217967,0
-0.218588,0
-0.219207,0
-0.219821,0
-0.220437,0
-0.22105,0
-0.221662,0
-0.222271,0
-0.222875,0
-0.22348,0
-0.224083,0
-0.224685,0
-0.225284,0
-0.225878,0
-0.226473,0
-0.227066,0
-0.227657,0
-0.228246,0
-0.228829,0
-0.229414,0
-0.229996,0
-0.230577,0
-0.231155,0
-0.231728,0
-0.232303,0
-0.232875,0
-0.233445,0
-0.234013,0
-0.234575,0
-0.235139,0
-0.2357,0
-0.23626,0
-0.236817,0
-0.237368,0
-0.237921,0
-0.238472,0
-0.239021,0
-0.239567,0
-0.240108,0
-0.24065,0
-0.24119,0
-0.241727,0
-0.242263,0
-0.242793,0
-0.243324,0
-0.243852,0
-0.244379,0
-0.244903,0
-0.245422,0
-0.245942,0
-0.24646,0
-0.246975,0
-0.247488,0
-0.247996,0
-0.248505,0
-0.249011,0
-0.249515,0
-0.250017,0
-0.250513,0
-0.251011,0
-0.251506,0
-0.251998,0
-0.252489,0
-0.252974,0
-0.25346,0
-0.253943,0
-0.254424,0
-0.254903,0
-0.255377,0
-0.255851,0
-0.256323,0
-0.256792,0
-0.257259,0
-0.257721,0
-0.258184,0
-0.258644,0
-0.259102,0
-0.259557,0
-0.260008,0
-0.260458,0
-0.260907,0
-0.261353,0
-0.261794,0
-0.262235,0
-0.262674,0
-0.26311,0
-0.263544,0
-0.263973,0
-0.264402,0
-0.264829,0
-0.265253,0
-0.265675,0
-0.266092,0
-0.26651,0
-0.266924,0
-0.267336,0
-0.267746,0
-0.268151,0
-0.268556,0
-0.268959,0
-0.269359,0
-0.269756,0
-0.270149,0
-0.270542,0
-0.270932,0
-0.27132,0
-0.271705,0
-0.272086,0
-0.272466,0
-0.272844,0
-0.273219,0
-0.273592,0
-0.27396,0
-0.274328,0
-0.274694,0
-0.275057,0
-0.275417,0
-0.275773,0
-0.276128,0
-0.276481,0
-0.276831,0
-0.277179,0
-0.277522,0
-0.277865,0
-0.278205,0
-0.278543,0
-0.278878,0
-0.279209,0
-0.279539,0
-0.279866,0
-0.280191,0
-0.280514,0
-0.280832,0
-0.281149,0
-0.281464,0
-0.281776,0
-0.282086,0
-0.282391,0
-0.282695,0
-0.282997,0
-0.283297,0
-0.283593,0
-0.283886,0
-0.284178,0
-0.284467,0
-0.284753,0
-0.285037,0
-0.285316,0
-0.285595,0
-0.285871,0
-0.286144,0
-0.286415,0
-0.286682,0
-0.286947,0
-0.28721,0
-0.287471,0
-0.287728,0
-0.287982,0
-0.288235,0
-0.288485,0
-0.288732,0
-0.288976,0
-0.289217,0
-0.289456,0
-0.289693,0
-0.289927,0
-0.290159,0
-0.290386,0
-0.290612,0
-0.290836,0
-0.291057,0
-0.291275,0
-0.291489,0
-0.291702,0
-0.291912,0
-0.29212,0
-0.292325,0
-0.292526,0
-0.292725,0
-0.292922,0
-0.293117,0
-0.293308,0
-0.293496,0
-0.293682,0
-0.293866,0
-0.294047,0
-0.294225,0
-0.2944,0
-0.294572,0
-0.294743,0
-0.29491,0
-0.295075,0
-0.295236,0
-0.295396,0
-0.295552,0
-0.295706,0
-0.295858,0
-0.296005,0
-0.296151,0
-0.296295,0
-0.296435,0
-0.296573,0
-0.296708,0
-0.29684,0
-0.29697,0
-0.297097,0
-0.297221,0
-0.297342,0
-0.297461,0
-0.297577,0
-0.297691,0
-0.297802,0
-0.297909,0
-0.298015,0
-0.298117,0
-0.298217,0
-0.298315,0
-0.298409,0
-0.2985,0
-0.298589,0
-0.298676,0
-0.298759,0
-0.29884,0
-0.298918,0
-0.298994,0
-0.299066,0
-0.299136,0
-0.299203,0
-0.299268,0
-0.29933,0
-0.299389,0
-0.299445,0
-0.299499,0
-0.29955,0
-0.299598,0
-0.299644,0
-0.299686,0
-0.299726,0
-0.299764,0
-0.299798,0
-0.29983,0
-0.299859,0
-0.299885,0
-0.299909,0
-0.29993,0
-0.299948,0
-0.299964,0
-0.299976,0
-0.299986,0
-0.299994,0
-0.299998,0
-0.3,0
-0.299999,0
-0.299995,0
-0.299989,0
-0.29998,0
-0.299968,0
-0.299954,0
-0.299936,0
-0.299916,0
-0.299893,0
-0.299868,0
-0.29984,0
-0.299809,0
-0.299775,0
-0.299739,0
-0.2997,0
-0.299658,0
-0.299614,0
-0.299566,0
-0.299516,0
-0.299464,0
-0.299408,0
-0.29935,0
-0.299289,0
-0.299225,0
-0.299159,0
-0.29909,0
-0.299018,0
-0.298944,0
-0.298866,0
-0.298787,0
-0.298704,0
-0.298618,0
-0.29853,0
-0.298439,0
-0.298346,0
-0.29825,0
-0.298151,0
-0.298049,0
-0.297945,0
-0.297838,0
-0.297728,0
-0.297615,0
-0.2975,0
-0.297382,0
-0.297262,0
-0.297139,0
-0.297012,0
-0.296884,0
-0.296752,0
-0.296618,0
-0.296481,0
-0.296342,0
-0.296199,0
-0.296054,0
-0.295907,0
-0.295757,0
-0.295604,0
-0.295448,0
-0.295289,0
-0.295129,0
-0.294965,0
-0.294799,0
-0.294629,0
-0.294457,0
-0.294284,0
-0.294106,0
-0.293926,0
-0.293744,0
-0.293558,0
-0.293371,0
-0.293181,0
-0.292987,0
-0.292791,0
-0.292592,0
-0.292392,0
-0.292188,0
-0.291982,0
-0.291772,0
-0.29156,0
-0.291347,0
-0.291129,0
-0.290909,0
-0.290687,0
-0.290462,0
-0.290235,0
-0.290004,0
-0.289771,0
-0.289535,0
-0.289297,0
-0.289057,0
-0.288813,0
-0.288567,0
-0.288318,0
-0.288066,0
-0.287814,0
-0.287557,0
-0.287297,0
-0.287035,0
-0.28677,0
-0.286505,0
-0.286235,0
-0.285962,0
-0.285687,0
-0.285409,0
-0.285131,0
-0.284848,0
-0.284562,0
-0.284274,0
-0.283983,0
-0.283692,0
-0.283396,0
-0.283097,0
-0.282796,0
-0.282493,0
-0.282188,0
-0.281879,0
-0.281568,0
-0.281254,0
-0.280938,0
-0.28062,0
-0.280299,0
-0.279975,0
-0.279648,0
-0.279319,0
-0.278989,0
-0.278655,0
-0.278318,0
-0.277979,0
-0.277637,0
-0.277294,0
-0.276947,0
-0.276598,0
-0.276246,0
-0.275893,0
-0.275536,0
-0.275177,0
-0.274815,0
-0.27445,0
-0.274085,0
-0.273716,0
-0.273344,0
-0.272969,0
-0.272592,0
-0.272215,0
-0.271833,0
-0.271448,0
-0.271061,0
-0.270672,0
-0.270282,0
-0.269888,0
-0.269491,0
-0.269092,0
-0.26869,0
-0.268289,0
-0.267882,0
-0.267473,0
-0.267062,0
-0.266648,0
-0.266234,0
-0.265815,0
-0.265394,0
-0.26497,0
-0.264544,0
-0.264119,0
-0.263688,0
-0.263255,0
-0.262819,0
-0.262381,0
-0.261943,0
-0.2615,0
-0.261055,0
-0.260608,0
-0.260158,0
-0.259708,0
-0.259254,0
-0.258797,0
-0.258337,0
-0.257876,0
-0.257414,0
-0.256948,0
-0.256479,0
-0.256008,0
-0.255535,0
-0.255062,0
-0.254584,0
-0.254103,0
-0.253621,0
-0.253136,0
-0.252651,0
-0.252162,0
-0.25167,0
-0.251175,0
-0.250679,0
-0.250183,0
-0.249682,0
-0.249179,0
-0.248673,0
-0.248165,0
-0.247658,0
-0.247146,0
-0.246631,0
-0.246114,0
-0.245595,0
-0.245077,0
-0.244554,0
-0.244028,0
-0.2435,0
-0.24297,0
-0.24244,0
-0.241906,0
-0.241369,0
-0.24083,0
-0.240288,0
-0.239748,0
-0.239202,0
-0.238655,0
-0.238105,0
-0.237553,0
-0.237002,0
-0.236445,0
-0.235886,0
-0.235326,0
-0.234763,0
-0.234201,0
-0.233634,0
-0.233065,0
-0.232493,0
-0.23192,0
-0.231347,0
-0.23077,0
-0.23019,0
-0.229608,0
-0.229024,0
-0.228441,0
-0.227853,0
-0.227263,0
-0.22667,0
-0.226076,0
-0.225483,0
-0.224884,0
-0.224284,0
-0.223681,0
-0.223076,0
-0.222473,0
-0.221865,0
-0.221254,0
-0.220641,0
-0.220026,0
-0.219413,0
-0.218794,0
-0.218174,0
-0.217551,0
-0.216926,0
-0.216303,0
-0.215674,0
-0.215044,0
-0.214411,0
-0.213777,0
-0.213144,0
-0.212505,0
-0.211865,0
-0.211223,0
-0.210579,0
-0.209936,0
-0.209288,0
-0.208638,0
-0.207986,0
-0.207333,0
-0.206681,0
-0.206023,0
-0.205364,0
-0.204703,0
-0.204039,0
-0.203378,0
-0.202711,0
-0.202043,0
-0.201372,0
-0.2007,0
-0.20003,0
-0.199354,0
-0.198676,0
-0.197996,0
-0.197315,0
-0.196635,0
-0.19595,0
-0.195264,0
-0.194575,0
-0.193889,0
-0.193197,0
-0.192503,0
-0.191807,0
-0.19111,0
-0.190415,0
-0.189714,0
-0.189011,0
-0.188307,0
-0.187601,0
-0.186897,0
-0.186188,0
-0.185477,0
-0.184764,0
-0.184049,0
-0.183337,0
-0.18262,0
-0.1819,0
-0.181179,0
-0.180456,0
-0.179736,0
-0.17901,0
-0.178282,0
-0.177553,0
-0.176822,0
-0.176093,0
-0.175359,0
-0.174624,0
-0.173886,0
-0.173147,0
-0.172411,0
-0.171669,0
-0.170925,0
-0.17018,0
-0.169433,0
-0.168689,0
-0.167939,0
-0.167188,0
-0.166435,0
-0.165681,0
-0.164929,0
-0.164172,0
-0.163413,0
-0.162653,0
-0.161891,0
-0.161132,0
-0.160367,0
-0.159601,0
-0.158833,0
-0.158064,0
-0.157298,0
-0.156526,0
-0.155752,0
-0.154977,0
-0.154201,0
-0.153428,0
-0.152649,0
-0.151868,0
-0.151086,0
-0.150303,0
-0.149523,0
-0.148737,0
-0.147949,0
-0.147161,0
-0.146371,0
-0.145584,0
-0.144791,0
-0.143997,0
-0.143202,0
-0.142405,0
-0.141612,0
-0.140813,0
-0.140012,0
-0.139211,0
-0.138408,0
-0.137608,0
-0.136802,0
-0.135996,0
-0.135188,0
-0.134378,0
-0.133572,0
-0.132761,0
-0.131948,0
-0.131134,0
-0.130318,0
-0.129507,0
-0.128689,0
-0.12787,0
-0.12705,0
-0.126229,0
-0.125411,0
-0.124588,0
-0.123763,0
-0.122938,0
-0.122111,0
-0.121288,0
-0.120459,0
-0.119628,0
-0.118797,0
-0.117965,0
-0.117136,0
-0.116302,0
-0.115466,0
-0.11463,0
-0.113792,0
-0.112958,0
-0.112119,0
-0.111278,0
-0.110436,0
-0.109593,0
-0.108755,0
-0.10791,0
-0.107064,0
-0.106218,0
-0.10537,0
-0.104526,0
-0.103677,0
-0.102826,0
-0.101975,0
-0.101122,0
-0.100274,0
-0.0994198,0
-0.0985647,0
-0.0977087,0
-0.0968518,0
-0.0959991,0
-0.0951404,0
-0.0942809,0
-0.0934205,0
-0.0925593,0
-0.0917023,0
-0.0908394,0
-0.0899756,0
-0.0891111,0
-0.0882457,0
-0.0873846,0
-0.0865176,0
-0.0856499,0
-0.0847814,0
-0.0839121,0
-0.0830471,0
-0.0821763,0
-0.0813047,0
-0.0804324,0
-0.0795593,0
-0.0786907,0
-0.0778162,0
-0.076941,0
-0.0760651,0
-0.0751885,0
-0.0743163,0
-0.0734384,0
-0.0725598,0
-0.0716805,0
-0.0708057,0
-0.0699251,0
-0.0690439,0
-0.0681621,0
-0.0672796,0
-0.0664017,0
-0.065518,0
-0.0646338,0
-0.0637489,0
-0.0628635,0
-0.0619826,0
-0.061096,0
-0.0602089,0
-0.0593212,0
-0.058433,0
-0.0575494,0
-0.0566601,0
-0.0557703,0
-0.05488,0
-0.0539892,0
-0.0531031,0
-0.0522113,0
-0.0513191,0
-0.0504264,0
-0.0495332,0
-0.0486448,0
-0.0477507,0
-0.0468562,0
-0.0459612,0
-0.0450659,0
-0.0441753,0
-0.0432792,0
-0.0423826,0
-0.0414857,0
-0.0405883,0
-0.0396959,0
-0.0387978,0
-0.0378994,0
-0.0370007,0
-0.0361016,0
-0.0352074,0
-0.0343076,0
-0.0334076,0
-0.0325072,0
-0.0316066,0
-0.0307109,0
-0.0298097,0
-0.0289082,0
-0.0280064,0
-0.0271044,0
-0.0262074,0
-0.0253049,0
-0.0244022,0
-0.0234992,0
-0.0225961,0
-0.021698,0
-0.0207944,0
-0.0198906,0
-0.0189867,0
-0.0180826,0
-0.0171836,0
-0.0162792,0
-0.0153746,0
-0.0144699,0
-0.013565,0
-0.0126653,0
-0.0117602,0
-0.010855,0
-0.00994972,0
-0.00904434,0
-0.00814413,0
-0.00723859,0
-0.00633299,0
-0.00542732,0
-0.00452161,0
-0.00362112,0
-0.00271533,0
-0.00180952,0
-0.000903689,0
